Part Number,Item Number,Product Name,Slug,Category,Brand,Vehicle Type,Product Type,Retail Price,Was Price / MSRP,Rating,Review Count,Compatible Bike Makes,Compatible Bike Models,Fitment Year / Range,Description,Specs & Features,Image URL,Canonical URL
10324912,P1057226,"Pirelli Diablo Supercorsa SP V4 Tires",pirelli-diablo-supercorsa-sp-v4-tires,Tires,Pirelli,"Street / Sportbike","Hypersport Dot / Road Race Dot And Non D / Multi Compound Tire / Dot Tire",199.66,267.55,5.00,37,"Honda, Yamaha, Kawasaki, Suzuki, BMW, Ducati, Triumph, Aprilia","Honda CBR600RR / CBR1000RR, Yamaha YZF-R6 / YZF-R1 / MT-07 / MT-09, Kawasaki Ninja 650 / ZX-6R / ZX-10R, Suzuki GSX-R600 / GSX-R1000, BMW S1000RR, Ducati Monster / Panigale",1998 - 2025,"Pirelli Diablo Supercorsa SP V4 Tires Now on to its fourth generation, completely revised from the ground up, the Pirelli Diablo Supercorsa SPV4 Tires are as close as you can get to a race tire that is still street legal. Using compounds and structure directly pulled from the tires used in the FIM Superbike World Championship. Pirelli's motto is in full display here ""we sell what we race, we race what we sell"" and when you lean into that race spec compound on the shoulder of the tires you'll feel it. Perfectly at home carving your way through a mountain pass or knee down at the track, the Supercorsa SP V4 tires will make you the only thing holding your bike back. Pirelli first started this series of tires to parallel the spirit of the World Superbike Championships, where you can buy the same motorcycles you see at the track for yourself. Then used the lessons learned and experience gained through years of its races to apply back into the design of the tire. Truly a race tire you can enjoy on the street.","FLASH grooves for homogeneous thrust at any lean angle and performance consistency turn after turn Compounds and profiles directly from the FIM World Superbike Championship for ultimate grip and lap time record setting Tire structure directly derived from World SBK Racing profiles directly derived from World SBK Outstanding riding ease, line holding and high speed stability Racing compound on the shoulders and slick road compound in the central band Homogeneous thrust at any lean angle and performance consistency turn after turn Optimized contact patch providing greater traction and precision when cornering Notes : It is recommended to change your valve stem, tube and/or rim strip when installing a new tire. Shop Here! Need your tire mounted? We’ve got you covered! Tire Mount Discount",https://www.cyclegear.com/_a/product_images/2092/9766/pirelli_diablo_supercorsa_spv4_tires.jpg,""
1591883,P673121,"Metzeler CruiseTec Tires",metzeler-cruisetec-tires,Tires,Metzeler,"Cruiser / V-Twin","Customcruisertouring Bi / Customcruisertouring Ra / Cruiser Tire / Harley Tire",153.51,202.45,4.70,415,"Harley-Davidson","Harley Sportster / Harley Fxfxr / Harley Street / Harley Touring / Harley V Rod / Harley Softail / Harley Dyna / Harley Dyna Fat Bo / Harley Dyna Street / Harley Dyna Super / Harley Dyna Switch / Harley Softail Del / Harley Softail Deu / Harley Softail Fat / Harley Softail Her / Harley Softail Nig / Harley Sportster 1 / Harley Sportster 8 / Harley Sportster I / Harley Touring Ele / Harley Touring Roa / Harley Touring Str",1990 - 2025,"Metzeler Cruisetec Tires The Cruisetec is the latest addition to Metzeler's line of cruiser tires. With a new aggressive tread pattern set in dual-compound rubber, the Cruisetec offer supreme handling in both dry and wet conditions. Featuring an all-new carcass specification, the Cruisetec provides excellent, predictable handling and cornering stability throughout corner entry and exit. This performance tire will not only help make use of all the extra power of performance cruisers but also improve the handling characteristics of cruisers of all shapes and pedigrees.","Dual compound rubber provides long lasting grip New compound has excellent grip, wet and dry Hi-performance carcass construction for smooth and predictable handling Tubeless ""I"" spec tire is the OE tire for Indian Challenger. Notes : It is recommended to change your valve stem, tube and/or rim strip when installing a new tire. Shop Here! Need your tire mounted? We’ve got you covered! Tire Mount Discount",https://www.cyclegear.com/_a/product_images/2089/6994/metzeler_cruisetec_tires.jpg,""
10267934,P1025678,"Dunlop Q5S Sportmax Tires",dunlop-q5s-sportmax-tires,Tires,Dunlop,"Street / Sportbike","Hypersport Dot / Multi Compound Tire / Dot Tire / Sportbike Tire",205.99,249.95,4.90,29,"Honda, Yamaha, Kawasaki, Suzuki, BMW, Ducati, Triumph, Aprilia","Honda CBR600RR / CBR1000RR, Yamaha YZF-R6 / YZF-R1 / MT-07 / MT-09, Kawasaki Ninja 650 / ZX-6R / ZX-10R, Suzuki GSX-R600 / GSX-R1000, BMW S1000RR, Ducati Monster / Panigale",1998 - 2025,"Dunlop Q5S Sportmax Tires The Dunlop Sportmax Q5S, in its fifth iteration, arrives as a DOT-compliant tire designed to meet the rigorous demands of both track-day enthusiasts and street riders. This tire is an evolution, drawing upon the favorable elements from the well-received Sportmax Q3+ and Dunlop's advanced MotoAmerica-spec road race tires. It incorporates Dunlop's prime technologies, resulting in a track and street tire that excels without compromise. The Q5S offers enhanced construction, profile, compounds, and tread pattern to deliver lighter, more agile handling and superior grip in both dry and wet conditions, all while providing exceptional feel regardless of the riding environment.","Even more user-friendly, as dry and wet grip, tire compliance, and warm-up times have all been improved New race tire derived compounds provide incredible grip Updated profiles increase footprints at more extreme lean angles to give you more tire on the road for more grip and less slip Made in USA Notes : It is recommended to change your valve stem, tube and/or rim strip when installing a new tire. Shop Here! Need your tire mounted? We’ve got you covered! Tire Mount Discount",https://www.cyclegear.com/_a/product_images/1919/9885/dunlop_q5_s_sportmax_tires_1800x1800.jpg,""
10202407,P986108,"Pirelli Diablo Rosso IV Corsa Tires",pirelli-diablo-rosso-iv-corsa-tires,Tires,Pirelli,"Street / Sportbike","Hypersport Dot / Dot Tire / Sportbike Tire / Multi Compound Tire",162.16,224.92,4.90,50,"Honda, Yamaha, Kawasaki, Suzuki, BMW, Ducati, Triumph, Aprilia","Honda CBR600RR / CBR1000RR, Yamaha YZF-R6 / YZF-R1 / MT-07 / MT-09, Kawasaki Ninja 650 / ZX-6R / ZX-10R, Suzuki GSX-R600 / GSX-R1000, BMW S1000RR, Ducati Monster / Panigale",1998 - 2025,"Pirelli Diablo Rosso IV Corsa Tires The fiercer version of the Diablo Rosso IV, the Diablo Rosso IV Corsa is intended for thrill seekers and bike-tuning enthusiasts looking for more than a supersport tire. Experience higher grip in dry conditions, enhanced hard handling and consistent performance even after multiple hard riding sessions.","Designed for supersport, naked and crossover motorcycles for aggressive road use Outstanding cornering support at extreme lean angles Increased tire solidity and lateral thrust while cornering Reduced number of lateral grooves, more rubber to the road at mid-lean Dual compound layout with soft shoulders for both front and rear tires Blackwall Tubeless (TL) W-rated for speeds of 168+ MPH Notes : It is recommended to change your valve stem, tube and/or rim strip when installing a new tire. Shop Here! Need your tire mounted? We’ve got you covered! Tire Mount Discount",https://www.cyclegear.com/_a/product_images/1829/6167/pirelli_diablo_rosso_iv_corsa_tires.jpg,""
1035046,P302824,"Dunlop Sportmax GPR300 Tires",dunlop-sportmax-gpr300-tires,Tires,Dunlop,"Street / Sportbike","Hypersport Dot / Sportbike Tire / Dot Tire",125.99,160.95,4.70,84,"Honda, Yamaha, Kawasaki, Suzuki, BMW, Ducati, Triumph, Aprilia","Honda CBR600RR / CBR1000RR, Yamaha YZF-R6 / YZF-R1 / MT-07 / MT-09, Kawasaki Ninja 650 / ZX-6R / ZX-10R, Suzuki GSX-R600 / GSX-R1000, BMW S1000RR, Ducati Monster / Panigale",1998 - 2025,"Dunlop Sportmax GPR300 Tires The Sportmax GPR-300 is a high-performance choice for smaller sport bikes that want the most out of their tires.","Radial tire technology helps to provide enhanced grip in wet and dry conditions Optimized construction to enhance handling and responsiveness for street-going sport riding Advanced belt design and Jointless Band (JLB) rear tire construction utilizes a continuously wound belt for smooth performance and a consistent tire contact patch Aggressive sport-derived tread pattern for enhanced on-bike appearance Notes : It is recommended to change your valve stem, tube and/or rim strip when installing a new tire. Shop Here! Need your tire mounted? We’ve got you covered! Tire Mount Discount",https://www.cyclegear.com/_a/product_images/1836/0773/dunlop_sportmax_gpr300_tires_rear.jpg,""
1088358,P326475,"Pirelli Diablo Rosso III Tires",pirelli-diablo-rosso-iii-tires,Tires,Pirelli,"Street / Sportbike","Hypersport Dot / Sportbike Tire / Multi Compound Tire / Dot Tire",140.32,185.74,4.90,49,"Honda, Yamaha, Kawasaki, Suzuki, BMW, Ducati, Triumph, Aprilia","Honda CBR600RR / CBR1000RR, Yamaha YZF-R6 / YZF-R1 / MT-07 / MT-09, Kawasaki Ninja 650 / ZX-6R / ZX-10R, Suzuki GSX-R600 / GSX-R1000, BMW S1000RR, Ducati Monster / Panigale",1998 - 2025,"Pirelli Diablo Rosso III Rear Tires","Pirelli technology from the World Superbike Championship Unprecedented handling for a generation of sport behavior WSBK-derived profile for agile response, quick turn-in and transitions ""Flash"" racing tread pattern promotes uniform wear for performance consistency throughout the tire's life Bi-compound design with a wide race compound strip offering full grip from mid-lean angle High-performance silica compounds improve grip across a wide range of temperatures for optimal grip in all conditions Large footprint area for improved adherence Blackwall Tubeless (TL) W-rated for speeds of 168+ MPH Notes : It is recommended to change your valve stem, tube and/or rim strip when installing a new tire. Shop Here! Need your tire mounted? We’ve got you covered! Tire Mount Discount",https://www.cyclegear.com/_a/product_images/1418/2506/pirelli_diablo_rosso_iii_front_tires.jpg,""
1776952,P824886,"Dunlop Trailmax Mission Tires",dunlop-trailmax-mission-tires,Tires,Dunlop,"Adventure / Dual Sport","Dual Road Bias Dot / 60 On Road 40 Off Road / 50 On Road 50 Off Road / Dual Sport Tire",163.99,199.95,4.70,279,"Honda, Yamaha, KTM, Kawasaki, Suzuki, Husqvarna, GasGas","Honda CRF250R / CRF450R, Yamaha YZ250F / YZ450F, KTM 250 SX-F / 450 SX-F, Kawasaki KX250 / KX450, Suzuki RM-Z250 / RM-Z450, Husqvarna FC 250 / FC 450",1995 - 2025,"Dunlop Trailmax Mission Tires The Dunlop Trailmax Mission Tire is a ""50/50"" adventure tire that is ready for even the biggest ADV rigs. Dunlop's ""Staggered Step"" tread pattern delivers sure-footed wet weather road carving and predictable grip on the trails via the large, deep tread pattern. Tread blocks that wrap up and around the sidewall increase puncture resistance and traction while adding to the tire's technical appearance. Revised rubber compounds help extend tire life.","50% on-road and 50% off-road performance Tread blocks feature Dunlop's ""Staggered Step"" design Wraparound lugs reduce punctures and add grip Deep grooves improve wet weather grip and offer a more aggressive biting edge off-road Improved tread compounds balance off-road performance with class leading mileage Notes : It is recommended to change your valve stem, tube and/or rim strip when installing a new tire. Shop Here! Need your tire mounted? We’ve got you covered! Tire Mount Discount",https://www.cyclegear.com/_a/product_images/1353/3029/dunlop_trailmax_mission_tires.jpg,""
1790970,P836176,"Michelin Commander III Cruiser Tires",michelin-commander-iii-cruiser-tires,Tires,Michelin Tires,"Adventure / Dual Sport / Cruiser / V-Twin","Customcruisertouring Ra / Cruiser Tire / Harley Tire / Touring Tire",170.99,229.99,4.70,226,"Harley-Davidson","Harley Sportster / Harley Fxfxr / Harley Street / Harley Touring / Harley V Rod / Harley Softail / Harley Dyna / Harley Dyna Fat Bo / Harley Dyna Street / Harley Dyna Super / Harley Dyna Switch / Harley Softail Del / Harley Softail Deu / Harley Softail Fat / Harley Softail Her / Harley Softail Nig / Harley Sportster 1 / Harley Sportster 8 / Harley Sportster I / Harley Touring Ele / Harley Touring Roa / Harley Touring Str",1990 - 2025,"Michelin Commander 3 Cruiser Tires Engineered for V-twin and custom cruisers seeking head turning style and trusted performance Silica Rain Technology for outstanding wet grip and even wear patterns Amplified Density Technology for sharp handling and solid road feedback Aramid fiber crown ply for durability, high speed stability and reduced weight Improved wet performance and legendary mileage, even better than the Commander II Optimized tread grooves effectively channel water for excellent wet road confidence Premium ''velvet'' sidewall detailing enhances your bike's custom look Square bead wires for improved rigidity, handling and straightforward installation Available in ""Reinforced"" for heavyweight touring bikes, two-up riding, or when required by OEM specifications Please Note: The Commander III ""Touring"" and Commander III ""Cruiser"" are unique tires. Each model features a specific set of sizes, distinct sidewall designs and slightly different tread patterns. Notes : It is recommended to change your valve stem, tube and/or rim strip when installing a new tire. Shop Here! Need your tire mounted? We’ve got you covered! Tire Mount Discount The Michelin Commander III Cruiser Tire carries forward the legacy of its legendary predecessor, the Commander II, setting a new standard for V-twin and custom cruiser tires. True to Michelin's 'Total Performance' promise, the Commander III Cruiser delivers an unbeatable combination of dry road authority, enhanced wet weather grip and exceptional longevity. Building on the Commander II's renowned durability (proven capable of up to 25,000 miles), this new generation tire gives cruiser riders the confidence to roll on, backed by performance that doesn't quit and looks that turn heads. It’s the new legend for your cruiser. Exceptional Longevity Building on legendary mileage, the Commander III Cruiser offers even greater tread life. Silica Rain Tech ensures even wear, while the aramid ply adds durability for countless miles of style. Solid Handling & Stability Amplified Density Technology provides a rigid casing for excellent feedback and responsive handling. The high density carcass and aramid plies ensure V-twin stability and nimble control on any road. Confident Wet Grip Ride confidently in the rain. Silica Rain Technology delivers outstanding wet grip, while deep tread grooves efficiently evacuate water. Stay planted and in control, whatever the weather. Cruiser Style & Performance Get the complete package with impressive grip, long tread life and stable handling. The unique tread pattern and premium 'velvet' sidewalls ensure your V-twin looks as great as it performs.","N/A",https://www.cyclegear.com/_a/product_images/2062/5096/michelin_commander_iii_cruiser_tires.jpg,""
10144070,P955302,"Michelin Road 6 Tires",michelin-road-6-tires,Tires,Michelin Tires,"Adventure / Dual Sport / Street / Sportbike","Sport Touring Radial Do / Touring Tire / Sportbike Tire / Multi Compound Tire",208.99,284.95,4.70,292,"BMW, KTM, Honda, Yamaha, Triumph, Suzuki, Ducati, Kawasaki, Husqvarna","BMW R1200GS / R1250GS / F850GS, KTM 1290 Super Adventure / 890 Adventure, Honda Africa Twin / CRF300L, Yamaha Ténéré 700, Triumph Tiger 900 / 1200, Suzuki V-Strom 650, Kawasaki KLR650",2000 - 2025,"Michelin Road 6 Tires Patented Water Evergrip Tech tread pattern for exceptional water evacuation Patented Silica Technology tread compound for consistent grip Michelin's 2CT+ Tech (front and rear) for better rigidity and stability through corners for confident handling Delivers 15% more wet grip than Road 5 Delivers 10% longer tread life than the Road 5 Superb grip in both wet and dry conditions Designed for consistent performance throughout the tire's life Notes : It is recommended to change your valve stem, tube and/or rim strip when installing a new tire. Shop Here! Need your tire mounted? We’ve got you covered! Tire Mount Discount The Michelin Road 6 continues the legendary Road series, offering exceptional cornering and mileage, rain or shine. Featuring 2CT+ Tech in front and rear for enhanced lean rigidity and cornering stability, the Road 6 embodies two decades of innovation for the ultimate all around street tire. Exceptional Wet Grip Ride confidently in the wet. The Road 6 combines Silica Technology and Water Evergrip Tech for 15% more wet grip than the Road 5. Experience secure handling and improved braking, keeping you connected in any weather. Confident Cornering Conquer turns with the Road 6. Now with 2CT+ Technology in both front and rear tires, experience enhanced lean rigidity and stability. Enjoy precise feedback and confident control through every corner. Proven Reliability Go the distance with the Road 6. Enjoy 10% longer tread life than the Road 5, thanks to two decades of Michelin innovation. This tire offers lasting performance and reliability for countless miles of riding. Legendary Performance The Road 6 continues its iconic lineage, elevating the renowned Road series performance. It delivers an unmatched blend of grip, longevity, and stability, making it the ultimate all around tire for diverse street riding.","N/A",https://www.cyclegear.com/_a/product_images/2062/6830/michelin_road6_tires.jpg,""
880485,P237529,"Pirelli Angel GT Tires",pirelli-angel-gt-tires,Tires,Pirelli,"Street / Sportbike / Adventure / Dual Sport","Sport Touring Radial Do / Sportbike Tire / Touring Tire / Dot Tire",162.48,221.68,4.70,116,"BMW, KTM, Honda, Yamaha, Triumph, Suzuki, Ducati, Kawasaki, Husqvarna","BMW R1200GS / R1250GS / F850GS, KTM 1290 Super Adventure / 890 Adventure, Honda Africa Twin / CRF300L, Yamaha Ténéré 700, Triumph Tiger 900 / 1200, Suzuki V-Strom 650, Kawasaki KLR650",2000 - 2025,"Pirelli Angel GT Tires The Pirelli Angel GT Tires have been setting a higher standard for sport touring and commuter bikes. Featuring high mileage along with legendary Pirelli performance, the Angel GT Tires are the perfect addition to modern sport and sport touring bikes. The dual compound gives you the performance and handling you need in the corners, while the center of the tire provides longer tire life and superior traction.","(W)-rated for speeds of 168+ mph (V)-rated for speeds up to 149 mph Ideal for sport riders looking for increased mileage without sacrificing grip and traction Extended Mileage Sport (EMS) tires provide best-in-class for mileage and grip Rear tires feature new Bi-compound formula improves cornering traction Available in ""Reinforced"" for heavyweight touring bikes, two-up riding, or when required by OEM specifications ""A Spec"" tires feature a reinforced, 2-ply carcass Improved wet grip Tubeless Notes : It is recommended to change your valve stem, tube and/or rim strip when installing a new tire. Shop Here! Need your tire mounted? We’ve got you covered! Tire Mount Discount",https://www.cyclegear.com/_a/product_images/0048/3727/pirelli_angel_gt_front_tires.jpg,""
270696,P72274,"Shinko 777 Cruiser Tires",shinko-777-cruiser-tires,Tires,Shinko Tires,"Cruiser / V-Twin","Cruiser Tire / Harley Tire / Dot Tire",89.21,104.95,4.80,1266,"Harley-Davidson","Harley Sportster / Harley Fxfxr / Harley Street / Harley Touring / Harley V Rod / Harley Softail / Harley Dyna / Harley Dyna Fat Bo / Harley Dyna Street / Harley Dyna Super / Harley Dyna Switch / Harley Softail Del / Harley Softail Deu / Harley Softail Fat / Harley Softail Her / Harley Softail Nig / Harley Sportster 1 / Harley Sportster 8 / Harley Sportster I / Harley Touring Ele / Harley Touring Roa / Harley Touring Str",1990 - 2025,"Shinko 777 Tires The Shinko 777 is available in a multitude of sizes to fit many V-Twin and metric cruiser models.","The 777 was designed specifically for cruiser model bikes Rubber compound provides more mileage with great wet and dry grip Tread design includes functional siping and grooves for superior traction in wet and dry riding conditions Confidence inspiring traction you can feel when accelerating, braking and cornering Aramid belted provides ample load capacity while also giving more stability Unleash the handling potential of you cruiser motorcycle Tread compound designed for a great combination of traction and mileage Directional tread pattern offers excellent wet and dry traction H rated 4 or 6 ply construction Tubeless Select sizes available with reflective sidewall for nighttime visibility Available in ""Reinforced"" for heavyweight touring bikes, two-up riding, or when required by OEM specifications Notes : It is recommended to change your valve stem, tube and/or rim strip when installing a new tire. Shop Here! Need your tire mounted? We’ve got you covered! Tire Mount Discount",https://www.cyclegear.com/_a/product_images/2090/1073/shinko777_cruiser_tires.jpg,""
1841637,P865273,"Bridgestone Battlax BT46 Sport Touring Tires",bridgestone-battlax-bt46-sport-touring-tires,Tires,Bridgestone,"Cafe / Cruiser / V-Twin","Sport Touring Bias Dot / Cruiser Tire / Harley Tire / Vintage Tire",157.82,220.25,4.70,47,"Harley-Davidson","Touring",1990 - 2025,"Bridgestone Battlax BT-46 Sport Touring Tires Upgrading an icon is never easy. The Bridgestone BT46 Sport Touring Tire replaces and improves the long-standing BT45 Tire with the latest tire technology. Using ""Silica Rich EX"" technology, performance in wet conditions is improved by increasing the amount of silica. This grippy compound is then processed further using Bridgestone's RC Polymer construction method to optimize the distribution of silica within the rubber compound. This improves tread flexibility allowing greater contact with the road surface in both hot and cold conditions. The reduction in molecular friction also improves rolling resistance and boosts fuel economy. Capturing a new set of riders, the BT46 is also available in popular vintage sportbike tire sizes. These sizes achieve a higher ""V"" speed rating.","Bias-ply construction designed for touring bikes and vintage sport motorcycles Common vintage sportbike sizes rated to ""V"" speed rating Silica Rich EX single compound composition RC Polymer construction technology NanoPro-Tech controlled micro structure Long-lasting compound on rear applications Increased wet performance All sizes tubeless (TL) Notes : It is recommended to change your valve stem, tube and/or rim strip when installing a new tire. Shop Here! Need your tire mounted? We’ve got you covered! Tire Mount Discount",https://www.cyclegear.com/_a/product_images/1450/2464/bridgestone_battlax_bt46_sport_touring_tires.jpg,""
10375972,P1083803,"Michelin Power 6 Tires",michelin-power-6-tires,Tires,Michelin Tires,"Street / Sportbike","Dot Tire / Sportbike Tire",186.99,248.95,4.90,43,"Honda, Yamaha, Kawasaki, Suzuki, BMW, Ducati, Triumph, Aprilia","Honda CBR600RR / CBR1000RR, Yamaha YZF-R6 / YZF-R1 / MT-07 / MT-09, Kawasaki Ninja 650 / ZX-6R / ZX-10R, Suzuki GSX-R600 / GSX-R1000, BMW S1000RR, Ducati Monster / Panigale",1998 - 2025,"Michelin Power 6 Tires Michelin's premium sport bike tire designed for exhilarating road performance Optimized grip for both wet and dry conditions, ensuring confidence in every ride Delivers precise handling and improved road feedback for a superior riding experience Utilizes development tools and insights derived from MotoGP technology 100% road focused performance, building on the success of the acclaimed Power 5 Suitable for a wide range of sport bikes with engines exceeding 300cc Please Note: The Michelin Power 5 and Michelin Pilot Power 2CT lines will continue to be available for the foreseeable future. Notes : It is recommended to change your valve stem, tube and/or rim strip when installing a new tire. Shop Here! Need your tire mounted? We’ve got you covered! Tire Mount Discount Unleash the full potential of your sport bike with the Michelin Power 6, the latest evolution in street riding tire technology. Building on the acclaimed performance of the Power 5, the Power 6 is meticulously engineered for riders who demand optimal road performance, whether carving through dry corners or navigating challenging wet conditions. With an emphasis on razor sharp handling and enhanced road feedback, this tire leverages MotoGP derived development insights to deliver an unparalleled riding experience. Designed for bikes over 300cc, the Power 6 is the new benchmark for sporty road riding. Superb Grip And Sharp Handling Experience exceptional wet and dry grip with the Power 6's advanced compounds. Enjoy precise, agile handling and enhanced road feedback for a connected, confidence inspiring ride in all conditions. Race Inspired Road Dominance Leveraging MotoGP development insights, the Power 6 sets a new benchmark. Succeeding the Power 5, it offers peak performance in handling, grip and feedback. Upgrade to Power 6 for the ultimate street riding experience.","N/A",https://www.cyclegear.com/_a/product_images/2190/2815/michelin_power6_tires.jpg,""
10089759,P921242,"Pirelli Diablo Rosso IV Tires",pirelli-diablo-rosso-iv-tires,Tires,Pirelli,"Street / Sportbike","Hypersport Dot / Dot Tire / Sportbike Tire / Multi Compound Tire",153.76,206.01,4.90,75,"Honda, Yamaha, Kawasaki, Suzuki, BMW, Ducati, Triumph, Aprilia","Honda CBR600RR / CBR1000RR, Yamaha YZF-R6 / YZF-R1 / MT-07 / MT-09, Kawasaki Ninja 650 / ZX-6R / ZX-10R, Suzuki GSX-R600 / GSX-R1000, BMW S1000RR, Ducati Monster / Panigale",1998 - 2025,"Pirelli Diablo Rosso 4 Tires Pirelli infuses technology from the World Superbike Championship into their Diablo Rosso IV tires. Designed with unprecedented handling, this is the evolution of sport riding.","WSBK-derived profile for agile response, quick turn-in and transitions Designed for supersport, naked and crossover motorcycles for aggressive road use Outstanding grip on both wet and dry roads High-performance silica-enriched multi-compounds improve grip across a wide range of temperatures for optimal grip in all conditions Large contact patch for improved adherence Blackwall Tubeless (TL) W-rated for speeds of 168+ MPH Notes : It is recommended to change your valve stem, tube and/or rim strip when installing a new tire. Shop Here! Need your tire mounted? We’ve got you covered! Tire Mount Discount",https://www.cyclegear.com/_a/product_images/1590/8828/pirelli_diablo_rosso_iv_tires.jpg,""
10482241,P1132893,"Dunlop Sportmax Q5A Tires",dunlop-sportmax-q5a-tires,Tires,Dunlop,"Street / Sportbike / Cafe / Adventure / Dual Sport","Hypersport Dot / Dot Tire / Touring Tire / Sportbike Tire",146.99,183.95,4.80,5,"BMW, KTM, Honda, Yamaha, Triumph, Suzuki, Ducati, Kawasaki, Husqvarna","BMW R1200GS / R1250GS / F850GS, KTM 1290 Super Adventure / 890 Adventure, Honda Africa Twin / CRF300L, Yamaha Ténéré 700, Triumph Tiger 900 / 1200, Suzuki V-Strom 650, Kawasaki KLR650",2000 - 2025,"Dunlop Sportmax Q5A Tires The Sportmax Q5A tire provides unmatched riding performance by advancing the proven designs of Dunlop's iconic Roadsport and Q Series lines. With Multi-Tread technology, this tire achieves a balance between durability and dexterity, featuring a long-lasting compound at the center and high-adhesion materials on the sides for superior handling and grip. The utilization of Jointless Belt technology in both the front and rear tires enhances comfort, curtails expansion at high velocities, and delivers remarkable stability and feedback. Additionally, an innovative compound that incorporates Carbon R and Hi Silica X has been introduced to enhance grip under both dry and wet conditions.","Enhanced wet and dry grip Outstanding mileage without sacrificing handling or grip Multi-Tread technology - long-wearing compound in the center of the rear tread flanked by lateral-grip compounds Jointless Belt (JBL) technology - improves compliance and comfort, reduces dynamic growth at high speeds and provides exceptional feel and stability New compound implements Carbon R and Hi Silica X to increase both dry and wet grip performance Notes : It is recommended to change your valve stem, tube and/or rim strip when installing a new tire. Shop Here! Need your tire mounted? We’ve got you covered! Tire Mount Discount",https://www.cyclegear.com/_a/product_images/2385/8119/dunlop11070_r17_mc54_h_dun_sportmax_q5_abltl_1800x1800.jpg,""
594633,P148939,"Shinko 705 Dual Sport Tires",shinko-705-dual-sport-tires,Tires,Shinko Tires,"Adventure / Dual Sport","80 On Road 20 Off Road / Dual Sport Tire / Touring Tire / Dot Tire",92.61,108.95,4.50,438,"Honda, Yamaha, KTM, Kawasaki, Suzuki, Husqvarna, GasGas","Honda CRF250R / CRF450R, Yamaha YZ250F / YZ450F, KTM 250 SX-F / 450 SX-F, Kawasaki KX250 / KX450, Suzuki RM-Z250 / RM-Z450, Husqvarna FC 250 / FC 450",1995 - 2025,"Shinko 705 Dual Sport Tires Designed for 80% street and 20% trail riding, the Shinko 705 has a versatile tread pattern for everything from the trail to the highway.","Rubber compound resists tearing during off road use 4-ply construction Front/Rear indicates that tire can go on either the front or rear on the bike Tires are bias ply except where indicated 150/70R18 TL 70V is a radial tire Notes : It is recommended to change your valve stem, tube and/or rim strip when installing a new tire. Shop Here! Need your tire mounted? We’ve got you covered! Tire Mount Discount",https://www.cyclegear.com/_a/product_images/0141/6069/shinko705_dual_sport_tires.jpg,""
10390105,P1089431,"Bridgestone Battlax Hypersport S23 Tires",bridgestone-battlax-hypersport-s23-tires,Tires,Bridgestone,"Street / Sportbike","Sportbike Tire / Hypersport Dot / Dot Tire / Multi Compound Tire",172.00,229.25,4.80,25,"Honda, Yamaha, Kawasaki, Suzuki, BMW, Ducati, Triumph, Aprilia","Honda CBR600RR / CBR1000RR, Yamaha YZF-R6 / YZF-R1 / MT-07 / MT-09, Kawasaki Ninja 650 / ZX-6R / ZX-10R, Suzuki GSX-R600 / GSX-R1000, BMW S1000RR, Ducati Monster / Panigale",1998 - 2025,"Bridgestone Battlax Hypersport S23 Tires Building upon the achievements of the Hypersport S22, the Bridgestone Battlax Hypersport S23 Tires elevate performance with heightened levels of grip in both dry and wet conditions. These tires boast an updated tread pattern and a newly formulated compound, specifically tailored to meet the demands of contemporary sport bikes.","Outstanding stability at high speeds from tuned front and rear MS Belt construction Excellent wet and dry grip at high lean angles due to new shoulder compound Superb handling and dry grip due to new front and rear tread patterns Contact patch optimized through Ultimat-Eye analysis Tubeless (TL) design in all sizes Need your tire mounted? We’ve got you covered! Tire Mount Discount",https://www.cyclegear.com/_a/product_images/2214/8883/bridgestone_battlax_hypersport_s23_tires.jpg,""
158448,P209884,"Dunlop D404 Tires",dunlop-d404-tires,Tires,Dunlop,"Cruiser / V-Twin","Customcruisertouring Bi / Cruiser Tire / Dot Tire",93.99,127.95,4.70,957,"Harley-Davidson, Honda, Yamaha, Indian, Kawasaki, Suzuki, Victory","Harley (Sportster, Softail, Dyna, Street Glide, Road King, Fat Boy), Honda Shadow / VTX, Yamaha V-Star / Bolt, Indian Scout / Chief, Kawasaki Vulcan, Suzuki Boulevard",1990 - 2025,"Dunlop D404 Rear Tires","WWW for a whitewall Tread compound delivers excellent balance of mileage and grip Tread patterns designed to deliver outstanding water evacuation and wet grip Bias-ply construction designed to deliver excellent load-carrying capacity as well as a smooth ride for maximum comfort Offset center groove delivers excellent straight-line stability Value priced for a wide range of motorcycles Note: The D404 is not meant to be used on Harley-Davidson motorcycles due to the tires' lower load capacity ratings. Please see the Dunlop Harley-Davidson D402/401 series tires for increased load capacity. Notes : It is recommended to change your valve stem, tube and/or rim strip when installing a new tire. Shop Here! Need your tire mounted? We’ve got you covered! Tire Mount Discount",https://www.cyclegear.com/_a/product_images/0034/0845/DT-D404-025_is.jpg,""
1588626,P647865,"Michelin Anakee Adventure Tires",michelin-anakee-adventure-tires,Tires,Michelin Tires,"Adventure / Dual Sport","80 On Road 20 Off Road / Dual Sport Tire / Touring Tire / Multi Compound Tire",161.99,249.99,4.50,167,"Honda, Yamaha, KTM, Kawasaki, Suzuki, Husqvarna, GasGas","Honda CRF250R / CRF450R, Yamaha YZ250F / YZ450F, KTM 250 SX-F / 450 SX-F, Kawasaki KX250 / KX450, Suzuki RM-Z250 / RM-Z450, Husqvarna FC 250 / FC 450",1995 - 2025,"Michelin Anakee Adventure Tires Situated comfortably between the off-road biased 50/50 Anakee Wild tires and road biased 90/10 Anakee 3 tires, the 80/20 Anakee Adventure stands poised to handle hard-packed trail and any paved roads from there in between. Michelin's proven 2CT and 2CT+ compounds offer excellent grip on wet and dry tarmac. Front applications feature 2CT technology with two different silica blends - one down the center of the tread and the second on the shoulders. This gives excellent traction at a range of lean angles, especially in wet conditions. On the back tire, 2CT+ technology is applied by layering different durometers of rubber around the main contact patch - enhancing the tire’s rigidity, stability at high speeds and ability to handle off-road terrain under load.The tread pattern gradually gets deeper along the sides for better traction on wet terrain.","80% on-road / 20% off-road 2CT and 2CT+ compounds Fitment for popular ADV bikes including the BMW R1200GS Notes : It is recommended to change your valve stem, tube and/or rim strip when installing a new tire. Shop Here! Need your tire mounted? We’ve got you covered! Tire Mount Discount",https://www.cyclegear.com/_a/product_images/2063/2746/michelin_anakee_adventure_tires.jpg,""
10482253,P1132895,"Dunlop AE2 Tires",dunlop-ae2-tires,Tires,Dunlop,"Cruiser / V-Twin","Customcruisertouring Bi / Customcruisertouring Ra / Dot Tire / Multi Compound Tire",180.99,218.95,4.60,52,"Harley-Davidson","Harley (Sportster, Softail, Dyna, Street Glide, Road King, Fat Boy), Honda Shadow / VTX, Yamaha V-Star / Bolt, Indian Scout / Chief, Kawasaki Vulcan, Suzuki Boulevard",1990 - 2025,"Dunlop American Elite 2 Tires The AE2 tires mark an evolution from the iconic American Elite series, delivering a refreshed aesthetic with an optimized tread pattern and an updated compound formulation. This tire is crafted to extend mileage while improving performance in wet conditions. Utilizing Multi-Tread™ technology, the AE2 features a durable compound at the center of the rear tire, bordered by compounds designed for superior lateral grip. This not only ensures impressive longevity but also does not compromise on handling or traction. An enhancement in tread pattern design contributes to better wear distribution and increased mileage. Both the front and rear tires have been formulated with advanced compounds that bolster resistance to wear and performance during wet weather. The tires' construction employs a cut-breaker design, providing a sturdy casing that effortlessly supports the weights and torques of a wide array of motorcycles, from the latest to older models, across cruiser, v-twin, and touring categories.","Optimized tread pattern Updated compound formula for improved wear resistance and wet-weather performance Multi-Tread technology - long-wearing compound in the center of the rear tread flanked by lateral-grip compounds Cut-breaker construction provides robust casing to handle weights and torques of most v-twin, cruiser and touring motorcycles Notes : It is recommended to change your valve stem, tube and/or rim strip when installing a new tire. Shop Here! Need your tire mounted? We’ve got you covered! Tire Mount Discount",https://www.cyclegear.com/_a/product_images/2406/1208/dunlop_ae2_tires.jpg,""
1790985,P836177,"Michelin Commander III Touring Tires",michelin-commander-iii-touring-tires,Tires,Michelin Tires,"Cruiser / V-Twin / Adventure / Dual Sport","Cruiser Tire / Harley Tire / Touring Tire / Dot Tire",173.99,229.99,4.70,595,"Harley-Davidson","Harley Sportster / Harley Fxfxr / Harley Street / Harley Touring / Harley V Rod / Harley Softail / Harley Dyna / Harley Dyna Fat Bo / Harley Dyna Street / Harley Dyna Super / Harley Dyna Switch / Harley Softail Del / Harley Softail Deu / Harley Softail Fat / Harley Softail Her / Harley Softail Nig / Harley Sportster 1 / Harley Sportster 8 / Harley Sportster I / Harley Touring Ele / Harley Touring Roa / Harley Touring Str / Touring",1990 - 2025,"Michelin Commander 3 Touring Tires Engineered for V-twin and cruiser touring motorcycles seeking exceptional longevity and all weather performance Silica Rain Technology for remarkable wet grip and prevention of uneven wear patterns Amplified Density Technology in the casing for enhanced rider feedback, handling and maneuverability Aramid fiber crown ply for increased durability, stability at speed and reduced tire mass Delivers improved wet weather performance and even greater longevity than the acclaimed Commander II Numerous longitudinal tread grooves optimize water dispersal for superior wet traction Premium ''velvet'' sidewall detailing for a distinctive, stylish look that complements cruiser aesthetics Square bead wires improve casing rigidity, handling and ease of installation Available in ""Reinforced"" for heavyweight touring bikes, two-up riding, or when required by OEM specifications Please Note: The Commander III ""Touring"" and Commander III ""Cruiser"" are unique tires. Each model features a specific set of sizes, distinct sidewall designs and slightly different tread patterns. Notes : It is recommended to change your valve stem, tube and/or rim strip when installing a new tire. Shop Here! Need your tire mounted? We’ve got you covered! Tire Mount Discount The Michelin Commander III Touring Tire continues the legacy of its renowned predecessor, the Commander II, elevating the standards for V-twin and cruiser touring tires. Embodying Michelin's 'Total Performance' philosophy, the Commander III Touring is engineered to deliver an exceptional balance of dry grip, significantly enhanced wet weather performance and even greater longevity. Building on the Commander II's proven mileage, capable of covering up to 25,000 miles in Michelin's testing on a Harley Davidson Electra Glide Classic, this new generation tire offers riders unparalleled durability without compromising on traction or handling. This is the new benchmark for long distance touring excellence. Class Leading Mileage Hit the open road with the Commander III Touring, designed for exceptional longevity. Building on the legacy of the Commander II's impressive mileage, verified up to 25,000 miles, this tire aims for even greater distances. Silica Rain Technology helps prevent uneven wear and the aramid fiber crown ply boosts durability for countless miles of adventure. Stable, Precise Handling Ride with confidence due to the Commander III Touring's advanced design. Amplified Density Technology provides a rigid casing for excellent feedback and responsive handling. The high density carcass improves maneuverability and aramid tread plies ensure stability by resisting centrifugal growth. Square bead wires further enhance rigidity for precise control and easier fitting. Confident Rain Performance Don't let rain stop your ride. The Commander III Touring offers greatly improved rain grip. Silica Rain Technology provides outstanding grip on damp roads and the longitudinal tread grooves efficiently clear water. This ensures confident traction and control, whatever the weather. Total Performance & Style The Commander III Touring embodies Michelin's 'Total Performance' with no compromises. Expect impressive dry grip, superior wet traction and exceptional tire life. Beyond its leading performance, it features a unique tread pattern and premium 'velvet' sidewalls for a stylish look that complements your V-twin or cruiser.","N/A",https://www.cyclegear.com/_a/product_images/2062/5929/michelin_commander_iii_touring_tires.jpg,""
10005454,P875049,"Dunlop Roadsmart 4 Tires",dunlop-roadsmart-4-tires,Tires,Dunlop,"Adventure / Dual Sport","Sport Touring Radial Do / Dual Road Radial Dot / Touring Tire / Multi Compound Tire",230.83,290.95,4.80,58,"BMW, KTM, Honda, Yamaha, Triumph, Suzuki, Ducati, Kawasaki, Husqvarna","BMW R1200GS / R1250GS / F850GS, KTM 1290 Super Adventure / 890 Adventure, Honda Africa Twin / CRF300L, Yamaha Ténéré 700, Triumph Tiger 900 / 1200, Suzuki V-Strom 650, Kawasaki KLR650",2000 - 2025,"Dunlop Roadsmart 4 Tires Dunlop's Roadsmart 4 tires eliminate compromise for riders. They've improved mileage by 23% for the front and 26% for the rear with new technology, enhancing grip, comfort, and confidence in twisty roads. The new compound features Hi Silica X and Fine Carbon for wet grip and stopping power, while sidewall improvements enhance dry and wet handling comfort. The rear tires utilize Multi Tread Technology for longer-lasting center compounds and exceptional grip on the shoulders. Plus, revamped profiles offer 15% lighter steering for a more effortless and fatigue-free ride. Say goodbye to compromise and hit the road!","Hi Silica X and Fine Carbon technology to increase grip and decrease stopping distance in the wet Multi Tread Compound design helps top level performance throughout the life of the tire All new bead profile improves traction and slide control by minimizing buckling at full lean 15% lighter steering Notes : It is recommended to change your valve stem, tube and/or rim strip when installing a new tire. Shop Here! Need your tire mounted? We’ve got you covered! Tire Mount Discount",https://www.cyclegear.com/_a/product_images/1471/5980/dunlop_roadsmart4.jpg,""
817463,P210011,"Michelin Commander II Tires",michelin-commander-ii-tires,Tires,Michelin Tires,"Cruiser / V-Twin","Customcruisertouring Bi / Customcruisertouring Ra / Cruiser Tire / Harley Tire",143.99,189.95,4.90,1939,"Harley-Davidson","Harley Sportster / Harley Fxfxr / Harley Street / Harley Touring / Harley V Rod / Harley Softail / Harley Dyna / Harley Dyna Fat Bo / Harley Dyna Street / Harley Dyna Super / Harley Dyna Switch / Harley Softail Del / Harley Softail Deu / Harley Softail Fat / Harley Softail Her / Harley Softail Nig / Harley Sportster 1 / Harley Sportster 8 / Harley Sportster I / Harley Touring Ele / Harley Touring Roa / Harley Touring Str",1990 - 2025,"Michelin Commander II Tires Unrivaled tire life; Capable of covering up to 40,000 kilometers (Almost 25,000 miles) as proven in Michelin tests Superior wet weather grip and stability without compromising on durability, thanks to Silica Rain Technology Exclusive architecture with a rigid, high density carcass and aramid fiber crown ply allowing for exceptional maneuverability and stability, even at high speeds Amplified Density Technology helps deliver excellent feedback and handling Unique tread pattern and premium sidewall treatment for that classic eye catching cruiser style Available in ""Reinforced"" versions for heavyweight touring bikes or specific OEM requirements Please Note: Check your manufacturer's specifications for required load ratings when replacing OE Tires. Notes : 140/75R17 size is a radial tire. It is recommended to change your valve stem, tube and/or rim strip when installing a new tire. Shop Here! Need your tire mounted? We’ve got you covered! Tire Mount Discount Set a new standard for your cruiser with the Michelin Commander II tire, engineered for longevity and impeccable performance. Designed to go the distance, the Commander II offers nearly double the mileage of its main competitors without sacrificing wet grip, maneuverability or stability. Whether you're on a long tour or a daily ride, experience the confidence that comes with advanced Michelin technology, ensuring a smooth, stable and stylish journey. Record Mileage & All Weather Grip The Michelin Commander II offers class leading longevity, lasting nearly twice as long as competitors, up to 25,000 miles. Silica Rain Technology and deep tread grooves ensure outstanding wet grip and even wear for confident riding in all conditions. Stable Handling & Cruiser Style Experience superb stability and responsive handling with the Commander II. Its rigid carcass (Amplified Density Technology) and aramid crown ply provide excellent feedback and high speed stability. The unique tread and premium sidewall complete your cruiser's look.","N/A",https://www.cyclegear.com/_a/product_images/2062/5929/michelin_commander_iii_touring_tires.jpg,""
1597144,P675702,"Bridgestone Battlax Hypersport S22 Tires",bridgestone-battlax-hypersport-s22-tires,Tires,Bridgestone,"Street / Sportbike","Hypersport Dot / Sportbike Tire / Multi Compound Tire / Dot Tire",162.53,226.82,4.60,99,"Honda, Yamaha, Kawasaki, Suzuki, BMW, Ducati, Triumph, Aprilia","Honda CBR600RR / CBR1000RR, Yamaha YZF-R6 / YZF-R1 / MT-07 / MT-09, Kawasaki Ninja 650 / ZX-6R / ZX-10R, Suzuki GSX-R600 / GSX-R1000, BMW S1000RR, Ducati Monster / Panigale",1998 - 2025,"Bridgestone Battlax Hypersport S22 Tires The Bridgestone Battlax Hypersport S22 are dual compound front and triple compound rear tires suited for sporty riding with excellent wet weather traction. The S22 tires feature a new tread pattern and reformulated compounds to improve traction over its predecessor.","Updated tread pattern and rubber compounds Dual compound (3LC) front Triple compound (5LC) rear Tubeless (TL) Notes : It is recommended to change your valve stem, tube and/or rim strip when installing a new tire. Shop Here! Need your tire mounted? We’ve got you covered! Tire Mount Discount",https://www.cyclegear.com/_a/product_images/0906/5636/bridgestone_battlax_s22_foe.jpg,""
10144084,P955305,"Michelin Road 6 GT Tires",michelin-road-6-gt-tires,Tires,Michelin Tires,"Adventure / Dual Sport / Street / Sportbike","Dot Tire / Sportbike Tire / Touring Tire / Multi Compound Tire",245.99,333.95,4.80,132,"BMW, KTM, Honda, Yamaha, Triumph, Suzuki, Ducati, Kawasaki, Husqvarna","BMW R1200GS / R1250GS / F850GS, KTM 1290 Super Adventure / 890 Adventure, Honda Africa Twin / CRF300L, Yamaha Ténéré 700, Triumph Tiger 900 / 1200, Suzuki V-Strom 650, Kawasaki KLR650",2000 - 2025,"Michelin Road 6 GT Tires Specifically designed for the demands of heavier touring and sport touring motorcycles Patented Water Evergrip Tech tread pattern for superior water evacuation on loaded journeys Patented Silica Technology tread compound for consistent grip under heavier loads Michelin's 2CT+ Tech (front and rear) for enhanced rigidity & stability, crucial for touring machines Delivers 15% increased wet grip over the Road 5 GT Offers 10% longer tread life than the Road 5 GT Optimized for superb all weather grip on heavier motorcycles Engineered for lasting performance throughout the tire's lifespan on touring bikes Notes : It is recommended to change your valve stem, tube and/or rim strip when installing a new tire. Shop Here! Need your tire mounted? We’ve got you covered! Tire Mount Discount The Michelin Road 6 GT Tire takes the celebrated performance of its predecessor, the Road 5 GT and elevates it for the specific demands of heavier touring and sport touring motorcycles. Engineered to confidently manage high mileage journeys in all weather conditions, the Road 6 GT features Michelin's 2CT+ Technology in both front and rear tires. This enhances rigidity when leaned over, delivering crucial stability through corners for loaded machines. By integrating advanced Silica Technology compounds with the innovative Water Evergrip Tech tread pattern, Michelin achieves an impressive 15% increase in wet grip and a 10% boost in tread longevity compared to the Road 5 GT. The Road 6 GT embodies two decades of Michelin's relentless innovation, offering the ultimate tire solution for riders who demand the best for their grand touring adventures. Increased Tread Life Ride further with the Road 6 GT, offering 10% longer tread life than the Road 5 GT. Engineered for durability and backed by two decades of expertise, expect reliable, consistent performance for extended tours. Superior Heavy Load Stability Michelin's 2CT+ Technology in front and rear Road 6 GT tires increases lean rigidity. This delivers improved stability and feedback, crucial for managing the dynamics of heavier, loaded motorcycles for precise cornering control. Advanced Wet Grip The Road 6 GT delivers 15% more wet grip than the Road 5 GT, thanks to Silica Technology and Water Evergrip Tech. Experience secure handling and braking on wet roads, even with fully loaded touring bikes. Ultimate Touring Tire Engineered for heavier sport-touring and grand touring bikes, the Road 6 GT combines exceptional wet grip, extended mileage and load stability. It sets a new benchmark for ultimate long-distance performance and reliability.","N/A",https://www.cyclegear.com/_a/product_images/2062/8071/michelin_road6_gt_tires.jpg,""
270447,P246272,"Michelin Pilot Power 2CT Tires",michelin-pilot-power-2ct-tires,Tires,Michelin Tires,"Street / Sportbike","Hypersport Dot / Race Tire / Sportbike Tire / Dot Tire",144.99,195.95,4.80,278,"Honda, Yamaha, Kawasaki, Suzuki, BMW, Ducati, Triumph, Aprilia","Honda CBR600RR / CBR1000RR, Yamaha YZF-R6 / YZF-R1 / MT-07 / MT-09, Kawasaki Ninja 650 / ZX-6R / ZX-10R, Suzuki GSX-R600 / GSX-R1000, BMW S1000RR, Ducati Monster / Panigale",1998 - 2025,"Michelin Pilot Power 2CT Tires The Michelin Pilot Power 2CT tires feature dual-compound technology to the already renowned Pilot Power range. The 2CT tires are intended for the most demanding sportbike riders, who use their bikes both on the road and for track days. Its tread is separated into three areas, incorporating different compounds. This provides numerous benefits in terms of grip, handling and acceleration and braking on wet surfaces.","Real Moto GP technology from the tire company that has won 15 consecutive GPWorld Championships 20% softer rubber mix on the edges of the tread yields phenomenal cornering grip Unprecedented lean angles: 51.2 degrees in the dry on Michelin's test track Precise handling and feedback Track Day tire that is equally at home on the road Notes : It is recommended to change your valve stem, tube and/or rim strip when installing a new tire. Shop Here! Need your tire mounted? We’ve got you covered! Tire Mount Discount",https://www.cyclegear.com/_a/product_images/1016/1335/michelin_tires_tire_pilot_pwr2_ct.jpg,""
10468107,P1125272,"Michelin Road W GT Honda Gold Wing Tires",michelin-road-w-gt-honda-gold-wing-tires,Tires,Michelin Tires,"Adventure / Dual Sport","100 On Road 0 Off Road / Dot Tire / Touring Tire",221.99,304.95,4.50,46,"Honda","Honda Gold Wing",1995 - 2025,"Michelin Road W GT Honda Gold Wing Tires Michelin presents the Road W GT tires, specially crafted for Honda Gold Wing motorcycles to deliver peak performance. Designed with endurance in mind, these tires feature wear resistance that extends travel distances, ensuring riders can confidently embark on longer journeys. Engineered for reliability, especially on wet roads, the Road W GT incorporates Michelin's proven techniques from the Touring and Sport Touring niches. Sipes included in the front tire tread and the inclusion of silica in both front and rear tires enhance grip in challenging conditions. The tires also offer dependable handling and facilitate smooth cornering due to their sturdy 3-ply radial carcass construction, making them a suitable choice for Gold Wing enthusiasts seeking tires that match the quality of their ride.","Reliable wear resistance to go even further Proven wet grip thanks to Michelin's road-tested and advanced technologies Sipes in the front tire tread Silica in both front and rear tires Trustworthy handling and cornering thanks to 3-ply radial carcass",https://www.cyclegear.com/_a/product_images/2364/6745/michelin_road_wgt_honda_gold_wing_tires.jpg,""
10482460,P1133039,"Bridgestone Battlax T33 Sport Touring Tires",bridgestone-battlax-t33-sport-touring-tires,Tires,Bridgestone,"Street / Sportbike / Adventure / Dual Sport","100 On Road 0 Off Road / Dot Tire / Multi Compound Tire / Touring Tire",204.75,273.04,4.90,20,"Honda, Yamaha, KTM, Kawasaki, Suzuki, Husqvarna, GasGas","Touring",1995 - 2025,"Bridgestone Battlax T33 Sport Touring Tires","Improved mileage of up to 47% compared to T32 Continuation of T32 shape for optimized grip, stability and handling Tread pattern features optimized land-sea ratio and pattern stiffness Excellent wet and dry condition performance Fits on light and heavy bikes Notes : It is recommended to change your valve stem, tube and/or rim strip when installing a new tire. Shop Here! Need your tire mounted? We’ve got you covered! Tire Mount Discount Technology: RC Polymer - Improves tread flexibility, rolling resistance and fuel economy ULTIMATEYE - Allows for good traction and improves wear life NanoPro-Tech Front Tire: Cross Belt - Flexible construction for lightweight stability Silica Rich Compound - Enhanced gripping capability in wet conditions and low temperatures & consistent, long-lasting grip Rear Tire: MS Belt & HTSPC - Provide lightweight stability and high shock absorption 3LC Dual Compound - Grip performance for all riding modes Silica Rich EX Compound - Enhanced gripping capability in wet conditions by increasing the amount of silica compared to conventional SILICA RICH Center of tire features a unique wear-resistant polymer Miles of Smiles The T33 Sport Touring tire preserves the excellent wet performance of its predecessor, the T32, while enhancing cornering, stability, and overall performance in dry conditions. Get a Grip The Battlax T33 Sport Touring tires deliver up to 47% improved mileage over their predecessor, the T32, thanks to a refined compound, pattern, and construction that optimize grip.",https://www.cyclegear.com/_a/product_images/2386/8156/bridgestone_battlax_t33_sport_touring_tires_front_1800x1800.jpg,""
10340860,P1065584,"Dunlop Trailmax Raid Tires",dunlop-trailmax-raid-tires,Tires,Dunlop,"Adventure / Dual Sport","Dual Road Radial Dot / Dual Road Bias Dot / 50 On Road 50 Off Road / 40 On Road 60 Off Road",172.99,210.95,4.30,42,"Honda, Yamaha, KTM, Kawasaki, Suzuki, Husqvarna, GasGas","Honda CRF250R / CRF450R, Yamaha YZ250F / YZ450F, KTM 250 SX-F / 450 SX-F, Kawasaki KX250 / KX450, Suzuki RM-Z250 / RM-Z450, Husqvarna FC 250 / FC 450",1995 - 2025,"Dunlop Trailmax Raid Tires The Dunlop Trailmax Raid Tires provide excellent off-road traction and cornering grip, outstanding wet grip, good chipping resistance, balanced handling and road-tire stability and performance.","40% on-road / 60% off-road adventure tire (per Dunlop) Tire design and rider experience favors approximately 50% on-road / 50% off-road bias Dynamic Front Formula (DFF) is a tire design method utilizing an intricately balanced combination of section profile, carcass material properties and assembly process to provide exceptional handling Hi Silica is a highly dispersible high surface area silica used to increase the silica filler ratio to promote compound flexibility at low temperatures and provide tremendous wet grip and good durability Carcass Tension Control System (CTCS) utilizes variable tension across the whole carcass width to optimize the contact patch for the ideal footprint and remarkable handling Jointless Belt construction (JLB) in radial sizes eliminates the belt overlap, resulting in smoother handling, minimizes the tread center’s dynamic growth at high speed, and reduces distortion and excessive heat build-up Aggressive tread pattern derived from our popular D908RR has been optimized to reduce rolling noise and provide improved road performance without sacrificing off-road performance Notes : It is recommended to change your valve stem, tube and/or rim strip when installing a new tire. Shop Here! Need your tire mounted? We’ve got you covered! Tire Mount Discount",https://www.cyclegear.com/_a/product_images/2122/5979/dunlop_trailmax_raid_tires.jpg,""
817346,P72275,"Shinko 777 White Wall Cruiser Tires",shinko-777-white-wall-cruiser-tires,Tires,Shinko Tires,"Cruiser / V-Twin","Cruiser Tire / Harley Tire / Whitewall Tire / Dot Tire",113.86,133.95,4.70,599,"Harley-Davidson","Harley Sportster / Harley Fxfxr / Harley Street / Harley Touring / Harley V Rod / Harley Softail / Harley Dyna / Harley Dyna Fat Bo / Harley Dyna Street / Harley Dyna Super / Harley Dyna Switch / Harley Softail Del / Harley Softail Deu / Harley Softail Fat / Harley Softail Her / Harley Softail Nig / Harley Sportster 1 / Harley Sportster 8 / Harley Sportster I / Harley Touring Ele / Harley Touring Roa / Harley Touring Str",1990 - 2025,"Shinko 777 Whitewall Tires The Shinko 777 is available in a multitude of sizes to fit many V-Twin and metric cruiser models.","Tread compound designed for a great combination of traction and mileage Directional tread pattern offers excellent wet and dry traction H rated 4 or 6 ply construction Tubeless Available in ""Reinforced"" for heavyweight touring bikes, two-up riding, or when required by OEM specifications Notes : It is recommended to change your valve stem, tube and/or rim strip when installing a new tire. Shop Here! Need your tire mounted? We’ve got you covered! Tire Mount Discount",https://www.cyclegear.com/_a/product_images/1507/2735/shinko777_white_wall_cruiser_tires.jpg,""
817357,P209956,"Pirelli Diablo Rosso II Tires",pirelli-diablo-rosso-ii-tires,Tires,Pirelli,"Street / Sportbike","Hypersport Dot / Sportbike Tire / Dot Tire",138.90,188.10,4.80,307,"Honda, Yamaha, Kawasaki, Suzuki, BMW, Ducati, Triumph, Aprilia","Honda CBR600RR / CBR1000RR, Yamaha YZF-R6 / YZF-R1 / MT-07 / MT-09, Kawasaki Ninja 650 / ZX-6R / ZX-10R, Suzuki GSX-R600 / GSX-R1000, BMW S1000RR, Ducati Monster / Panigale",1998 - 2025,"Pirelli Diablo Rosso II Tires Bringing the technology developed for World Superbike to the road, the Pirelli Diablo Rosso II Tires gives your bike an amazing combination of grip and long tread-life for sport riders looking for an upgrade. The Tri-zone dual compound composition and improved tread design offers improved drainage, better wear and handling.","The Diablo Rosso II is the sportiest and most versatile road-oriented tire of the Rosso generation Diablo Rosso II is Pirelli's newest super sport radial for all riding conditions, including the wet Grip is enhanced even further by EPT (Enhanced Patch Technology) developed in WSBK, which optimizes the contact patch for improved grip A maximum contact patch area is due in part to an ICS (Integrated Contour Shaping) technology, complimenting handling and power of today's modern motorcycles Slick shoulder area maximizes grip at full lean which boosts confidence and performance while cornering Functional Groove Design (FGD) to optimize wet behavior D Spec tire is OE for 2013 Ducati's fitted with Rosso II tires Need your tire mounted? We’ve got you covered! Tire Mount Discount",https://www.cyclegear.com/_a/product_images/0370/5688/pirelli_diablo_rosso_ii_tires.jpg,""
10375985,P1083805,"Michelin Power GP2 Tires",michelin-power-gp2-tires,Tires,Michelin Tires,"Street / Sportbike","Dot Tire / Sportbike Tire",218.99,302.95,4.90,12,"Honda, Yamaha, Kawasaki, Suzuki, BMW, Ducati, Triumph, Aprilia","Honda CBR600RR / CBR1000RR, Yamaha YZF-R6 / YZF-R1 / MT-07 / MT-09, Kawasaki Ninja 650 / ZX-6R / ZX-10R, Suzuki GSX-R600 / GSX-R1000, BMW S1000RR, Ducati Monster / Panigale",1998 - 2025,"Michelin Power GP2 tires Building on the success of the Power GP predecessor, The Power GP2 Tire is a 50/50 track day tire made with super sport bikes in mind. The Power GP2 has even better grip in both wet and dry situations. Using the same development tools as those used for MotoGP™ tires, the new Michelin Power GP2 benefits from the experience gained by Michelin as it earned 500 victories in the FIM World Championship. Elevating the track experience so you can push your limits!","50/50 road/track performance Improved grip over the Power GP on both wet and dry tracks (W)-rated for speeds of 168+ mph Notes : It is recommended to change your valve stem, tube and/or rim strip when installing a new tire. Shop Here! Need your tire mounted? We’ve got you covered! Tire Mount Discount",https://www.cyclegear.com/_a/product_images/2190/2968/michelin_power_gp2_tires.jpg,""
1814150,P850470,"Metzeler Sportec M9 RR Tires",metzeler-sportec-m9-rr-tires,Tires,Metzeler,"Street / Sportbike","Hypersport Dot / Multi Compound Tire / Sportbike Tire / Dot Tire",159.55,210.40,4.80,61,"Honda, Yamaha, Kawasaki, Suzuki, BMW, Ducati, Triumph, Aprilia","Honda CBR600RR / CBR1000RR, Yamaha YZF-R6 / YZF-R1 / MT-07 / MT-09, Kawasaki Ninja 650 / ZX-6R / ZX-10R, Suzuki GSX-R600 / GSX-R1000, BMW S1000RR, Ducati Monster / Panigale",1998 - 2025,"Metzeler Sportec M9 RR Tires ""Ride the Unexpected."" Metzeler's simple tagline for the M9 RR hints at this tire's wide range of talents. The M9 RR Tires answer the needs of sportbike riders who'll take their miles however they can get them - from city streets to back roads to long interstates highways. And time on the track. Born in the era of yaw sensors, IMUs and traction assist, Metzeler engineers had electronic rider aids in mind from the onset of the M9 RR's development. The dual compound construction balances the heavier carcass construction with the softer, grippier outer tread to reduce disruption between rider and bike when electronic rider aids intervene. The M9 RR is Metzeler's first 100% silica compound tire in the supersport category. The full silica blend reaches operating temperatures quickly, resists overheating and effectively handles heat cycling over the life of the tire. Metzeler engineers saw an increase in mileage by more than 10% when compared to the Sportec M7 RR predecessor. What's more significant is the M9 RR's ability to maintain wet and dry performance further into its effective lifespan. Versus the competition, the detrimental effects of age and mileage have been greatly mitigated. When it does come time to spoon some fresh rubber onto your rims, the M9 RR Tires will still be delivering admirable levels of that ""fresh"" tire feel and performance.","Versatile hypersport tire Road, track and rain ready Engineered with electronic rider aids in mind Dual compound front and rear construction in all sizes Reduced time to temperature Metzeler's first 100% silica high-performance tire Compound and advanced tread pattern inspire confidence in wet conditions Expected 10% mileage gains over M7 RR models W-rated for speeds up to 168 mph Notes : It is recommended to change your valve stem, tube and/or rim strip when installing a new tire. Shop Here! Need your tire mounted? We’ve got you covered! Tire Mount Discount",https://www.cyclegear.com/_a/product_images/1415/2187/metzeler_sportec_m9_rr_tires.jpg,""
158570,P43174,"Dunlop Harley-Davidson D402 Tires",dunlop-harley-davidson-d402-tires,Tires,Dunlop,"Cruiser / V-Twin / Adventure / Dual Sport","Customcruisertouring Bi / Cruiser Tire / Harley Tire / Whitewall Tire",167.99,216.95,4.90,1480,"Harley-Davidson","Harley Sportster / Harley Fxfxr / Harley Street / Harley Touring / Harley V Rod / Harley Softail / Harley Dyna / Harley Dyna Fat Bo / Harley Dyna Street / Harley Dyna Super / Harley Dyna Switch / Harley Softail Del / Harley Softail Deu / Harley Softail Fat / Harley Softail Her / Harley Softail Nig / Harley Sportster 1 / Harley Sportster 8 / Harley Sportster I / Harley Touring Ele / Harley Touring Roa / Harley Touring Str",1990 - 2025,"Dunlop Harley-Davidson D402 Tires The Dunlop Harley-Davidson D402 Tires have been the OE choice for many HD models for generations.","Engineered and tested with Harley Davidson to provide maximum performance for touring bikes 3-ply polyester casing with 2 fiberglass belts for greater load-carrying capability and stability Offset center groove improves confidence in wet conditions Made in USA Tubeless type Notes : ""WWW"" indicates Wide White Wall while ""NWS"" indicates Narrow White Stripe. Unless noted as WWW or NWS, tires are Blackwall. It is recommended to change your valve stem, tube and/or rim strip when installing a new tire. Shop Here! Need your tire mounted? We’ve got you covered! Tire Mount Discount",https://www.cyclegear.com/_a/product_images/0132/1150/dunlop_harley_davidson_d402_tires.jpg,""
10571184,P1177512,"Michelin Anakee Adventure 2 Tires",michelin-anakee-adventure-2-tires,Tires,Michelin Tires,"Adventure / Dual Sport","80 On Road 20 Off Road / Dot Tire / Touring Tire / Dual Sport Tire",170.99,227.95,4.00,4,"Honda, Yamaha, KTM, Kawasaki, Suzuki, Husqvarna, GasGas","Honda CRF250R / CRF450R, Yamaha YZ250F / YZ450F, KTM 250 SX-F / 450 SX-F, Kawasaki KX250 / KX450, Suzuki RM-Z250 / RM-Z450, Husqvarna FC 250 / FC 450",1995 - 2025,"Michelin Anakee Adventure 2 Tires Specifications: A capable street tire engineered for confidence on gravel and dirt Noise Reduction: Michelin testing shows a 30% drop in highway drone and -2 dB reduction in trackside noise Increased Longevity: A claimed +7% front and +21% rear increase in tire life (vs. original Anakee Adventure) 80% on-road / 20% off-road ADV tire Accels in ADV touring, mixed surfaces, and heavy payloads Advanced Technology: Michelin 2CT silica-based technology Enhances grip on wet surfaces Reinforced Radial-X Evo technology Maintains grip over the entire life of tire Tread & Compound: Engineered for long miles, wet performance, and full payloads Michelin silica technology Optimized tread design Michelin Premium Touch Design TT/TL design (all sizes) Sold each Notes : It is recommended to change your valve stem, tube and/or rim strip when installing a new tire. Shop Here! Need your tire mounted? We’ve got you covered! Tire Mount Discount Engineered as a highly-capable street tire that's more than ready for gravel and dirt excursions, the Anakee Adventure 2 borrows from Michelin's 130 years of tire building experience, giving a strong option to ADV riders who demand performance on all surfaces. A Quieter Journey The Anakee 2's updated design answer the call of the original Anakee Adventure devotees: A quieter highway ride. And Michelin delivered. With a claimed 30% reduction in perceived highway drone, Michelin minimized harmonic frequency generation and reports a -2 dB cut in trackside-perceived flyby noise. Extended Longevity Proprietary 2CT Dual-Compound Technology with a longer-wearing center tread portion increases expected front tire life by 7% and rear tire life by 21%. Where the rubber meets the ""road"", riders can conquer the longest journey with confidence. All-Weather Traction The Anakee Adventure 2 Tire utilizes advanced silica-based compounds to ensure remarkable grip on wet surfaces, giving you the traction you need when conditions turn slick. Heavy-Load Stability Reinforced Radial-X Evo and Aramid Shield Technologies form a rigid, high-density casing that remain stable under heavy loads and resist punctures, making the Anakee Adventure 2 perfect for fully packed adventure touring setups.","N/A",https://www.cyclegear.com/_a/product_images/2547/7912/michelin_anakee_adventure2_tires.jpg,""
158564,P43170,"Dunlop Harley-Davidson D401 / D401T Tires",dunlop-harley-davidson-d401-d401t-tires,Tires,Dunlop,"Cruiser / V-Twin","100 On Road 0 Off Road / Whitewall Tire / Customcruisertouring Bi / Customcruisertouring Ra",169.99,219.95,4.80,493,"Harley-Davidson","Harley Sportster / Harley Fxfxr / Harley Street / Harley Touring / Harley V Rod / Harley Softail / Harley Dyna / Harley Dyna Fat Bo / Harley Dyna Street / Harley Dyna Super / Harley Dyna Switch / Harley Softail Del / Harley Softail Deu / Harley Softail Fat / Harley Softail Her / Harley Softail Nig / Harley Sportster 1 / Harley Sportster 8 / Harley Sportster I / Harley Touring Ele / Harley Touring Roa / Harley Touring Str",1990 - 2025,"Dunlop Harley-Davidson D401 Tires The Dunlop Harley-Davidson D401 Tires have been the OE choice for many HD models for generations.","Engineered and tested with Harley-Davidson to provide maximum performance for Harley-Davidson cruiser bikes Advanced tread pattern and compound for improved wet and dry grip Computer-optimized tread profile reduces cupping for even wear H-rated for speeds up to 130 mph ""T"" model is Dunlop's Multi-Tread dual compound technology Available in D401T 150/80B16 MT Rear fitment Improves performance and increases tire life Dunlop Part # 45064691 Note: ""WWW"" indicates Wide White Wall while ""NWS"" indicates Narrow White Stripe. Notes : It is recommended to change your valve stem, tube and/or rim strip when installing a new tire. Shop Here! Need your tire mounted? We’ve got you covered! Tire Mount Discount",https://www.cyclegear.com/_a/product_images/0370/7026/dunlop_harley_davidson_d401_d401_t_tires.jpg,""
1287437,P404080,"Pirelli Scorpion Rally STR Tires",pirelli-scorpion-rally-str-tires,Tires,Pirelli,"Adventure / Dual Sport","Dual Road Radial Dot / Dual Road Bias Dot / Dual Onoff Dot / 70 On Road 30 Off Road",168.58,225.94,4.60,62,"Honda, Yamaha, KTM, Kawasaki, Suzuki, Husqvarna, GasGas","Honda CRF250R / CRF450R, Yamaha YZ250F / YZ450F, KTM 250 SX-F / 450 SX-F, Kawasaki KX250 / KX450, Suzuki RM-Z250 / RM-Z450, Husqvarna FC 250 / FC 450",1995 - 2025,"Pirelli Scorpion Rally STR Tires The Pirelli Scorpion Rally STR Tires will quickly become your go-to choice if you demand a high level of performance both on and off road. The Rally STR tires feature an off road inspired knobby design, with an increased land to sea ratio, and an innovative knob height-width ratio that combine to offer riders the best of both worlds when it comes to tire performance.","Compound with high silicontent delivers excellent traction on road, in dry or wet, and at low temperatures Street derived profiles and structures provide a large, consistent and confidence inspiring contact patch Consistent contact patch delivers high performance on tarmac and works well with sophisticated electronics packages Off road inspired knob pattern with increased land area for on road stability Unique knob height-width ratio provides the right combination of on road/off road chops while not being too loud on the highway DOT Notes : It is recommended to change your valve stem, tube and/or rim strip when installing a new tire. Shop Here! Need your tire mounted? We’ve got you covered! Tire Mount Discount",https://www.cyclegear.com/_a/product_images/2089/8472/pirelli_scorpion_rally_str_tires.jpg,""
593865,P209986,"Shinko SR 241 Series Golden Boy Tires",shinko-sr-241-series-golden-boy-tires,Tires,Shinko Tires,"Dirt Bike / Off-Road","40 On Road 60 Off Road / 30 On Road 70 Off Road / Dot Dirt Tires / Dirt Bike Tire",54.36,63.95,4.80,233,"Honda, Yamaha, KTM, Kawasaki, Suzuki, Husqvarna, GasGas","Honda CRF250R / CRF450R, Yamaha YZ250F / YZ450F, KTM 250 SX-F / 450 SX-F, Kawasaki KX250 / KX450, Suzuki RM-Z250 / RM-Z450, Husqvarna FC 250 / FC 450",1995 - 2025,"Shinko SR241 Golden Boy Tires A versatile tire with a durable nylon carcass and aggressive tread that works well in a variety of conditions.","All sizes will work for front or rear fitment 4 ply rated tube type DOT approved Sold individually Note: Not intended for extended highway use. Notes : It is recommended to change your valve stem, tube and/or rim strip when installing a new tire. Shop Here! Need your tire mounted? We’ve got you covered! Tire Mount Discount",https://www.cyclegear.com/_a/product_images/0101/0242/shinko_sr241_series_tires.jpg,""
10288994,P1037289,"Shinko SR 999 Long Haul Tires",shinko-sr-999-long-haul-tires,Tires,Shinko Tires,"Cruiser / V-Twin","Whitewall Tire / Cruiser Tire / Harley Tire / Dot Tire",114.71,134.95,4.60,122,"Harley-Davidson","Harley (Sportster, Softail, Dyna, Street Glide, Road King, Fat Boy), Honda Shadow / VTX, Yamaha V-Star / Bolt, Indian Scout / Chief, Kawasaki Vulcan, Suzuki Boulevard",1990 - 2025,"Shinko SR 999 Long Haul Tires Designed for the cruiser rider looking for exceptional tread life and performance!","Rubber compound formulated for high mileage and inspiring grip Functional tread grooves for superior traction in wet and dry conditions Reinforced carcass for a stable and planted feel Aramid belting provides ample load capacity while also providing stability Tubeless (TL) design Available in black-wall or white-wall (WW) Notes : It is recommended to change your valve stem, tube and/or rim strip when installing a new tire. Shop Here! Need your tire mounted? We’ve got you covered! Tire Mount Discount",https://www.cyclegear.com/_a/product_images/1919/1720/shinko_sr999_long_haul_tires_rear.jpg,""
878590,P236442,"Metzeler ME888 Marathon Ultra Tires",metzeler-me888-marathon-ultra-tires,Tires,Metzeler,"Cruiser / V-Twin / Adventure / Dual Sport","Customcruisertouring Bi / Customcruisertouring Ra / Cruiser Tire / Harley Tire",167.42,220.86,4.80,1447,"Harley-Davidson","Harley Sportster / Harley Fxfxr / Harley Street / Harley Touring / Harley V Rod / Harley Softail / Harley Dyna / Harley Dyna Fat Bo / Harley Dyna Street / Harley Dyna Super / Harley Dyna Switch / Harley Softail Del / Harley Softail Deu / Harley Softail Fat / Harley Softail Her / Harley Softail Nig / Harley Sportster 1 / Harley Sportster 8 / Harley Sportster I / Harley Touring Ele / Harley Touring Roa / Harley Touring Str",1990 - 2025,"Metzeler ME888 Triple 8 Marathon Ultra Tires The ME 888 or Triple 8 tires represent a new ultra high mileage offering from Metzeler that couples long life with Metzeler's performance and handling.","The ME 888 Marathon Ultra Tires were developed in Germany for the roads of America Specifically designed for custom touring bikes Technology offering consistent performance throughout the tire's life Outstanding high and low speed stability and smooth handling Redesigned parabolic grooves for better water drainage Deeper tread depth for vastly increased tire life Available in a Wide Whitewall (WWW) Tubeless 130/90-16 features reinforced sidewall 150/80-16 features reinforced sidewall 180/65-16 features reinforced sidewall Available in ""Reinforced"" for heavyweight touring bikes, two-up riding, or when required by OEM specifications Notes : It is recommended to change your valve stem, tube and/or rim strip when installing a new tire. Shop Here! Need your tire mounted? We’ve got you covered! Tire Mount Discount",https://www.cyclegear.com/_a/product_images/0071/7296/metzeler_me888_tires.jpg,""
1278933,P394394,"Michelin Road 5 Tires",michelin-road-5-tires,Tires,Michelin Tires,"Adventure / Dual Sport / Street / Sportbike","Sport Touring Radial Do / Sportbike Tire / Touring Tire / Multi Compound Tire",201.99,242.95,4.80,445,"BMW, KTM, Honda, Yamaha, Triumph, Suzuki, Ducati, Kawasaki, Husqvarna","BMW R1200GS / R1250GS / F850GS, KTM 1290 Super Adventure / 890 Adventure, Honda Africa Twin / CRF300L, Yamaha Ténéré 700, Triumph Tiger 900 / 1200, Suzuki V-Strom 650, Kawasaki KLR650",2000 - 2025,"Michelin Road 5 Tires The Road 5 is a premium all-purpose tire that actually maintains traction in wet conditions as the tire wears. This wet weather confidence has advanced inverted-pyramid Michelin XST Evo siping to thank. In a normal continuous-profile extruded cut sipe, the water carrying ability of a tire decreases as it wears down since the volume of the sipe decreases. With Michelin XST Evo siping, the tread cuts actually flare outward towards the center of the tire, giving a well-worn tire the same water carrying capacity of a brand new tire. Wet weather confidence is certainly the main act of the Road 5 but this IS a dual compound sport / sport touring tire from Michelin. Keen eyes will notice the uninterrupted expanses of rubber on the edges of the tire. These are the softer 2CT and 2CT+ zones of the front and rear tires respectively. As you lean the bike over, your grip effectively increases as you enter into these zones. From the increased braking and cornering performance of the Road 5 in wet conditions to the full-lean confidence of the tire in dry conditions, the Michelin Road 5 is a superb sport tire for those who ride rain or shine.","Patented Michelin XST Evo siping design Patented ACT+ casing technology 2CT dual compound front tire composition 2CT+ dual compound rear tire composition Notes : It is recommended to change your valve stem, tube and/or rim strip when installing a new tire. Shop Here! Need your tire mounted? We’ve got you covered! Tire Mount Discount",https://www.cyclegear.com/_a/product_images/0342/3235/michelin_pilot_road5_tires.jpg,""
1127094,P338581,"Dunlop Elite 4 Tires",dunlop-elite-4-tires,Tires,Dunlop,"Cruiser / V-Twin","Customcruisertouring Bi / Customcruisertouring Ra / Cruiser Tire / Harley Tire",177.06,241.95,4.70,307,"Harley-Davidson","Harley Sportster / Harley Fxfxr / Harley Street / Harley Touring / Harley V Rod / Harley Softail / Harley Dyna / Harley Dyna Fat Bo / Harley Dyna Street / Harley Dyna Super / Harley Dyna Switch / Harley Softail Del / Harley Softail Deu / Harley Softail Fat / Harley Softail Her / Harley Softail Nig / Harley Sportster 1 / Harley Sportster 8 / Harley Sportster I / Harley Touring Ele / Harley Touring Roa / Harley Touring Str",1990 - 2025,"Dunlop Elite 4 Tires Designed for the modern cruiser, the Dunlop Elite 4 Tires take huge leaps in tire technology.","All Elite 4 rear tires utilize Dunlop’s MT Multi-Tread technology with a long-wearing compound in the center of the tire and a lateral-grip compound on each shoulder, providing increased mileage without sacrificing handling New tread pattern helps provide class-leading wet-pavement performance and less road noise Available in radial and bias-ply construction, the Elite 4 fits hundreds of touring, cruiser and standard bikes, including current and non-current machines High-mileage, even-wear characteristics, and great grip Notes : It is recommended to change your valve stem, tube and/or rim strip when installing a new tire. Shop Here! Need your tire mounted? We’ve got you covered! Tire Mount Discount",https://www.cyclegear.com/_a/product_images/0185/2722/dunlop_elite4_1800x1800.jpg,""
1061946,P313563,"Michelin Scorcher 31 Tires",michelin-scorcher-31-tires,Tires,Michelin Tires,"Cruiser / V-Twin","Customcruisertouring Bi / Harley Tire / Cruiser Tire / Dot Tire",160.99,226.95,4.90,207,"Harley-Davidson","Harley Sportster / Harley Fxfxr / Harley Street / Harley Touring / Harley V Rod / Harley Softail / Harley Dyna / Harley Dyna Fat Bo / Harley Dyna Street / Harley Dyna Super / Harley Dyna Switch / Harley Softail Del / Harley Softail Deu / Harley Softail Fat / Harley Softail Her / Harley Softail Nig / Harley Sportster 1 / Harley Sportster 8 / Harley Sportster I / Harley Touring Ele / Harley Touring Roa / Harley Touring Str",1990 - 2025,"Michelin Scorcher 31 Tires Original equipment replacement tires for several Harley-Davidson models. The newly developed rubber compounds combine durability and high performance for excellent tread life.","Tubeless Innovative rubber compounds provide remarkable grip on wet and dry roads Supple casing design and profile promotes rock-solid handling through curves Michelin carbon black-enriched rubber compounds promote excellent durability without compromising performance Available in ""Reinforced"" for heavyweight touring bikes, two-up riding, or when required by OEM specifications Notes : It is recommended to change your valve stem, tube and/or rim strip when installing a new tire. Shop Here! Need your tire mounted? We’ve got you covered! Tire Mount Discount",https://www.cyclegear.com/_a/product_images/1016/1471/michelin_tires_tire11090_b19_scorcher31.jpg,""
10042266,P895450,"Dunlop Mutant Tires",dunlop-mutant-tires,Tires,Dunlop,"Adventure / Dual Sport / Street / Sportbike","Sport Touring Radial Do / Dual Road Radial Dot / 90 On Road 10 Off Road / Sportbike Tire",210.99,251.95,4.60,71,"Honda, Yamaha, KTM, Kawasaki, Suzuki, Husqvarna, GasGas","Honda CRF250R / CRF450R, Yamaha YZ250F / YZ450F, KTM 250 SX-F / 450 SX-F, Kawasaki KX250 / KX450, Suzuki RM-Z250 / RM-Z450, Husqvarna FC 250 / FC 450",1995 - 2025,"Dunlop Mutant Tires The all in one Dunlop Mutant Tire takes elements from sports bikes, super motos, powerful cruisers and ADV bikes for full versatility with today's market of crossover bikes. This set of tires provides the rider with the handling and stability of a hyper sport tire, but the durability sought out after in touring tires. Made from state of the art compounds and resins for longevity and a bonus claimed best wet grip this side of a rain slick, the Mutant gives the rider supreme versatility and confidence in all kinds of conditions, year round.","Excellent wet grip Supreme versatility giving the rider confidence year-round Sport tire handling and stability courtesy of tire contours developed using DFF (Dynamic Front Formula) State of the art compounds and resins combine performance and durability Tubeless Notes : It is recommended to change your valve stem, tube and/or rim strip when installing a new tire. Shop Here! Need your tire mounted? We’ve got you covered! Tire Mount Discount",https://www.cyclegear.com/_a/product_images/1522/7437/dunlop_mutant_tires.jpg,""
10267864,P1025651,"Dunlop Q5 Sportmax Tires",dunlop-q5-sportmax-tires,Tires,Dunlop,"Street / Sportbike","Road Race Dot And Non D / Multi Compound Tire / Race Tire / Sportbike Tire",234.99,283.95,4.60,17,"Honda, Yamaha, Kawasaki, Suzuki, BMW, Ducati, Triumph, Aprilia","Honda CBR600RR / CBR1000RR, Yamaha YZF-R6 / YZF-R1 / MT-07 / MT-09, Kawasaki Ninja 650 / ZX-6R / ZX-10R, Suzuki GSX-R600 / GSX-R1000, BMW S1000RR, Ducati Monster / Panigale",1998 - 2025,"Dunlop Q5 Sportmax Tires The fifth generation Dunlop Sportmax Q5 is a purpose-built, DOT compliant track-day tire that has been in the making for over 4 years. Evolving from a blend of the highly popular Sportmax Q4 and Dunlop’s cutting-edge MotoAmerica spec road race tires, the Q5 utilizes the very best technologies Dunlop has to offer for a track tire that is still street legal. Having enhanced constructions, profiles, compounds and tread patterns, the Q5 is the benchmark for track-day tires. The Q5 is even more user-friendly, as dry and wet grip, tire compliance and warm-up times have all been improved. Dunlop changed the polymer, reduced the shore hardness, increased the carbon black content by utilizing Carbon R technology, added a traction resin and fine-tuned the curatives, all to greatly improve upon the already successful Q4. They also optimized the tread pattern design and position to aid in quicker warm-up times and improved wet-weather performance.","Even more user-friendly, as dry and wet grip, tire compliance, and warm-up times have all been improved New race tire derived compounds provide incredible grip Updated profiles increase footprints at more extreme lean angles to give you more tire on the road for more grip and less slip Do not require tire warmers for track use Notes : It is recommended to change your valve stem, tube and/or rim strip when installing a new tire. Shop Here! Need your tire mounted? We’ve got you covered! Tire Mount Discount",https://www.cyclegear.com/_a/product_images/1909/6871/dunlop_q5_sportmax_tires.jpg,""
10321510,P1055264,"Motoz Tractionator Adventure Rear Tires",motoz-tractionator-adventure-rear-tires,Tires,Motoz,"Adventure / Dual Sport","30 On Road 70 Off Road / 20 On Road 80 Off Road / Dual Sport Tire / Dot Tire",154.99,0.00,4.70,28,"Honda, Yamaha, KTM, Kawasaki, Suzuki, Husqvarna, GasGas","Honda CRF250R / CRF450R, Yamaha YZ250F / YZ450F, KTM 250 SX-F / 450 SX-F, Kawasaki KX250 / KX450, Suzuki RM-Z250 / RM-Z450, Husqvarna FC 250 / FC 450",1995 - 2025,"Motoz Tractionator Adventure Rear Tires For serious off-road traction on your adventure bike, look no further. The Tractionator ADV tire separates itself from the competition with deep lugs that self-sharpen for the best traction available. Note: The Tube-Type Tractionator Adventure options are specifically designed for lighter single seat enduro bikes and are not designed for larger displacement adventure bikes.","Pairs with the Tractionator Dual Venture Front Tire 25% on-road / 75% off-road use Hybrid natural / synthetic rubber compound Self-sharpening tread blocks Directional tread pattern Tubeless (TL) and Tube-Type (TT) options available Notes : It is recommended to change your valve stem, tube and/or rim strip when installing a new tire. Shop Here! Need your tire mounted? We’ve got you covered! Tire Mount Discount",https://www.cyclegear.com/_a/product_images/2086/5702/motoz_tractionator_adventure_rear_tires.jpg,""
10375977,P1083804,"Michelin Anakee Road Tires",michelin-anakee-road-tires,Tires,Michelin Tires,"Adventure / Dual Sport","90 On Road 10 Off Road / Dot Tire / Multi Compound Tire / Touring Tire",183.99,242.95,4.50,25,"Honda, Yamaha, KTM, Kawasaki, Suzuki, Husqvarna, GasGas","Honda CRF250R / CRF450R, Yamaha YZ250F / YZ450F, KTM 250 SX-F / 450 SX-F, Kawasaki KX250 / KX450, Suzuki RM-Z250 / RM-Z450, Husqvarna FC 250 / FC 450",1995 - 2025,"Michelin Anakee Road tire Get the Adventure handling with the Michelin Road Performance you expect. Offering enhanced grip and longevity, the Michelin Anakee Road tire is the latest 90/10 Adventure Touring tire for a smooth quiet ride. Just as amazing for long touring rides as well as every day travel. A vast range of use, just like the adventure bikes they go on. If you're a rider that prefers the pavement path, the Anakee Road tire is designed with high level grip, regardless if you're in dry or wet conditions. Built to handle significant weight of some adventure bikes, they are still a perfect fit for the modern lighter generation adventure bikes.","90% on-road / 10% off-road Optimized wet grip for confident riding Longer lasting center tread compound for more miles Reliable on-road stability Additional sizing for W speed rated tires Note: Michelin will continue to offer the Michelin Road 6 (100% on-road) tire, the Michelin Anakee Adventure (80/20) tire, and the Michelin Anakee Wild (50/50) tire for the Adventure Touring segment. The Michelin Anakee III tire, Michelin’s current 90/10 tire, will be available until further notice. Michelin’s current offer of tubes will work with the new tire range. Notes : It is recommended to change your valve stem, tube and/or rim strip when installing a new tire. Shop Here! Need your tire mounted? We’ve got you covered! Tire Mount Discount",https://www.cyclegear.com/_a/product_images/2190/2798/michelin_anakee_road_tires.jpg,""
454102,P211459,"Pirelli Night Dragon Tires",pirelli-night-dragon-tires,Tires,Pirelli,"Cruiser / V-Twin","Customcruisertouring Bi / Customcruisertouring Ra / Cruiser Tire / Harley Tire",138.27,189.16,4.40,30,"Harley-Davidson / Indian","Harley Sportster / Harley Fxfxr / Harley Street / Harley Touring / Harley V Rod / Harley Softail / Harley Dyna / Harley Dyna Fat Bo / Harley Dyna Street / Harley Dyna Super / Harley Dyna Switch / Harley Softail Del / Harley Softail Deu / Harley Softail Fat / Harley Softail Her / Harley Softail Nig / Harley Sportster 1 / Harley Sportster 8 / Harley Sportster I / Harley Touring Ele / Harley Touring Roa / Harley Touring Str",1990 - 2025,"Pirelli Night Dragon Tires Better adhesion, road holding and looks than standard tires for custom and cruiser motorcycles Designed for motorcyclists that need tires with excellent grip but also last in high mileage scenarios Excellent performance and great fun to ride with a good balance between reliability and life of the tire Optimized for V-Twin engines with more power and higher torque Special research of the contact patch in order to ensure great stability at high speeds and quick acceleration Contact Patch / Compound: New shape and new dimension Allows use of more durable compounds with increased levels of grip 10% larger contact patch Structural Solutions: New front and rear profile Supports the bike at every lean angle Optimized pressure distribution on the contact patch Unbeatable dampening properties High level of riding comfort","Pirelli's Night Dragon allows a rider and his bike to reach their full potential without sacrificing mileage The Night Dragon increases not only wet and dry grip but gives you noticeably better handling on backroads and the interstate Modern tread pattern combines high-performance attributes and a great new style Outstanding grip at all lean angles Special compounds offer incredible straight-line acceleration and traction New structural designs provide great stability and comfort Tube/tubeless (TL); blackwall H-rated for speeds up to 130 mph; V-rated for speeds up to 149 mph; (V)-rated for speeds of 149+ mph; W-rated for speeds up to 168 mph or (W)-rated for speeds of 168+ mph Available in ""Reinforced"" for heavyweight touring bikes, two-up riding, or when required by OEM specifications GT ""reinforced"" spec for heavier touring bikes Notes : It is recommended to change your valve stem, tube and/or rim strip when installing a new tire. Shop Here! Need your tire mounted? We’ve got you covered! Tire Mount Discount",https://www.cyclegear.com/_a/product_images/0035/0557/0000_Pirelli_Night_Dragon_Front_Tire_--.jpg,""
10043020,P895784,"Michelin Road Classic Tires",michelin-road-classic-tires,Tires,Michelin Tires,"Cafe / Cruiser / V-Twin / Street / Sportbike","Cruiser Tire / Harley Tire / Vintage Tire / Dot Tire",183.99,239.95,4.70,44,"Harley-Davidson","Harley (Sportster, Softail, Dyna, Street Glide, Road King, Fat Boy), Honda Shadow / VTX, Yamaha V-Star / Bolt, Indian Scout / Chief, Kawasaki Vulcan, Suzuki Boulevard",1990 - 2025,"Michelin Road Classic Tires Optimize performance for your ageless classic. Michelin's Road Classic Tires provide the rider with more cornering stability, straight line stability, and 50% more wet grip than its predecessor. With technical approval from Triumph and their most iconic street cruiser models, the Michelin Road Classic Tires offer rider confidence with a classic look.","Michelin Silica Rain Technology and a 26% void ratio provide 50% more wet grip than the previous generation Provides 50% more stability in cornering 40% more straight-line stability Bias ply technology and bias casing supported by two crown plies Technical approval from Triumph for its most iconic models (Bonneville, Street Twin, etc.) Tubeless Notes : It is recommended to change your valve stem, tube and/or rim strip when installing a new tire. Shop Here! Need your tire mounted? We’ve got you covered! Tire Mount Discount",https://www.cyclegear.com/_a/product_images/1524/8856/michelin_road_classic_tires.jpg,""
1819828,P853988,"Michelin City Grip 2 Scooter Tire",michelin-city-grip-2-scooter-tire,Tires,Michelin Tires,"Scooter","Scooter Tire / Dot Tire",77.99,101.95,4.60,75,"Honda, Yamaha, Vespa, Suzuki, Piaggio, Kymco","Honda PCX150 / Ruckus, Yamaha Zuma / XMAX, Vespa Primavera / GTS 300, Suzuki Burgman 400",2005 - 2025,"Michelin City Grip 2 Scooter Tire The Michelin City Grip 2 Tires are back and ready for more. The City Grip 2 features an increased number of sipes that come in contact with the road as you lean into corners. This means increased excellent traction on wet pavement for your bike and piece of mind for you.","Excellent mileage Progressive Sipe Technology gradually increases sipe contact during corner for better grip on wet surfaces Some sizes available in reinforced sizing for heavier bikes or 2-up touring Reliable and reassuring handling and comfort Available in ""Reinforced"" for heavyweight touring bikes, two-up riding, or when required by OEM specifications Notes : It is recommended to change your valve stem, tube and/or rim strip when installing a new tire. Shop Here! Sold individually. ""Front/Rear"" option designates that this tire can fit both front or rear for certain applications.",https://www.cyclegear.com/_a/product_images/1425/6472/michelin_city_grip2_scooter_tires.jpg,""
1088791,P722106,"Pirelli Night Dragon GT Rear Tires",pirelli-night-dragon-gt-rear-tires,Tires,Pirelli,"Cruiser / V-Twin","Customcruisertouring Bi / Customcruisertouring Ra / Cruiser Tire / Harley Tire",194.37,260.43,4.70,121,"Harley-Davidson","Harley Sportster / Harley Fxfxr / Harley Street / Harley Touring / Harley V Rod / Harley Softail / Harley Dyna / Harley Dyna Fat Bo / Harley Dyna Street / Harley Dyna Super / Harley Dyna Switch / Harley Softail Del / Harley Softail Deu / Harley Softail Fat / Harley Softail Her / Harley Softail Nig / Harley Sportster 1 / Harley Sportster 8 / Harley Sportster I / Harley Touring Ele / Harley Touring Roa / Harley Touring Str",1990 - 2025,"Pirelli Night Dragon GT Rear Tires The Pirelli Night Dragon GT Rear Tires are 20% longer lasting than standard Night Dragon rear tires. Designed for larger and heavier motorcycles that need tires with excellent grip but also last in high mileage scenarios. Excellent performance and great fun to ride with a good balance between reliability and life of the tire. Special research of the contact patch in order to ensure great stability at high speeds and quick acceleration. Optimized for V-Twin engines with more power and higher torque.","Up to 20% Longer lasting Advanced Full Carbon Black compound Stiffer carcass thanks to structure stiffening and high belt tension Same legendary performance and 100% mixable with all Night Dragon front tires Available in ""Reinforced"" for heavyweight touring bikes, two-up riding, or when required by OEM specifications Notes : It is recommended to change your valve stem, tube and/or rim strip when installing a new tire. Shop Here! Need your tire mounted? We’ve got you covered! Tire Mount Discount",https://www.cyclegear.com/_a/product_images/1016/1556/pirelli_tire_night_dragon_gt_mt90_b1674_h.jpg,""
10148950,P958672,"Continental Road Attack 4 Tires",continental-road-attack-4-tires,Tires,Continental Tire,"Adventure / Dual Sport","Sport Touring Radial Do / Touring Tire / Multi Compound Tire / Dot Tire",203.00,320.95,4.80,31,"BMW, KTM, Honda, Yamaha, Triumph, Suzuki, Ducati, Kawasaki, Husqvarna","BMW R1200GS / R1250GS / F850GS, KTM 1290 Super Adventure / 890 Adventure, Honda Africa Twin / CRF300L, Yamaha Ténéré 700, Triumph Tiger 900 / 1200, Suzuki V-Strom 650, Kawasaki KLR650",2000 - 2025,"Continental Road Attack 4 Tires For excellent grip in a variety of conditions and longevity you can count on, look no further than the Continental Road Attack 4. Thanks to its performance-oriented tread pattern and improved compound, you can just as confidently knock down those miles in wet weather as you do in dry conditions. This is the perfect tire for someone who wants a long lasting tire that performs year round.","Performance oriented tread pattern for excellent grip in both wet and dry conditions Faster warm-up in cold and wet conditions Compound for improved wet grip in cold and slippery conditions Easy intuitive handling characteristics and optimal cornering grip TractionSkin technology ensures tires are ready to use straight away and a short break-in period Notes : It is recommended to change your valve stem, tube and/or rim strip when installing a new tire. Shop Here! Need your tire mounted? We’ve got you covered! Tire Mount Discount",https://www.cyclegear.com/_a/product_images/1709/1445/continental_road_attack4_tires.jpg,""
10321534,P1055273,"Motoz Tractionator RallZ Tires",motoz-tractionator-rallz-tires,Tires,Motoz,"Adventure / Dual Sport / Dirt Bike / Off-Road","20 On Road 80 Off Road / Dot Dirt Tires / Dual Sport Tire / Dot Tire",138.99,0.00,4.60,18,"Honda, Yamaha, KTM, Kawasaki, Suzuki, Husqvarna, GasGas","Honda CRF250R / CRF450R, Yamaha YZ250F / YZ450F, KTM 250 SX-F / 450 SX-F, Kawasaki KX250 / KX450, Suzuki RM-Z250 / RM-Z450, Husqvarna FC 250 / FC 450",1995 - 2025,"Motoz Tractionator RallZ Tires The RallZ is the most aggressive ADV option in the Motoz lineup, offering supreme traction for those daring enough to leave the tarmac behind and set off on a real off-road adventure. Note: The Tube-Type Tractionator RallZ options are specifically designed for lighter single seat enduro bikes and are not designed for larger displacement adventure bikes.","Designed for 20% on-road / 80% off-road use Hybrid natural / synthetic rubber compound with silica Self-sharpening tread blocks Directional tread pattern Tubeless (TL) and Tube-Type (TT) options available Notes : It is recommended to change your valve stem, tube and/or rim strip when installing a new tire. Shop Here! Need your tire mounted? We’ve got you covered! Tire Mount Discount",https://www.cyclegear.com/_a/product_images/2086/1997/motoz_tractionator_rall_z_tires.jpg,""
270717,P72285,"Shinko 005 Advance Tires",shinko-005-advance-tires,Tires,Shinko Tires,"Street / Sportbike","Sportbike Tire / Dot Tire",99.41,116.95,4.60,75,"BMW, KTM, Honda, Yamaha, Triumph, Suzuki, Ducati, Kawasaki, Husqvarna","BMW R1200GS / R1250GS / F850GS, KTM 1290 Super Adventure / 890 Adventure, Honda Africa Twin / CRF300L, Yamaha Ténéré 700, Triumph Tiger 900 / 1200, Suzuki V-Strom 650, Kawasaki KLR650",2000 - 2025,"Shinko 005 Advance Tires A large block-type tread pattern makes the Shinko Advance 005 an excellent all-around tire with radial construction - offering exceptional braking, cornering and acceleration characteristics.","Radial construction (except 120/70-21 bias size) Specially designed tread grooves help to dissipate water efficiently on wet surfaces Aramid belts enhance high speed performance W speed rated (168 mph) Intermediate rubber compound DOT approved Notes : It is recommended to change your valve stem, tube and/or rim strip when installing a new tire. Shop Here! Need your tire mounted? We’ve got you covered! Tire Mount Discount",https://www.cyclegear.com/_a/product_images/0009/1839/Shinko_005_Advance_Front_Tire.jpg,""
539452,P145788,"Continental Conti-Motion Radial Tires",continental-conti-motion-radial-tires,Tires,Continental Tire,"Adventure / Dual Sport","Sport Touring Radial Do / Touring Tire / Dot Tire",68.70,109.95,4.50,40,"BMW, KTM, Honda, Yamaha, Triumph, Suzuki, Ducati, Kawasaki, Husqvarna","BMW R1200GS / R1250GS / F850GS, KTM 1290 Super Adventure / 890 Adventure, Honda Africa Twin / CRF300L, Yamaha Ténéré 700, Triumph Tiger 900 / 1200, Suzuki V-Strom 650, Kawasaki KLR650",2000 - 2025,"Continental Conti-Motion Radial Tires New premium brand all-season Sport Touring radial for the price conscious rider.","Outstanding all-around performance radial for year-round use Unmatched levels of wet and dry grip Long life due to newly formulated polymer compound and modern force-oriented tread pattern 0° Steel-belt construction on the rear for excellent stability and ride comfort Notes : It is recommended to change your valve stem, tube and/or rim strip when installing a new tire. Shop Here! Need your tire mounted? We’ve got you covered! Tire Mount Discount",https://www.cyclegear.com/_a/product_images/0384/3694/continental_conti_motion_radial_tire.jpg,""
1193734,P365725,"Dunlop Roadsmart 3 Tires",dunlop-roadsmart-3-tires,Tires,Dunlop,"Adventure / Dual Sport","Sport Touring Radial Do / Touring Tire / Multi Compound Tire / Dot Tire",155.99,188.95,4.70,245,"BMW, KTM, Honda, Yamaha, Triumph, Suzuki, Ducati, Kawasaki, Husqvarna","BMW R1200GS / R1250GS / F850GS, KTM 1290 Super Adventure / 890 Adventure, Honda Africa Twin / CRF300L, Yamaha Ténéré 700, Triumph Tiger 900 / 1200, Suzuki V-Strom 650, Kawasaki KLR650",2000 - 2025,"Dunlop Roadsmart 3 Tires The Dunlop Roadsmart 3 Tires feature Interconnecting Groove Tread technology and an entirely revised rayon ply carcass that, together, provide excellent wet weather grip and handling. Thanks to a redesigned front profile, the Roadsmart 3 tires require significantly less steering input then previous versions. Dunlop's MultiTread technology uses a long-wearing compound at the center and soft lateral-grip compound at the sides to provide superior grip without compromising longevity.","Entirely revised rayon ply carcass and front profile requires less steering input and provides precise handling without sacrificing Roadsmart's trademark confidence inspiring feel and feedback Interconnecting Groove Tread (iGT) provides excellent water evacuation while promoting even tire wear MultiTread compound with tri-polymer blend and high dispersion silica mix provides increased mileage and wet weather grip MT compound and iGT design work together to ensure top level performance for the life of the tire Notes : It is recommended to change your valve stem, tube and/or rim strip when installing a new tire. Shop Here! Need your tire mounted? We’ve got you covered! Tire Mount Discount",https://www.cyclegear.com/_a/product_images/2089/7487/dunlop_roadsmart3_tires.jpg,""
1790964,P836175,"Michelin Power 5 Tires",michelin-power-5-tires,Tires,Michelin Tires,"Street / Sportbike","Sportbike Tire / Dot Tire",181.99,255.95,4.80,79,"Honda, Yamaha, Kawasaki, Suzuki, BMW, Ducati, Triumph, Aprilia","Honda CBR600RR / CBR1000RR, Yamaha YZF-R6 / YZF-R1 / MT-07 / MT-09, Kawasaki Ninja 650 / ZX-6R / ZX-10R, Suzuki GSX-R600 / GSX-R1000, BMW S1000RR, Ducati Monster / Panigale",1998 - 2025,"Michelin Power 5 Tires The Power 5 is as superb as a daily ridden tire can be. Building on the Michelin Power RS, the Power 5 Tire exceeds both the former RS's dry performance and adds even better wet-weather grip. Using Michelin’s ""Adaptive Casing Technology"", the Power 5 uses a unique single ply carcass at an angle close to 90° to increase grip at the crown of the tire, yet folds that single ply over on itself on each sidewall to stiffen it - resulting in less sidewall flex and better tracking through corners. A void ratio of 11% is matched between front and rear tire sizes. Rubber compounds use a mix of Michelin's proprietary 2CT and 2CT+ silica blends to balance longevity with dry and wet performance.","Incorporates ACT (Adaptive Casing Technology) developed from Michelin race tires for improved grip and unique feel Front tire profile optimized to promote quick turn in and accurate feedback 2CT compound used on the front tire to enhance corner grip without compromising longevity 2CT+ compound on rear tire reduces sidewall flex at lean and increases corner exit stability Outstanding grip in wet or dry conditions Tubeless (TL) (W)-rated for speeds of 168+ mph Notes : It is recommended to change your valve stem, tube and/or rim strip when installing a new tire. Shop Here! Need your tire mounted? We’ve got you covered! Tire Mount Discount",https://www.cyclegear.com/_a/product_images/2062/8768/michelin_power5_tires.jpg,""
10454234,P42746,"Continental Twinduro TKC80 Dual Sport Tires",continental-twinduro-tkc80-dual-sport-tires,Tires,Continental Tire,"Dirt Bike / Off-Road / Adventure / Dual Sport","Dual Onoff Dot / 40 On Road 60 Off Road / Dot Dirt Tires / Dirt Bike Tire",112.25,198.95,4.60,45,"Honda, Yamaha, KTM, Kawasaki, Suzuki, Husqvarna, GasGas","Honda CRF250R / CRF450R, Yamaha YZ250F / YZ450F, KTM 250 SX-F / 450 SX-F, Kawasaki KX250 / KX450, Suzuki RM-Z250 / RM-Z450, Husqvarna FC 250 / FC 450",1995 - 2025,"Continental Twinduro TKC80 Dual Sport Tires Continental Tire revived the legendary Twinduro TKC80 tires, maintaining their world-renowned reliable performance while incorporating enhancements in design and materials. An overhauled manufacturing process introduces state-of-the-art compound mixing, new molds, upgraded breaker material, and cutting-edge machinery. The product of this meticulous work is a significantly enhanced tire, offering riders increased stability, superior wet grip, and the trusted off-road capabilities that cemented the Continental TKC80's iconic status. The revamped construction not only elevates ride quality but also shaves 3.8 seconds off previous lap times in wet conditions, bolstering stability without sacrificing the tire's hallmark block design. This ensures that while riders tackle off-road challenges with confidence, they can also expect a smooth and quiet experience on paved roads. Technology: RainGrip stands for excellent wet grip optimization – made possible by a specially activated silica mixture. The result: the best possible grip, down to the microscopic level of the road surface, even under difficult conditions. The new silica compound on the front tire also improves wet grip in cold and slippery conditions without negatively affecting mileage. MultiGrip technology for a homogeneous gradation of grip levels with a single compound. This means that no annoying transitions between different compounds are noticeable when moving from the central tread area to the shoulder. TractionSkin eliminates the hassle of starting the new tire and - thanks to the micro-rough tread - offers grip from the first mile. ZeroDegree 0° steel belt construction with alignment of the belt position on the carcass on the front and rear tires in the direction of travel guarantees excellent stability at high speeds and low kickback tendency","Improved compound mixing process retains physical capabilities of the iconic TKC 80 with increased wet grip New breaker material returns durability with improved riding behavior for a more stable ride New sidewall design combined with iconic pattern for highest quality appearance with modern design New building process to ensure top quality and durability 40% on-road / 60% off-road Compound and wide block tread pattern deliver optimal on and offroad grip and performance Excellent braking and traction on a wide range of surfaces from loose to hard pack High cornering stability on soft terrain Good self-cleaning properties TL=Tubeless TT=Tube Type Tires Eligible for Continental's free 3 year roadside warranty Notes : It is recommended to change your valve stem, tube and/or rim strip when installing a new tire. Shop Here! Need your tire mounted? We’ve got you covered! Tire Mount Discount",https://www.cyclegear.com/_a/product_images/2089/6382/continental_twinduro_tkc80_dual_sport_tires.jpg,""
10184684,P979967,"Kenda KM1 Tires",kenda-km1-tires,Tires,N/A,"Adventure / Dual Sport / Street / Sportbike","Sportbike Tire / Touring Tire / Dot Tire",101.97,114.99,4.50,42,"BMW, KTM, Honda, Yamaha, Triumph, Suzuki, Ducati, Kawasaki, Husqvarna","BMW R1200GS / R1250GS / F850GS, KTM 1290 Super Adventure / 890 Adventure, Honda Africa Twin / CRF300L, Yamaha Ténéré 700, Triumph Tiger 900 / 1200, Suzuki V-Strom 650, Kawasaki KLR650",2000 - 2025,"Kenda KM1 Tires State-of-the-art construction and advanced rubber compound technology combine to create the KM1 sport-touring radial. Optimized apex geometry delivers the perfect balance of high-speed stability and lightning fast turn-in. Kenda's proprietary rubber compound reaches target operating temperature faster than competitor and excels in wet grip with increased siping. Kenda's long-wearing compound promises more miles without sacrificing performance.","High performance sport-touring radial Optimized balance of high-speed stability and lightning fast turn-in Advanced rubber compound for good wet and dry grip Tire reaches target road operating temperatures fast Long-wearing rubber blend without sacrificing traction Tubeless (TL) design for all sizes Notes : It is recommended to change your valve stem, tube and/or rim strip when installing a new tire. Shop Here! Need your tire mounted? We’ve got you covered! Tire Mount Discount",https://www.cyclegear.com/_a/product_images/1821/9637/kenda_tire_km173_w.jpg,""
817411,P209987,"Shinko SE890 Journey Touring Radial Tires",shinko-se890-journey-touring-radial-tires,Tires,Shinko Tires,"Adventure / Dual Sport / Cruiser / V-Twin","Cruiser Tire / Touring Tire / Harley Tire / Dot Tire",199.71,234.95,4.50,124,"Harley-Davidson","Touring",1990 - 2025,"Shinko SE890 Journey Touring Radial Tires Designed to meet the demands from larger touring bikes and cruisers.","Econmically priced without sacrificing quality Excellent ride and load carrying capabilities Aramid-belted radial construction Tread compound designed for optimal grip and good mileage Notes : It is recommended to change your valve stem, tube and/or rim strip when installing a new tire. Shop Here! Need your tire mounted? We’ve got you covered! Tire Mount Discount",https://www.cyclegear.com/_a/product_images/2089/7181/shinko_se890_journey_touring_radial_tires.jpg,""
158659,P43198,"Dunlop D606 Dual Sport Tires",dunlop-d606-dual-sport-tires,Tires,Dunlop,"Dirt Bike / Off-Road / Adventure / Dual Sport","Dual Onoff Dot / Dirt Bike Tire / 10 On Road 90 Off Road / Dual Sport Tire",133.99,193.95,4.50,34,"Honda, Yamaha, KTM, Kawasaki, Suzuki, Husqvarna, GasGas","Honda CRF250R / CRF450R, Yamaha YZ250F / YZ450F, KTM 250 SX-F / 450 SX-F, Kawasaki KX250 / KX450, Suzuki RM-Z250 / RM-Z450, Husqvarna FC 250 / FC 450",1995 - 2025,"Dunlop D606 Dual Sport Tires Dunlop designed the D606 tire to be street-legal but with an emphasis on aggressive off-road riding and great durability. The aggressive tread pattern is designed for serious trail use and offers excellent traction yet the tread compound is made for good highway durability.","10% on-road / 90% off-road D.O.T. approved front and rear provides good highway grip and durability Excellent traction in all offroad conditions D606 front tire matches with D739 A/T rear for desert riders Tube Type Notes : It is recommended to change your valve stem, tube and/or rim strip when installing a new tire. Shop Here! Need your tire mounted? We’ve got you covered! Tire Mount Discount",https://www.cyclegear.com/_a/product_images/0370/7094/dunlop_d606_dual_sport_tires.jpg,""
1561080,P647294,"Avon Cobra Chrome AV91 / AV92 Tires",avon-cobra-chrome-av91-av92-tires,Tires,Avon Tire,"Cruiser / V-Twin","Multi Compound Tire / Whitewall Tire / Cruiser Tire / Harley Tire",170.61,208.52,4.80,369,"Harley-Davidson","Harley Sportster / Harley Fxfxr / Harley Street / Harley Touring / Harley V Rod / Harley Softail / Harley Dyna / Harley Dyna Fat Bo / Harley Dyna Street / Harley Dyna Super / Harley Dyna Switch / Harley Softail Del / Harley Softail Deu / Harley Softail Fat / Harley Softail Her / Harley Softail Nig / Harley Sportster 1 / Harley Sportster 8 / Harley Sportster I / Harley Touring Ele / Harley Touring Roa / Harley Touring Str",1990 - 2025,"Avon Cobra Chrome AV91 / AV92 Tires The Avon Cobra Chrome Tires are an evolution over Avon's ever-popular Cobra Tires and feature improved grip and mileage and an expanded snakeskin effect.","Incorporates sportbike tire technology for nimble handling Special construction to deal with heavy loads Incredible stability and longevity - perfect for touring 5% larger contact patch and up to 10% more mileage over original Cobra tires Unique 'snakeskin-effect' sidewall and aggressive tread pattern Extra wide sizes for custom bikes Ultra-quiet Available in a wide range of sizes, incorporating fitments for Harley Davidson's V-Rod, Triumph's Rocket III, Honda's Goldwing and Valkyrie plus some sizes for custom bike applications Whitewalls available in some sizes indicated by WWW Notes : It is recommended to change your valve stem, tube and/or rim strip when installing a new tire. Shop Here! Need your tire mounted? We’ve got you covered! Tire Mount Discount",https://www.cyclegear.com/_a/product_images/0781/3002/avon_cobra_chrome_tires.jpg,""
10321546,P1055281,"Motoz Tractionator DualVenture Front Tires",motoz-tractionator-dualventure-front-tires,Tires,Motoz,"Adventure / Dual Sport","30 On Road 70 Off Road / Dot Tire / Dual Sport Tire",145.99,0.00,3.80,19,"Honda, Yamaha, KTM, Kawasaki, Suzuki, Husqvarna, GasGas","Honda CRF250R / CRF450R, Yamaha YZ250F / YZ450F, KTM 250 SX-F / 450 SX-F, Kawasaki KX250 / KX450, Suzuki RM-Z250 / RM-Z450, Husqvarna FC 250 / FC 450",1995 - 2025,"Motoz Tractionator DualVenture Front Tires Built to pair up with the Tractionator Adventure Rear Tires, the DualVenture takes some queues from the Adventure lineup and incorporates them into a reversible front tire with superior on and off-road capability.","Pairs with the Tractionator Adventure Rear Tire Designed for 30% on-road / 70% off-road Hybrid natural / synthetic rubber compound with silica Self-sharpening tread blocks Directional tread pattern Tubeless (TL) and Tube-Type (TT) options available Notes : It is recommended to change your valve stem, tube and/or rim strip when installing a new tire. Shop Here! Need your tire mounted? We’ve got you covered! Tire Mount Discount",https://www.cyclegear.com/_a/product_images/2086/2065/motoz_tractionator_dualventure_front_tires.jpg,""
10578494,P1181073,"Continental TKC80 Generation 2 Dual Sport Tires",continental-tkc80-generation-2-dual-sport-tires,Tires,Continental Tire,"Dirt Bike / Off-Road / Adventure / Dual Sport","50 On Road 50 Off Road / Dot Tire / Dual Sport Tire",141.30,216.45,5.00,1,"Honda, Yamaha, KTM, Kawasaki, Suzuki, Husqvarna, GasGas","Honda CRF250R / CRF450R, Yamaha YZ250F / YZ450F, KTM 250 SX-F / 450 SX-F, Kawasaki KX250 / KX450, Suzuki RM-Z250 / RM-Z450, Husqvarna FC 250 / FC 450",1995 - 2025,"Continental TKC80 Generation 2 Dual Sport Tires Continental TKC80 Generation 2 Dual Sport Tires represent a significant enhancement for any motorcycle, delivering a balanced 50/50 performance that effortlessly transitions from pavement to rugged trails. Riders can enjoy a seamless riding experience on the road, while the advanced off-road technology ensures a strong grip and superior handling when the terrain gets challenging.","Optimized damping based on a carcass construction tailored for 50/50 on- and off-road use, ensuring stable and comfortable handling even at high speeds on paved roads and beyond Strong off-road traction and mileage thanks to a new tread design that delivers more mechanical grip through added biting edges, staggered shoulder blocks and optimized block geometry Enhanced wet grip for greater confidence and safety in rainy conditions, enabled by a new compound and RainGrip technology Noticeably improved stability and control on both road and trail due to a new block design with a larger contact patch Bigger footprint area in critical wear zone with a net area increase of +17%",https://www.cyclegear.com/_a/product_images/2563/3393/continental_tkc80_generation2_dual_sport_tires.jpg,""
270594,P72232,"Shinko 244 Dual Sport Tires",shinko-244-dual-sport-tires,Tires,Shinko Tires,"Dirt Bike / Off-Road / Adventure / Dual Sport","50 On Road 50 Off Road / Dot Dirt Tires / Dual Sport Tire / Dot Tire",48.41,56.95,4.70,207,"Honda, Yamaha, KTM, Kawasaki, Suzuki, Husqvarna, GasGas","Honda CRF250R / CRF450R, Yamaha YZ250F / YZ450F, KTM 250 SX-F / 450 SX-F, Kawasaki KX250 / KX450, Suzuki RM-Z250 / RM-Z450, Husqvarna FC 250 / FC 450",1995 - 2025,"Shinko 244 Dual Sport Tires The 244 Series dual purpose street and trail tire is designed to be equally at home on dirt or pavement.","Dual purpose street and trail design 50% on-road / 50% off-road DOT approved Tube-type 4 ply rating All sizes designed for front or rear fitment Sold individually Note: Tires are stamped with Golden Boy SR 244 rather than Shinko branding. Notes : It is recommended to change your valve stem, tube and/or rim strip when installing a new tire. Shop Here! Need your tire mounted? We’ve got you covered! Tire Mount Discount",https://www.cyclegear.com/_a/product_images/0009/1629/Shinko_Dual_Sport.jpg,""
10042549,P895611,"Michelin Pilot Street 2 Tires",michelin-pilot-street-2-tires,Tires,Michelin Tires,"Scooter / Street / Sportbike","Scooter Tire / Sportbike Tire / Dot Tire",47.99,55.95,4.50,28,"Honda, Yamaha, Vespa, Suzuki, Piaggio, Kymco","Honda PCX150 / Ruckus, Yamaha Zuma / XMAX, Vespa Primavera / GTS 300, Suzuki Burgman 400",2005 - 2025,"Michelin Pilot Street 2 Tires The Michelin Pilot Street 2 Tires provides an optimal rain or shine tire to scooters and small bikes. The all new tread pattern is designed to minimize uneven wear and maximize mileage, while maintaining great handling and braking in wet conditions. The shape of the tire allows more feel resulting in more maneuverability and confidence in any conditions.","Optimized groove tread pattern Tread pattern designed to minimize uneven wear and maximize mileage while enhancing wet weather performance Small central grooves and progressive side grooves designed for enhanced water evacuation Precision handling with high level of rider feedback Superior longevity compared to a primary bias-ply competitor Tubeless Notes : It is recommended to change your valve stem, tube and/or rim strip when installing a new tire. Shop Here!",https://www.cyclegear.com/_a/product_images/1524/9162/michelin_pilot_street2_tires.jpg,""
1063256,P314563,"Pirelli MT60RS Tires",pirelli-mt60rs-tires,Tires,Pirelli,"Adventure / Dual Sport","Dual Road Radial Dot / Dual Road Bias Dot / 80 On Road 20 Off Road / Dual Sport Tire",178.88,239.65,4.10,29,"Honda, Yamaha, KTM, Kawasaki, Suzuki, Husqvarna, GasGas","Honda CRF250R / CRF450R, Yamaha YZ250F / YZ450F, KTM 250 SX-F / 450 SX-F, Kawasaki KX250 / KX450, Suzuki RM-Z250 / RM-Z450, Husqvarna FC 250 / FC 450",1995 - 2025,"Pirelli MT60RS Tires Developed using the same winning technology used for Pirelli's super sport tires, the Pirelli MT60RS Tires are the go-to for smaller bikes that want to get dirty. The tread design offers excellent street performance and just enough grip off-road to handle fire roads or loose terrain without getting into trouble.","Maximum grip tread 110/80R18 58H and 160/60R17 69H are OE fitment on certain Ducati Scrambler models 180/55ZR17 73W D-Spec is the OE rear fitment on Scrambler 1100 models Superb cornering and straight-line stability; exceptional wet-weather performance Excellent traction, on- and off-road; provides light, responsive handling H-rated for speeds up to 130 mph or W-rated for speeds up to 168 mph Tubeless (TL) Blackwall Notes : It is recommended to change your valve stem, tube and/or rim strip when installing a new tire. Shop Here! Need your tire mounted? We’ve got you covered! Tire Mount Discount",https://www.cyclegear.com/_a/product_images/1459/2070/pirelli_mt60_rs_tires.jpg,""
979050,P281628,"Shinko 804 / 805 Big Block Adventure Touring Tires",shinko-804-805-big-block-adventure-touring-tires,Tires,Shinko Tires,"Dirt Bike / Off-Road / Adventure / Dual Sport","40 On Road 60 Off Road / Dot Dirt Tires / Dirt Bike Tire / Dual Sport Tire",124.91,146.95,4.50,177,"Honda, Yamaha, KTM, Kawasaki, Suzuki, Husqvarna, GasGas","Touring",1995 - 2025,"Shinko 804/805 Big Block Adventure Touring Tires The Shinko 804 and 805 Big Block tires are designed specifically for the larger adventure touring bikes. The large block pattern not only looks good, but will also handle almost anything you put in it's path, while giving you a stable and comfortable ride on the road.","Classic big block tread pattern 40% on-road / 60% off-road DOT approved Notes : It is recommended to change your valve stem, tube and/or rim strip when installing a new tire. Shop Here! Need your tire mounted? We’ve got you covered! Tire Mount Discount",https://www.cyclegear.com/_a/product_images/0100/1554/shinko804805_big_block_adventure_touring_tires_110801959_q.jpg,""
10456458,P1119085,"Pirelli Scorpion Trail III Tires",pirelli-scorpion-trail-iii-tires,Tires,Pirelli,"Adventure / Dual Sport","90 On Road 10 Off Road / Dot Tire / Multi Compound Tire / Touring Tire",156.87,210.21,4.00,5,"Honda, Yamaha, KTM, Kawasaki, Suzuki, Husqvarna, GasGas","Honda CRF250R / CRF450R, Yamaha YZ250F / YZ450F, KTM 250 SX-F / 450 SX-F, Kawasaki KX250 / KX450, Suzuki RM-Z250 / RM-Z450, Husqvarna FC 250 / FC 450",1995 - 2025,"Pirelli Scorpion Trail III Tires The Scorpion Trail III tires are adventure-touring tires designed for sporty performance, delivering confidence on both winding roads and gravel terrain. Compound: New full silica compounds for both front and rear that improve performance in both wet and dry conditions. Rear sizes are bi-compound with a softer stripe on shoulders thanks to different plastifying resins that improve grip while cornering. Front compound is similar to the rear central one, allowing high stability and wear resistance. Structure: The high stiffness structure that supports the profile and guarantees the sporty handling is directly derived from our experience in super sport and sport-touring. Structure cords have a superior linear density and higher stiffness, to increase lateral thrust for better trajectory precision and stability when leaning. Moreover, this guaranties that the original performances are maintained throughout the entire tire life. Tread Design: The tread pattern design is an evolution and upgrade over the Scorpion Trail II that provides greater control and stability. The asymmetric repositioning of the grooves increases its efficiency and contact patch sturdiness for better performance at high speed whilst keeping the off-road spirit on dirty roads. Profiles: Directly derived from Sport-touring with a multi-radius approach that increase the sporty feeling with a progressive and confident behavior thanks the to rounded profile and increased overall width.","Asymmetric repositioning of the grooves to increase efficiency and contact patch sturdiness for better performance at high speed while keeping the off-road spirit on dirt roads Structure cords have a superior linear density and higher stiffness, to increase lateral thrust for better trajectory precision and stability when leaning Developed for adventure and cross-over motorcycles, to be used in a wide range of conditions, from twisty to gravel roads Full silica compounds for both front and rear that improve performance in both wet and dry conditions High stiffness structure that supports the profile and guarantees a sporty handling Rounded profile and increased overall width D-Spec tires are an OEM Ducati Spec variant designed to replace the OEM tires on applicable models DOT Approved",https://www.cyclegear.com/_a/product_images/2351/8602/pirelli_scorpion_trail_iii_tires.jpg,""
158010,P314693,"Bridgestone Exedra Honda Goldwing Radial Tires for GL1800",bridgestone-exedra-honda-goldwing-radial-tires-for-gl1800,Tires,Bridgestone,"Adventure / Dual Sport / Cruiser / V-Twin","Touring Tire / Dot Tire",231.47,348.22,4.70,79,"Honda","Goldwing",1990 - 2025,"Bridgestone Exedra Honda Goldwing Radial Tires for GL1800 Models Designed and developed closely with Honda, specifically for Honda Goldwing GL1800 models.","Original equipment on all Goldwing models since 2012 - G709 front, G704 rear Superior replacement tires for all other Honda GL1800 models Unidirectional pattern for reliable performance on dry or wet surfaces Tread compound maximizes traction and mileage Tubeless Notes : It is recommended to change your valve stem, tube and/or rim strip when installing a new tire. Shop Here! Need your tire mounted? We’ve got you covered! Tire Mount Discount",https://www.cyclegear.com/_a/product_images/0153/2513/bridgestone_exedra_honda_goldwing_radial_tires_gl180013070_r1863_h_radial.jpg,""
1088274,P326409,"Michelin Anakee Wild Tires",michelin-anakee-wild-tires,Tires,Michelin Tires,"Adventure / Dual Sport","Dual Road Radial Dot / Dual Road Bias Dot / 50 On Road 50 Off Road / Dual Sport Tire",160.99,213.95,4.00,81,"Honda, Yamaha, KTM, Kawasaki, Suzuki, Husqvarna, GasGas","Honda CRF250R / CRF450R, Yamaha YZ250F / YZ450F, KTM 250 SX-F / 450 SX-F, Kawasaki KX250 / KX450, Suzuki RM-Z250 / RM-Z450, Husqvarna FC 250 / FC 450",1995 - 2025,"Michelin Anakee Wild Tires The Michelin Anakee Wild Tires make all the different for those that venture off the beaten path. Off road designed compounds, combined with an aggressive tread pattern inspired by Michelin's Dakar winning Desert Race tire, offer extraordinary performance for long adventures. These tires provide true off-road performance, especially in challenging conditions and, in addition to proven off-road performance, the front/rear casing design ensures superior on-road stability. With sizes specifically made for ADV bikes, the Anakee 3 Wild Tires will help you put your bike's horsepower to the ground in a meaningful way.","An off-road version of the popular Anakee III Ideal for riders who like to take their bikes on the trails 50% on-road / 50% off-road Notes : It is recommended to change your valve stem, tube and/or rim strip when installing a new tire. Shop Here! Need your tire mounted? We’ve got you covered! Tire Mount Discount",https://www.cyclegear.com/_a/product_images/2063/3630/michelin_anakee_wild_tires.jpg,""
454651,P126403,"Metzeler Tourance Tires",metzeler-tourance-tires,Tires,Metzeler,"Adventure / Dual Sport","Dual Road Radial Dot / Dual Road Bias Dot / 80 On Road 20 Off Road / Dual Sport Tire",133.65,199.95,4.60,54,"Honda, Yamaha, KTM, Kawasaki, Suzuki, Husqvarna, GasGas","Honda CRF250R / CRF450R, Yamaha YZ250F / YZ450F, KTM 250 SX-F / 450 SX-F, Kawasaki KX250 / KX450, Suzuki RM-Z250 / RM-Z450, Husqvarna FC 250 / FC 450",1995 - 2025,"Metzeler Tourance Tires The Metzeler Tourance dual sport tires were developed and tuned for today's big, modern, street-oriented Enduro bikes.","Lets you take your touring-configured enduro bike for longer rides Radial tires feature twin layer, 4-ply diagonal tire carcass construction 85% on-road / 15% off-road bias Radial front and rear tires feature Metzeler's 0° Steel Radial belt technology Maximum mileage on the street and great traction also on light off-road surfaces thanks to the specific compound Tire compound provides long mileage, stable handling and touring comfort on road; tread design also handles light off-road riding Optimized tread design reduces rolling noise MAW (Metzeler Advanced Winding) Technology Notes : It is recommended to change your valve stem, tube and/or rim strip when installing a new tire. Shop Here! Need your tire mounted? We’ve got you covered! Tire Mount Discount",https://www.cyclegear.com/_a/product_images/0013/9481/Metzeler_Tourance_Front_Tire.jpg,""
10575901,P1179999,"Bridgestone Battlax RS12 Tires",bridgestone-battlax-rs12-tires,Tires,Bridgestone,"Street / Sportbike","Dot Tire / Multi Compound Tire / Sportbike Tire",244.00,325.29,4.50,2,"Honda, Yamaha, Kawasaki, Suzuki, BMW, Ducati, Triumph, Aprilia","Honda CBR600RR / CBR1000RR, Yamaha YZF-R6 / YZF-R1 / MT-07 / MT-09, Kawasaki Ninja 650 / ZX-6R / ZX-10R, Suzuki GSX-R600 / GSX-R1000, BMW S1000RR, Ducati Monster / Panigale",1998 - 2025,"Bridgestone Battlax RS12 Tires The Bridgestone Battlax Racing Street RS12 stands as the pinnacle of hypersport tires within Bridgestone's range, crafted for those who demand peak performance on both roads and racetracks. It offers superb performance for track days, negating the necessity of complete slick tires. With a focus on superior dry traction and assured steering, it comes with striking sidewall and tread patterns. Fast and steady laps are its forte, ensuring riders derive maximum pleasure during their circuit runs and street rides.","Bridgestone’s most aggressive, street legal, hypersport tire Engineered to bridge the gap between a dedicated track tire and a high-performance street tire Maximum Dry Grip : Bridgestone race tire compound technology helps deliver amazing grip and durability for both track and street riding\ For riders requiring some level of rain performance, better options exist The new steel HE-MSB construction in the front tires is engineered for stabilizing and equalizing pressure under extreme braking loads, while the wide shoulder of advanced race compound on the rear helps drive out of corners Consistent Lap Time : Race tire compounds developed in endurance racing help deliver fast times, lap after lap Racing-Inspired Appearance: A slick, redesigned shoulder provides a true racing aesthetic and a contact patch increase of 9% on the front tire and a 4% on the rear tire compared to the preceding RS11 tire Compared to the RS11 predecessor: Softer race compound at the shoulders is slick - no tread pattern for max grip Drastically improved dry grip at far lean angles Groove pattern redesign not only adds a racing aesthetic but it increases the overall contact patch High-Elongation Mono Spiral Belt design : delivers harder trail breaking into corners In initial private testing, the RS12 demonstrates significantly faster lap times with less degradation against the RS11 and 3rd party competitors Notes : It is recommended to change your valve stem, tube and/or rim strip when installing a new tire. Shop Here! Need your tire mounted? We’ve got you covered! Tire Mount Discount",https://www.cyclegear.com/_a/product_images/2556/3045/bridgestone_battlax_rs12_tires.jpg,""
454408,P194093,"Pirelli MT21 Rallycross Tires",pirelli-mt21-rallycross-tires,Tires,Pirelli,"Adventure / Dual Sport","Dual Onoff Dot / 10 On Road 90 Off Road / Dual Sport Tire / Touring Tire",134.68,173.31,4.80,51,"Honda, Yamaha, KTM, Kawasaki, Suzuki, Husqvarna, GasGas","Honda CRF250R / CRF450R, Yamaha YZ250F / YZ450F, KTM 250 SX-F / 450 SX-F, Kawasaki KX250 / KX450, Suzuki RM-Z250 / RM-Z450, Husqvarna FC 250 / FC 450",1995 - 2025,"Pirelli MT21 Rallycross Tires","Extreme dual purpose tire 10% on-road / 90% off-road Excellent for a variety of off-road uses Top-selling dual-sport tire in the USA A flexible carcass to ensure high stability and precision An optimised tread for use on dirt tracks and gravel, cross country racing and in the desert Notes : It is recommended to change your valve stem, tube and/or rim strip when installing a new tire. Shop Here! Need your tire mounted? We’ve got you covered! Tire Mount Discount",https://www.cyclegear.com/_a/product_images/0024/8851/633017787585292238MT21Rear.jpg,""
270737,P72288,"Shinko 009 Raven Tires",shinko-009-raven-tires,Tires,Shinko Tires,"Street / Sportbike","Sportbike Tire / Dot Tire",99.41,116.95,4.60,142,"Honda, Yamaha, Kawasaki, Suzuki, BMW, Ducati, Triumph, Aprilia","Honda CBR600RR / CBR1000RR, Yamaha YZF-R6 / YZF-R1 / MT-07 / MT-09, Kawasaki Ninja 650 / ZX-6R / ZX-10R, Suzuki GSX-R600 / GSX-R1000, BMW S1000RR, Ducati Monster / Panigale",1998 - 2025,"Shinko 009 Raven Tires The Raven high performance radial was specifically designed for long life.","Specifically designed to meet the demands of high performance tires Provides superior riding comfort and high grip W speed rated (168 mph) Aramid belted Highest tread life of Shinko sport performance radials DOT approved Notes : It is recommended to change your valve stem, tube and/or rim strip when installing a new tire. Shop Here! Need your tire mounted? We’ve got you covered! Tire Mount Discount",https://www.cyclegear.com/_a/product_images/0009/1867/Shinko_009_Raven_Front_Tire.jpg,""
270680,P72265,"Shinko 230 Tour Master Tires",shinko-230-tour-master-tires,Tires,Shinko Tires,"Adventure / Dual Sport / Cruiser / V-Twin","Cruiser Tire / Touring Tire / Harley Tire / Dot Tire",93.46,109.95,4.70,740,"Harley-Davidson","Harley (Sportster, Softail, Dyna, Street Glide, Road King, Fat Boy), Honda Shadow / VTX, Yamaha V-Star / Bolt, Indian Scout / Chief, Kawasaki Vulcan, Suzuki Boulevard",1990 - 2025,"Shinko 230 Tour Master Tires The Shinko 230 Tour Master is designed to carry high loads for long distances, in wet or dry conditions.","Designed for long distance, high speed riding Aramid belted Staggered tread design offers a quiet ride with excellent handling Tubeless Notes : It is recommended to change your valve stem, tube and/or rim strip when installing a new tire. Shop Here! Need your tire mounted? We’ve got you covered! Tire Mount Discount",https://www.cyclegear.com/_a/product_images/0011/9447/Shinko_230_Tour_Master_Rear_Tire.jpg,""
981146,P283043,"Continental TKC 70 Tires",continental-tkc-70-tires,Tires,Continental Tire,"Adventure / Dual Sport","80 On Road 20 Off Road / Touring Tire / Dual Sport Tire / Dot Tire",255.47,287.45,4.20,122,"Honda, Yamaha, KTM, Kawasaki, Suzuki, Husqvarna, GasGas","Honda CRF250R / CRF450R, Yamaha YZ250F / YZ450F, KTM 250 SX-F / 450 SX-F, Kawasaki KX250 / KX450, Suzuki RM-Z250 / RM-Z450, Husqvarna FC 250 / FC 450",1995 - 2025,"Continental TKC70 Dual Sport Tires Bridging the gap between the more off-road oriented TKC 80 Twinduro Tires and the Trail Attack 2 Tires, the Continental TKC70 Tires make an excellent balance between on-road and light off-road adventures. Featuring innovations you've come to expect from Continental like 0° steel belt construction for superior stability and comfort even at high cruising speeds and Continuous Compound-Technology, the TKC70 tires adapt to changing conditions with ease. Specifically designed to help alleviate the complaints of short wear-life of the TKC80 Tires, the usability of a slightly more street-oriented design has been improved and is apparent with the TKC 70.","80% on-road / 20% off-road balance is equally at home on light trail work as they are on slab Provides a high level of grip in all wet and dry conditions Excellent mileage for long trips on asphalt Quiet high-speed stability due to the central band on the rear tire Aggressive siping and self-cleaning grooves add to the all-weather prowess Ideal ADV Tire choice for larger displacement bikes Eligible for Continental's free 3 year roadside warranty Pair the Dual Sport front tire with TKC 70 Rocks rear tire for more aggressive off-road bias Notes : It is recommended to change your valve stem, tube and/or rim strip when installing a new tire. Shop Here! Need your tire mounted? We’ve got you covered! Tire Mount Discount",https://www.cyclegear.com/_a/product_images/0118/8554/continental_tkc70_tires.jpg,""
1597136,P675701,"Bridgestone Battlax AdventureCross AX41 Tires",bridgestone-battlax-adventurecross-ax41-tires,Tires,Bridgestone,"Adventure / Dual Sport","Dual Onoff Dot / 40 On Road 60 Off Road / Dual Sport Tire / Dot Tire",141.01,202.98,4.40,46,"Honda, Yamaha, KTM, Kawasaki, Suzuki, Husqvarna, GasGas","Honda CRF250R / CRF450R, Yamaha YZ250F / YZ450F, KTM 250 SX-F / 450 SX-F, Kawasaki KX250 / KX450, Suzuki RM-Z250 / RM-Z450, Husqvarna FC 250 / FC 450",1995 - 2025,"Bridgestone Battlax Adventurecross AX41 Tires The Bridgestone Battlax Adventurecross AX41 Tire is a 40/60 (on-road/off-road) tire featuring an all-new tread pattern and compound.","40% on-road / 60% off-road Newly designed tread Compound provides excellent grip in all conditions Offered in Tube Type (TT) and Tubeless (TL) variants Notes : It is recommended to change your valve stem, tube and/or rim strip when installing a new tire. Shop Here! Need your tire mounted? We’ve got you covered! Tire Mount Discount",https://www.cyclegear.com/_a/product_images/0907/0360/bridgestone_battlax_adventurecross_ax41_tire.jpg,""
1061935,P313548,"Michelin Scorcher 11 Tires",michelin-scorcher-11-tires,Tires,Michelin Tires,"Cruiser / V-Twin","Customcruisertouring Ra / Harley Tire / Cruiser Tire / Dot Tire",170.99,241.95,4.80,117,"Harley-Davidson","Harley Sportster / Harley Fxfxr / Harley Street / Harley Touring / Harley V Rod / Harley Softail / Harley Dyna / Harley Dyna Fat Bo / Harley Dyna Street / Harley Dyna Super / Harley Dyna Switch / Harley Softail Del / Harley Softail Deu / Harley Softail Fat / Harley Softail Her / Harley Softail Nig / Harley Sportster 1 / Harley Sportster 8 / Harley Sportster I / Harley Touring Ele / Harley Touring Roa / Harley Touring Str",1990 - 2025,"Michelin Scorcher 11 Tires Original equipment replacement tires for several Harley-Davidson models. Constructed to combine durability and high performance for excellent tread life.","Semi-slick tread pattern maximizes contact patch for excellent adhesion Optimized tread design efficiently evacuates water for dependable wet grip The latest generation of Michelin radial technology allows for easy maneuverability and impressive agility Notes : It is recommended to change your valve stem, tube and/or rim strip when installing a new tire. Shop Here! Need your tire mounted? We’ve got you covered! Tire Mount Discount OEM Fitments: 120/70ZR18 59W ""F"" is stock for 2011-Up XL883L and 2008-2013 XR1200X 120/70ZR18 59W ""T"" is stock for 2014-Up XL1200T",https://www.cyclegear.com/_a/product_images/1016/1403/michelin_tires_tire13060_b21_f_scorcher11_1800x1800.jpg,""
270670,P72258,"Shinko 712 Tires",shinko-712-tires,Tires,Shinko Tires,"Adventure / Dual Sport / Cruiser / V-Twin","Cruiser Tire / Touring Tire / Dot Tire",86.66,101.95,4.70,421,"Harley-Davidson, Honda, Yamaha, Indian, Kawasaki, Suzuki, Victory","Harley (Sportster, Softail, Dyna, Street Glide, Road King, Fat Boy), Honda Shadow / VTX, Yamaha V-Star / Bolt, Indian Scout / Chief, Kawasaki Vulcan, Suzuki Boulevard",1990 - 2025,"Shinko 712 Tires The Shinko 712 is designed for mileage and performance.","Designed for mileage and performance Staggered tread pattern provides excellent wet weather performance H-rated Tubeless, 4 ply nylon carcass Notes : It is recommended to change your valve stem, tube and/or rim strip when installing a new tire. Shop Here! Need your tire mounted? We’ve got you covered! Tire Mount Discount",https://www.cyclegear.com/_a/product_images/0009/1783/Shinko_712_Front_Tire.jpg,""
876141,P234679,"Michelin Anakee 3 Tires",michelin-anakee-3-tires,Tires,Michelin Tires,"Adventure / Dual Sport","Dual Road Radial Dot / Dual Road Bias Dot / 80 On Road 20 Off Road / Touring Tire",158.99,197.95,4.60,47,"Honda, Yamaha, KTM, Kawasaki, Suzuki, Husqvarna, GasGas","Honda CRF250R / CRF450R, Yamaha YZ250F / YZ450F, KTM 250 SX-F / 450 SX-F, Kawasaki KX250 / KX450, Suzuki RM-Z250 / RM-Z450, Husqvarna FC 250 / FC 450",1995 - 2025,"Michelin Anakee 3 Tires Michelin went back to the drawing board with the Anakee tire and didn't stop until they were sure previous Anakee users would be satisfied. The Anakee has evolved in both performance and wear with a balance of long tread life and aggressive riding.","Performance that lasts mile after mile with a new silica tread compound yields even more mileage compared to MICHELIN® Anakee® 2 tires Innovative tread pattern inhibits irregular wear patterns, while evacuating water, dirt and mud Transverse grooves efficiently evacuate water for dependable wet-weather grip Beveled lateral grooves help shed mud and gravel when riding off-road Enhanced ride qualities and tire architecture engineered for easy maneuverability and precise handling Amazing stability and rider feedback, thanks to a new high-rigidity casing Indented tread grooves help to provide consistent lateral grip even as the tire wears Excellent wet traction and an innovative silica tread compounds offer the best balance between grip and durability Distinctive tread pattern pulls water away from the contact patch Notes : It is recommended to change your valve stem, tube and/or rim strip when installing a new tire. Shop Here! Need your tire mounted? We’ve got you covered! Tire Mount Discount",https://www.cyclegear.com/_a/product_images/2063/3188/michelin_anakee3_tires.jpg,""
1821673,P855241,"Michelin Power Cup 2 Tires",michelin-power-cup-2-tires,Tires,Michelin Tires,"Street / Sportbike","Race Tire / Sportbike Tire / Multi Compound Tire / Dot Tire",234.99,330.95,4.70,19,"Honda, Yamaha, Kawasaki, Suzuki, BMW, Ducati, Triumph, Aprilia","Honda CBR600RR / CBR1000RR, Yamaha YZF-R6 / YZF-R1 / MT-07 / MT-09, Kawasaki Ninja 650 / ZX-6R / ZX-10R, Suzuki GSX-R600 / GSX-R1000, BMW S1000RR, Ducati Monster / Panigale",1998 - 2025,"Michelin Power Cup 2 Tires The Power Cup 2 from Michelin is a tire designed for 95% track use with DOT approval for the street. Dual compound construction puts a denser, more robust tread compound to the ground to cope with aggressive brake and throttle application while a softer compound increases grip at the tire's shoulder. The tire's groove ratio is less than 5%. Michelin tuned the Power Cup 2 for safe, predictable use with or without tire warmers. Warm-up periods are short. Add tire warmers to reach the Power Cup 2 Tire's upper limits of grip even sooner. Handling is communicative with little to no specific setup adaptations required. Adaptive Casing Technology (ACT) matches these high levels of dry grip with predictable response from the carcass and sidewall at all angles of lean. Put simply, the Michelin's Power Cup 2 is a treaded version of Michelin's Power Slick 2 non-DOT racing slick.","Designed for high output liter- and open-class track machines 95% track / 5% street use Less than 5% groove ratio Engineered for use with or without tire warmers 2CT dual compound technology ACT+ adaptive casing technology SCT synthetic component technology DOT approved Notes : It is recommended to change your valve stem, tube and/or rim strip when installing a new tire. Shop Here! Need your tire mounted? We’ve got you covered! Tire Mount Discount",https://www.cyclegear.com/_a/product_images/2090/3181/michelin_power_cup2_tires.jpg,""
1176806,P357124,"Bridgestone Battlecruise H50 Tires",bridgestone-battlecruise-h50-tires,Tires,Bridgestone,"Cruiser / V-Twin","Customcruisertouring Bi / Customcruisertouring Ra / Cruiser Tire / Harley Tire",156.78,224.77,4.60,95,"Harley-Davidson","Harley Sportster / Harley Fxfxr / Harley Street / Harley Touring / Harley V Rod / Harley Softail / Harley Dyna / Harley Dyna Fat Bo / Harley Dyna Street / Harley Dyna Super / Harley Dyna Switch / Harley Softail Del / Harley Softail Deu / Harley Softail Fat / Harley Softail Her / Harley Softail Nig / Harley Sportster 1 / Harley Sportster 8 / Harley Sportster I / Harley Touring Ele / Harley Touring Roa / Harley Touring Str",1990 - 2025,"Bridgestone Battlecruise H50 Tires","Optimum tread pattern for high powered American V-Twins with attractive diamond cross deco-groove Tread pattern and rubber compound are specially designed for long life with excellent grip Large rear crown radius provides excellent stability on straight roads, along with light neutral handling and superb line-holding during cornering Linear and neutral handling provided by ultimate grip and smooth turn-in performance Bridgestone exclusive ULTIMATEYE technology improves mileage significantly Easy steering carcass with long distance ride quality Reinforced version features stiffer sidewalls Tubeless Available in ""Reinforced"" for heavyweight touring bikes, two-up riding, or when required by OEM specifications Notes : It is recommended to change your valve stem, tube and/or rim strip when installing a new tire. Shop Here! Need your tire mounted? We’ve got you covered! Tire Mount Discount For The Long Road Ahead Built specifically for the American V-Twin, the Battlecruise H50 provides great handling on both wet and dry surfaces, with excellent mileage and tread wear. Using advanced technology and high quality components, the Battlecruise H50 is a tire built to roam free and confident. Constructed with Confidence Front Tire: Designed with a focus on the vertical stiffness of the tire to ensure ride comfort on long trips Strategic reinforcement on the carcass and envelope Excellent balance between rigidity and shock absorption Improved vibration damping Higher shock absorption Rear Tire: Larger crown profile (CR) Designed to optimize the slip and adhesion portion of rubber on road surfaces Optimized profile and compound delivers extended mileage",https://www.cyclegear.com/_a/product_images/2089/7164/bridgestone_battlecruise_h50_tires.jpg,""
10480810,P1131995,"Pirelli Diablo Powercruiser Tires",pirelli-diablo-powercruiser-tires,Tires,Pirelli,"Cruiser / V-Twin","Dot Tire / Harley Tire / Cruiser Tire",203.91,273.24,0.00,0,"Harley-Davidson","Harley (Sportster, Softail, Dyna, Street Glide, Road King, Fat Boy), Honda Shadow / VTX, Yamaha V-Star / Bolt, Indian Scout / Chief, Kawasaki Vulcan, Suzuki Boulevard",1990 - 2025,"Pirelli Diablo Powercruiser Tires The Pirelli Diablo Powercruiser Tires represent the forefront of Pirelli's high-performance series, designed especially for sport cruisers and high-powered tourers that frequently reach the bounds of their capabilities. These tires seamlessly blend into the Diablo family, known for their sport-centric attributes. With a design that prioritizes slickness at the shoulders, they excel in dry conditions, providing an aggressive edge during hard leans. The central portion of the tire sports the distinctive 'Flash' pattern by Pirelli, facilitating enhanced grip and steadfast stability. Catering to contemporary V-twin motorcycles renowned for robust torque and agile handling, the Diablo Powercruiser merges appealing aesthetics with exceptional performance capabilities.","Iconic Diablo flash tread design Slick shoulder to enhance performance in dry conditions Dynamic handling with high level of precision Racing inspired structures for sport cruisers Excellent traction and stability at high speed High visibility sidewall design Sold individually Notes : It is recommended to change your valve stem, tube and/or rim strip when installing a new tire. Shop Here! Need your tire mounted? We’ve got you covered! Tire Mount Discount",https://www.cyclegear.com/_a/product_images/2382/5273/pirelli_diablo_powercruiser_tires.jpg,""
10386861,P1087803,"Mitas Enduro Trail Plus Tires",mitas-enduro-trail-plus-tires,Tires,Mitas,"Adventure / Dual Sport","60 On Road 40 Off Road / Dot Tire / Hard Terrain / Intermediate Terrain",118.35,134.99,4.10,24,"Honda, Yamaha, KTM, Kawasaki, Suzuki, Husqvarna, GasGas","Honda CRF250R / CRF450R, Yamaha YZ250F / YZ450F, KTM 250 SX-F / 450 SX-F, Kawasaki KX250 / KX450, Suzuki RM-Z250 / RM-Z450, Husqvarna FC 250 / FC 450",1995 - 2025,"Mitas Enduro Trail Plus Tires The Mitas Enduro Trail Tires feature a reinforced carcass and sidewall, coupled with a long-wearing rubber compound for extended durability.","Designed for 60% on-road / 40% off-road bias use on Adventure and Dual Sport motorcycles TL (Tubeless) and TT (Tube Type) applications E-07+ Sidewall marking confirms the highly popular original design Can be used in combination with other E-07/E-07+ or ENDURO TRAIL 60/40 and 50/50 tires (Dakar & Standard) for customized performance Features large chevron style block pattern and independent shoulder knobs for ideal handling and wear on tarmac combined with stable, predictable off-highway performance Notes : It is recommended to change your valve stem, tube and/or rim strip when installing a new tire. Shop Here! Need your tire mounted? We’ve got you covered! Tire Mount Discount",https://www.cyclegear.com/_a/product_images/2209/1729/mitas_enduro_trail_plus_tires.jpg,""
10313424,P1051915,"Dunlop Geomax MX34 Tires",dunlop-geomax-mx34-tires,Tires,Dunlop,"Dirt Bike / Off-Road","Off Highway Non Dot Inc / Dirt Bike Tire / Non Dot Tire / Intermediate Terrain",47.99,61.95,4.90,18,"Honda, Yamaha, KTM, Kawasaki, Suzuki, Husqvarna, GasGas","Honda CRF250R / CRF450R, Yamaha YZ250F / YZ450F, KTM 250 SX-F / 450 SX-F, Kawasaki KX250 / KX450, Suzuki RM-Z250 / RM-Z450, Husqvarna FC 250 / FC 450",1995 - 2025,"Dunlop Geomax MX34 Tires Dunlop has proven their dominance at every level of competition, and they're back for more with the improved MX34 tire. Taking pointers from the highly successful MX33 and MX3s lines. the MX34 offers improved traction over a wider range of terrain for the best all-around performance available. Before being made available to the public, the MX34 prototype racked up 22 Supercross wins and 3 Outdoor Motocross wins wile in the testing phase. The final product delivers unparalleled traction, durability and stability out on the track or trails.","Advanced carcass improves performance longevity by 30% Improved rubber compound increases traction while maintaining durability Progressive Cornering Block Technology for improved grip while turning Rear center tread is 11% taller and 44% wider than previous models Offered in a complete range of sizes for minis to big bikes Optimized tread pattern to evacuate mud and dirt Need your tire mounted? We’ve got you covered! Tire Mount Discount",https://www.cyclegear.com/_a/product_images/2100/9773/dunlop_geomax_mx34_tires.jpg,""
10454146,P1117735,"Metzeler RoadTec 02 Tires",metzeler-roadtec-02-tires,Tires,Metzeler,"Street / Sportbike / Adventure / Dual Sport","100 On Road 0 Off Road / Dot Tire / Multi Compound Tire / Touring Tire",203.59,268.58,4.50,6,"Honda, Yamaha, KTM, Kawasaki, Suzuki, Husqvarna, GasGas","Honda CRF250R / CRF450R, Yamaha YZ250F / YZ450F, KTM 250 SX-F / 450 SX-F, Kawasaki KX250 / KX450, Suzuki RM-Z250 / RM-Z450, Husqvarna FC 250 / FC 450",1995 - 2025,"Metzeler Road Tec 02 Tires The Metzeler RoadTec 02 Tire is a hybrid marvel for those who crave the excitement of supersport performance with the comfort of sport-touring. Designed with a unique dual-mode tread pattern, the RoadTec caters to various riding styles. The simplified groove arrangement offers quick warm-up times, reliable water dispersal, and a smooth ride during relaxed cruising. In contrast, aggressive riding causes the groove's center section to compact, enlarging the contact patch for enhanced grip and more precise steering. Regardless of pace, the RoadTec 02 Tires promise a serene riding experience with reduced vibration and noise, alongside effortless transitions into corners. Full silica compound gives higher chemical grip levels in wet conditions. All front tire sizes feature a single compound, Rear tires boast a dual-compound design - with 80% of the tread surface using the softer, grippier formulation.","Metzeler ""super-sport-touring"" technology Radial construction Adaptive Tread Design Single compound front applications Dual compound rear applications Rear tires feature soft compounds over 80% of tread surface High-performance and safety on a wide range of temperatures and asphalt conditions Flowing groove tread pattern During easy riding: Quick warm-up Compliant ride quality Excellent water evacuation During hard riding: Treads squeeze together Siping becomes more compact More rubber contacts road Increased grip Improve road feel Long tire life Increased stability Blackwall Tubeless (TL) in all sizes V and W speed ratings Notes : It is recommended to change your valve stem, tube and/or rim strip when installing a new tire. Shop Here! Need your tire mounted? We’ve got you covered! Tire Mount Discount",https://www.cyclegear.com/_a/product_images/2346/6278/metzeler_road_tec02_tires.jpg,""
1313054,P416039,"Kenda KD1 KWICK Scooter Tires",kenda-kd1-kwick-scooter-tires,Tires,N/A,"Scooter / Street / Sportbike","Scooter Tire / Sportbike Tire / Non Dot Tire",53.98,60.99,5.00,20,"Honda, Yamaha, Vespa, Suzuki, Piaggio, Kymco","Honda PCX150 / Ruckus, Yamaha Zuma / XMAX, Vespa Primavera / GTS 300, Suzuki Burgman 400",2005 - 2025,"Kenda KD1 KWICK Scooter Tires The Kenda Kwick KD1 Tires have a race inspired rubber compound for low rolling resistance and competent cornering. These tires are ideal for the Grom, K125 and other smaller street bikes.","Race-inspired compound Enhanced water drainage Appropriate for scooters and other lightweight street bikes Notes : It is recommended to change your valve stem, tube and/or rim strip when installing a new tire. Shop Here!",https://www.cyclegear.com/_a/product_images/0391/1053/kenda_kd1_kwick_tires.jpg,""
10321424,P1055163,"Motoz Tractionator GPS Tires",motoz-tractionator-gps-tires,Tires,Motoz,"Adventure / Dual Sport / Scooter","40 On Road 60 Off Road / 30 On Road 70 Off Road / 50 On Road 50 Off Road / Dual Sport Tire",74.99,0.00,4.30,44,"Honda, Yamaha, KTM, Kawasaki, Suzuki, Husqvarna, GasGas","Honda CRF250R / CRF450R, Yamaha YZ250F / YZ450F, KTM 250 SX-F / 450 SX-F, Kawasaki KX250 / KX450, Suzuki RM-Z250 / RM-Z450, Husqvarna FC 250 / FC 450",1995 - 2025,"Motoz Tractionator GPS Tires You have the right bike, picked up the right GPS and now you need the right tires - the Tractionator GPS tires are made for riders who need dependability in all conditions, no matter what mother nature throws your way. Motoz designed these tires to get you anywhere on the globe and back home again. Long mileage, serious traction and smooth transition from pavement to gravel to dirt, the Tractionator GPS does it all well. The Motoz Tractionator GPS rear tire is reversible to suit the rider’s needs - either 50/50 or Mostly Off Road. In the 50/50 direction the GPS is a well behaved street-able tire with smooth cornering transition from center to cranked all the way over. In Mostly Off Road direction the aggressive straight line hook up and cornering drive is engaged.","Designed for 50% on-road / 50% off-road* *Reversible rear tread - flip the tire for more aggressive off-road grip Hybrid compound with Silica Tubeless type Notes : It is recommended to change your valve stem, tube and/or rim strip when installing a new tire. Shop Here! Need your tire mounted? We’ve got you covered! Tire Mount Discount",https://www.cyclegear.com/_a/product_images/2085/8819/motoz_tractionator_gps_tires.jpg,""
157486,P42703,"Kenda K673 Kruz Tires",kenda-k673-kruz-tires,Tires,N/A,"Cruiser / V-Twin / Adventure / Dual Sport","Cruiser Tire / Harley Tire / Dot Tire",70.83,90.99,4.70,160,"Harley-Davidson","Harley (Sportster, Softail, Dyna, Street Glide, Road King, Fat Boy), Honda Shadow / VTX, Yamaha V-Star / Bolt, Indian Scout / Chief, Kawasaki Vulcan, Suzuki Boulevard",1990 - 2025,"Kenda K673 Kruz Tires","Designed to meet the needs and looks of the very popular cruiser market Front and rear tread design has deep wide grooves for all-weather cruising 3+2 casing design for improved handling and high load carrying capacity Improved mileage and all weather condition traction rubber compound Updated tire shapes for improved straight line stability and cornering performance Tubeless Need your tire mounted? We’ve got you covered! Tire Mount Discount",https://www.cyclegear.com/_a/product_images/1821/9779/Kenda_K673_Kruz_Tires.jpg,""
1088477,P326537,"Metzeler Roadtec 01 Tires",metzeler-roadtec-01-tires,Tires,Metzeler,"Adventure / Dual Sport / Street / Sportbike","Sport Touring Radial Do / Sportbike Tire / Touring Tire / Dot Tire",126.13,189.13,4.70,121,"BMW, KTM, Honda, Yamaha, Triumph, Suzuki, Ducati, Kawasaki, Husqvarna","BMW R1200GS / R1250GS / F850GS, KTM 1290 Super Adventure / 890 Adventure, Honda Africa Twin / CRF300L, Yamaha Ténéré 700, Triumph Tiger 900 / 1200, Suzuki V-Strom 650, Kawasaki KLR650",2000 - 2025,"Metzeler Roadtec 01 Tires","Increased grip on wet roads, with a focus on low friction surfaces (such as city streets and worn tarmac, low temperature), thanks to radial position of grooves Rebalanced tire stiffness to allow a better adherence of the rubber with the tarmac micro-asperities, increasing mechanical grip even on lower friction surfaces Belt and carcass tension parameters upgraded to increase stability on rear tires during strong braking Increased mileage vs. Roadtec Z8 Interact (up to 10%), thanks to a different footprint shape (larger and shorter) which also enhances motorcycle handling Higher wear resistance, obtained through a revised land/sea ration on the rear tire in conjunction with the new tread design, ensures product performance consistency allowing users to enjoy the tire for its entire service life Metzeler multi-compound rear on selected sizes, with increased harmonization between the different compounds HWM (Heavy Weight Motorcycles) special version brings the ROADTEC 01 performances to a wider selection of motorcycles Increased stability by reducing both intensity and duration of oscillations due to road irregularities or steering maneuvers Distinguishable by a “Weight” icon next to the product name on the tire sidewall Increased stability is reached by employing stiffer carcass material and sidewall construction plus a slightly different compound recipe Blackwall Tubeless (TL) W rated for speeds of 168+ MPH SE = ""Supersport"" version with slicker shoulder tread for enhanced dry grip Notes : It is recommended to change your valve stem, tube and/or rim strip when installing a new tire. Shop Here! Need your tire mounted? We’ve got you covered! Tire Mount Discount",https://www.cyclegear.com/_a/product_images/2346/6278/metzeler_road_tec02_tires.jpg,""
10566897,P208835,"Continental Sport Attack 2 Tires",continental-sport-attack-2-tires,Tires,Continental Tire,"Street / Sportbike","Hypersport Dot / Sportbike Tire / Dot Tire",143.58,233.45,5.00,1,"Honda, Yamaha, Kawasaki, Suzuki, BMW, Ducati, Triumph, Aprilia","Honda CBR600RR / CBR1000RR, Yamaha YZF-R6 / YZF-R1 / MT-07 / MT-09, Kawasaki Ninja 650 / ZX-6R / ZX-10R, Suzuki GSX-R600 / GSX-R1000, BMW S1000RR, Ducati Monster / Panigale",1998 - 2025,"Continental Sport Attack 2 Tires","Advanced high performance Supersport tire for street usage Extraordinary light and precise handling with outstanding grip and curve stability Exceptional control of riding performance and optimal feedback in the limit range Special construction on the front and rear wheel for higher stability and feedback when braking into and accelerating out of curves Good cold grip and quick tire warm-up through a newly developed Black Chili tread compound, specially designed for performance orientated riders Approved Continuous Compound Technology ensures high mileage and maximum grip in extreme lean angles Traction Skin provides an extremely safe and short tire break-in Made in Germany Eligible for Continental's free 3 year roadside warranty Need your tire mounted? We’ve got you covered! Tire Mount Discount",https://www.cyclegear.com/_a/product_images/0127/0974/continental_sport_attack2_tires.jpg,""
1814156,P850771,"Metzeler Roadtec 01 SE Tires",metzeler-roadtec-01-se-tires,Tires,Metzeler,"Adventure / Dual Sport / Street / Sportbike","Sport Touring Radial Do / Sportbike Tire / Touring Tire / Dot Tire",183.25,236.62,4.70,121,"BMW, KTM, Honda, Yamaha, Triumph, Suzuki, Ducati, Kawasaki, Husqvarna","BMW R1200GS / R1250GS / F850GS, KTM 1290 Super Adventure / 890 Adventure, Honda Africa Twin / CRF300L, Yamaha Ténéré 700, Triumph Tiger 900 / 1200, Suzuki V-Strom 650, Kawasaki KLR650",2000 - 2025,"Metzeler Roadtec 01 SE Tires The ""SE"", or ""Supersport"" version, of the Metzeler Road Tec 01 Tire takes the sport-touring prowess of the standard Road Tec 01 and increases the grip offered in the dry. The SE tread pattern and composition maintains the tire's supersport-touring capabilities and wet weather performance. The SE version features a higher land/sea ratio along the shoulder block for enhanced traction at extreme lean angles. Sidewall construction is standard-duty across all options to communicate better with the road and offer more compliance under light- and medium-weight motorcycles.","Increased grip on wet roads, with a focus on low friction surfaces (such as city streets and worn tarmac, low temperature), thanks to radial position of grooves Rebalanced tire stiffness to allow a better adherence of the rubber with the tarmac micro-asperities, increasing mechanical grip even on lower friction surfaces Belt and carcass tension parameters upgraded to increase stability on rear tires during strong braking Increased mileage vs. Roadtec Z8 Interact (up to 10%), thanks to a different footprint shape (larger and shorter) which also enhances motorcycle handling Higher wear resistance, obtained through a revised land/sea ration on the rear tire in conjunction with the new tread design, ensures product performance consistency allowing users to enjoy the tire for its entire service life Blackwall Tubeless (TL) W rated for speeds of 168+ MPH Notes : It is recommended to change your valve stem, tube and/or rim strip when installing a new tire. Shop Here! Need your tire mounted? We’ve got you covered! Tire Mount Discount",https://www.cyclegear.com/_a/product_images/1415/4006/metzeler_roadtec01_se_tires.jpg,""
1303024,P411810,"Bridgestone G853-G Exedra Tires For Honda Gold Wing",bridgestone-g853-g-exedra-tires-for-honda-gold-wing,Tires,Bridgestone,"Adventure / Dual Sport","Customcruisertouring Ra / Touring Tire / Dot Tire",229.98,345.98,4.80,25,"Honda","Harley (Sportster, Softail, Dyna, Street Glide, Road King, Fat Boy), Honda Shadow / VTX, Yamaha V-Star / Bolt, Indian Scout / Chief, Kawasaki Vulcan, Suzuki Boulevard",1990 - 2025,"Bridgestone G853-G Exedra Honda Goldwing Tires These tires from Bridgestone were designed specifically for the Honda Goldwing.","Original equipment on the newest generation of Honda Goldwing Unidirectional pattern for reliable performance on dry or wet surfaces Tread compound maximizes traction and mileage Notes : It is recommended to change your valve stem, tube and/or rim strip when installing a new tire. Shop Here! Need your tire mounted? We’ve got you covered! Tire Mount Discount",https://www.cyclegear.com/_a/product_images/2089/7818/bodyparts-bridgestone-motorcycle-tires-radial-exedra-g853-g852-rear.jpg,""
1040244,P305803,"Pirelli Scorpion Trail II Dual Sport Tires",pirelli-scorpion-trail-ii-dual-sport-tires,Tires,Pirelli,"Adventure / Dual Sport","Dual Road Radial Dot / Dual Road Bias Dot / 90 On Road 10 Off Road / Dual Sport Tire",131.19,174.08,4.70,49,"Honda, Yamaha, KTM, Kawasaki, Suzuki, Husqvarna, GasGas","Honda CRF250R / CRF450R, Yamaha YZ250F / YZ450F, KTM 250 SX-F / 450 SX-F, Kawasaki KX250 / KX450, Suzuki RM-Z250 / RM-Z450, Husqvarna FC 250 / FC 450",1995 - 2025,"Pirelli Scorpion Trail 2 Dual Sport Tires The Pirelli Scorpion Trail II Tires were specifically designed to meet the versatility of the modern adventure touring motorcycle. They feature an aggressive tread pattern supported by strong technological innovations, giving good stability even at high speed, excellent traction on dirt as well as superior handling, comfort and grip in all riding conditions. The tread pattern of Pirelli Scorpion Trail II Tires have an aggressive look typical of an off-road tire, but that combines the greatest features of an enduro tire with those of a sport touring tire. The side grooves have been designed to ensure optimal drainage of water, while the layout and shape of the central grooves not only contribute to the drainage of water but also ensure better traction, greater stability and normal wear. The structure that lies beneath the Pirelli Scorpion Trail 2 Tires ensures high performance, even at full load or with heavier motorcycles, making it comfortable for long trips and winding roads.","Increased mileage, improved wet grip with an incredible performance consistency throughout its entire life cycle Innovative tread pattern combines the typical off-road style of the Pirelli Scorpion™ range with the experience directly derived from the Angel GT (Pirelli's top sport touring product) Peak performance of enduro and sport touring blended into one product Larger center compound stripe to guarantee enhanced cornering performance Central compound developed for higher mileage and improved behavior in wet conditions Side compound for optimized balance between dry and wet performance High performance for heavy, fully-loaded bikes Incredible versatility ensures peak performance on long, straight journeys or twisty roads with the most adverse weather conditions V-rated for speeds up to 149 mph, (V)-rated for speeds to 149+ mph, W-rated for speeds up to 168 mph, (W)-rated for speeds to 168+ mph K-spec denotes OE tire for the KTM Super Adventure 1290 and Adventure 1190 D-spec denotes OE tire for the Ducati Multistrada 1200 Enduro Notes : It is recommended to change your valve stem, tube and/or rim strip when installing a new tire. Shop Here! Need your tire mounted? We’ve got you covered! Tire Mount Discount",https://www.cyclegear.com/_a/product_images/1016/1691/pirelli_tire_scorpion_trail_ii60_v_radial.jpg,""
1565750,P649641,"Continental Trail Attack 3 Tires",continental-trail-attack-3-tires,Tires,Continental Tire,"Adventure / Dual Sport","Dual Road Radial Dot / Dual Road Bias Dot / 90 On Road 10 Off Road / Dual Sport Tire",157.47,199.95,4.70,73,"Honda, Yamaha, KTM, Kawasaki, Suzuki, Husqvarna, GasGas","Honda CRF250R / CRF450R, Yamaha YZ250F / YZ450F, KTM 250 SX-F / 450 SX-F, Kawasaki KX250 / KX450, Suzuki RM-Z250 / RM-Z450, Husqvarna FC 250 / FC 450",1995 - 2025,"Continental Trail Attack 3 Tires The Continental Trail Attack 3 Tires feature a new and improved tread pattern and compound for better grip and mileage compared to its Trail Attack 2 predecessor.","Advanced adventure touring/dual-sport tire for large capacity bikes Engineered to meet the demands of today’s modern powerful, high performance adventure touring/enduro machines 0° steel belt construction on the rear tire delivers superior stability and comfort even at high cruising speeds and high loads MultiGrip compound offers high grip in all wet and dry conditions combined with excellent mileage for long trips EasyHandling technology provides improved ground-feel and linear handling characteristics TractionSkin tread surface allow for a quick warm-up and limited break-in period Eligible for Continental's free 3 year roadside warranty Notes : It is recommended to change your valve stem, tube and/or rim strip when installing a new tire. Shop Here! Need your tire mounted? We’ve got you covered! Tire Mount Discount",https://www.cyclegear.com/_a/product_images/2090/3470/continental_trail_attack3_tires.jpg,""
157499,P42704,"Kenda K671 Cruiser ST Tires",kenda-k671-cruiser-st-tires,Tires,N/A,"Cruiser / V-Twin / Adventure / Dual Sport","Cruiser Tire / Touring Tire / Dot Tire",77.46,90.99,4.60,72,"Harley-Davidson, Honda, Yamaha, Indian, Kawasaki, Suzuki, Victory","Harley (Sportster, Softail, Dyna, Street Glide, Road King, Fat Boy), Honda Shadow / VTX, Yamaha V-Star / Bolt, Indian Scout / Chief, Kawasaki Vulcan, Suzuki Boulevard",1990 - 2025,"Kenda K671 Cruiser ST Tires Top-tier performance, amazing price. The Kenda Tires K671 Cruiser Tire sports an aggressive tread design to ensure excellent traction and performance, and the matched front and rear patterns give you superior stability and handling. All these features combine to provide an incredible value in a motorcycle tire for sale. Features Deep, offset tread delivers outstanding water dispersion and wet-weather traction. Tubeless motorcycle tire construction for touring and cruiser bikes H-rated for speeds up to 130 mph with a strong 6-ply rating DOT approved Notes : It is recommended to change your valve stem, tube and/or rim strip when installing a new tire. Shop Here! Need your tire mounted? We’ve got you covered! Tire Mount Discount","N/A",https://www.cyclegear.com/_a/product_images/0002/8855/Kenda_K671_Cruiser_ST_Tires_Front.jpg,""
719814,P181641,"Dunlop American Elite Tires",dunlop-american-elite-tires,Tires,Dunlop,"Cruiser / V-Twin","Customcruisertouring Bi / Customcruisertouring Ra / Cruiser Tire / Harley Tire",163.99,198.95,4.90,1960,"Harley-Davidson","Harley (Sportster, Softail, Dyna, Street Glide, Road King, Fat Boy), Honda Shadow / VTX, Yamaha V-Star / Bolt, Indian Scout / Chief, Kawasaki Vulcan, Suzuki Boulevard",1990 - 2025,"Dunlop American Elite Tires The Dunlop American Elite tires are the only replacement motorcycle tires for Harley-Davidson bikes that are designed in America, made in America and tested in America. The Multi-Tread (MT) rear tire is built with a high-mileage compound in middle of the tread and lateral-grip compound in each side to increase turning performance.","Available in Blackwall, Narrow White Stripe (NWS) and Wide Whitewall (WWW) H-rated for speeds up to 130 mph V-rated for speeds up to 149 mph Made in the USA Notes : It is recommended to change your valve stem, tube and/or rim strip when installing a new tire. Shop Here! Need your tire mounted? We’ve got you covered! Tire Mount Discount",https://www.cyclegear.com/_a/product_images/0084/1992/dunlop_american_elite2nd_generation_harley_davidson_tires.jpg,""
10321242,P1055051,"Motoz Tractionator Desert H/T Tires",motoz-tractionator-desert-ht-tires,Tires,Motoz,"Adventure / Dual Sport / Dirt Bike / Off-Road","20 On Road 80 Off Road / 10 On Road 90 Off Road / Dot Dirt Tires / Dirt Bike Tire",144.99,0.00,4.60,10,"Honda, Yamaha, KTM, Kawasaki, Suzuki, Husqvarna, GasGas","Honda CRF250R / CRF450R, Yamaha YZ250F / YZ450F, KTM 250 SX-F / 450 SX-F, Kawasaki KX250 / KX450, Suzuki RM-Z250 / RM-Z450, Husqvarna FC 250 / FC 450",1995 - 2025,"Motoz Tractionator Desert H/T Tires The Desert HT tires are designed to outperform the competition in desert rally-like conditions, offering great wear life and DOT compliance. If your current tires aren't up to par in dry, high speed scenarios, the Desert H/T Tires may be your solution. Note: The Adventure Tubeless sizes (white/yellow stripes, see images) have a slightly different tread pattern than the Tube-Type enduro sizes (red stripes). For Adventure Bikes, these tires will provide a decent wear life when used for adventure/long distance riding. If used with excessive wheel spin, they will wear out quickly. Don’t expect to fit them to large capacity bikes, ride like an enduro pro and expect the tire to last very long or win a beauty contest. Large capacity adventure bikes punish tires to their limits and this is one of the only tires of its kind with deep tread for extreme soft terrain performance for big adventure bikes.","Heavy duty carcass on front sizes works great on heavy bikes Offered in Tube-Type (TT) and Tubeless (TL) sizes Intended for intermediate/hard terrain and rally use 15% on-road / 85% off-road 95% dry / 5% wet weather 90%hard / 10% soft terrain DOT approved Notes : It is recommended to change your valve stem, tube and/or rim strip when installing a new tire. Shop Here! Need your tire mounted? We’ve got you covered! Tire Mount Discount",https://www.cyclegear.com/_a/product_images/2085/1509/motoz_tractionator_desert_ht_tires.jpg,""
1275479,P398559,"Bridgestone Battlax Adventure A41 Tires",bridgestone-battlax-adventure-a41-tires,Tires,Bridgestone,"Adventure / Dual Sport","Dual Road Radial Dot / Dual Road Bias Dot / Dual Onoff Dot / 90 On Road 10 Off Road",158.64,228.21,4.60,33,"Honda, Yamaha, KTM, Kawasaki, Suzuki, Husqvarna, GasGas","Honda CRF250R / CRF450R, Yamaha YZ250F / YZ450F, KTM 250 SX-F / 450 SX-F, Kawasaki KX250 / KX450, Suzuki RM-Z250 / RM-Z450, Husqvarna FC 250 / FC 450",1995 - 2025,"Bridgestone Battlax Adventure A41 Tires The Bridgestone Battlax A41 Tires are designed for the modern day, high-powered adventure bikes. They put an emphasis on wet weather handling and a reassuring feel on any type of tarmac.","Improved grip in ALL conditions, when compared to the A40, with no reduction in tire life Greatly improved wet weather performance Mono-spiral belt constuction (MSB) together with a revised case construction provides improved contact feel and high speed stability Increased sea to land ratio at the shoulders provides better water evacuation at lean Rear tire groove angles optimized for water evacuation 3LC (dual compound) front tire 3LC Cap and Base rear tire construction (cap tread uses a soft silica compound with a medium silica compound base resulting in improved shock absorption and more grip without sacrificing rigidity) Rear tire features larger block tread at the center to improve tire life and high speed stability, especially on fully loaded ADV bikes 90/90-21 G OE Tube Type fitment for Honda Africa Twin CRF1000L 120/70R15 M OE fitment for Yamaha Niken 150/70R18 G OE Tube Type fitment for Honda Africa Twin CRF1000L 190/55R17 M OE fitment for Yamaha Niken Notes : It is recommended to change your valve stem, tube and/or rim strip when installing a new tire. Shop Here! Need your tire mounted? We’ve got you covered! Tire Mount Discount",https://www.cyclegear.com/_a/product_images/0343/7128/bridgestone_a41.jpg,""
10066706,P907113,"Bridgestone Battlax T32 Sport Touring Tires",bridgestone-battlax-t32-sport-touring-tires,Tires,Bridgestone,"Adventure / Dual Sport / Street / Sportbike","Sport Touring Radial Do / Dot Tire / Sportbike Tire / Touring Tire",148.45,201.95,4.40,46,"BMW, KTM, Honda, Yamaha, Triumph, Suzuki, Ducati, Kawasaki, Husqvarna","Touring",2000 - 2025,"Bridgestone Battlax T32 Sport Touring Tires The Battlax T32 Sport Touring Tires are an upgrade from the T31 model with an updated tread pattern that sports better water evacuation, 7% shorter wet braking distance, and a 13% larger rear contact patch for better feel and cornering grip. The Battlax T32 is here to deliver rider confidence in endless travel rain or shine.","New tread evacuates water more effectively from the T31 model Increased feel and cornering grip 7% shorter wet stopping distance from the T31 model GT Spec option for heavier bikes provides additional stability and 10% more wear life than the T31 GT Spec Notes : It is recommended to change your valve stem, tube and/or rim strip when installing a new tire. Shop Here! Need your tire mounted? We’ve got you covered! Tire Mount Discount",https://www.cyclegear.com/_a/product_images/2386/8156/bridgestone_battlax_t33_sport_touring_tires_front.jpg,""
1806543,P845674,"Continental ContiRoad Sport Touring Tires",continental-contiroad-sport-touring-tires,Tires,Continental Tire,"Adventure / Dual Sport / Street / Sportbike","Sport Touring Radial Do / Touring Tire / Dot Tire",99.11,135.95,4.20,16,"BMW, KTM, Honda, Yamaha, Triumph, Suzuki, Ducati, Kawasaki, Husqvarna","Touring",2000 - 2025,"Continental ContiRoad Sport Touring Tires Go coast to coast with the Continental ContiRoad Sport Touring Tires no matter the conditions.","Modern tread compound inspired by ContiRoad Attack 3 technology Radial or bias construction (depending on spec) Non-tangent profile grooves at the central tread of rear tire to extend life Silica-technology for improved wet performance that guarantees high micro-interlocking on asphalt Tread design with extra-large positive proportion for higher mechanical grip Notes : It is recommended to change your valve stem, tube and/or rim strip when installing a new tire. Shop Here! Need your tire mounted? We’ve got you covered! Tire Mount Discount",https://www.cyclegear.com/_a/product_images/1399/9268/continental_conti_road_sport_touring_tires.jpg,""
454312,P126481,"Pirelli Sport Demon Sport Touring Tires",pirelli-sport-demon-sport-touring-tires,Tires,Pirelli,"Street / Sportbike / Adventure / Dual Sport","Sport Touring Bias Dot / Sportbike Tire / Touring Tire / Dot Tire",129.35,164.90,4.70,95,"BMW, KTM, Honda, Yamaha, Triumph, Suzuki, Ducati, Kawasaki, Husqvarna","Touring",2000 - 2025,"Pirelli Sport Demon Sport Touring Tires","Specially designed front tire - profile is designed to greatly improve handling; excellent water evacuation thanks to central sine-wave groove Multiple-radius rear tire profile provides lighter and more precise handling and stability in all riding conditions - radial-like handling from bias-ply tires Bias-ply construction Blackwall Tubeless (TL) H-rated for speeds up to 130 mph, V-rated for speeds up to 149 mph, (V)-rated for speeds of 149+ mph Notes : It is recommended to change your valve stem, tube and/or rim strip when installing a new tire. Shop Here! Need your tire mounted? We’ve got you covered! Tire Mount Discount",https://www.cyclegear.com/_a/product_images/1016/1725/pirelli_tire_sport_demon66_v_bias.jpg,""
874652,P199437,"Metzeler Roadtec Z8 Interact Tires",metzeler-roadtec-z8-interact-tires,Tires,Metzeler,"Adventure / Dual Sport","Sport Touring Radial Do / Touring Tire / Multi Compound Tire / Dot Tire",141.51,195.79,4.50,106,"BMW, KTM, Honda, Yamaha, Triumph, Suzuki, Ducati, Kawasaki, Husqvarna","BMW R1200GS / R1250GS / F850GS, KTM 1290 Super Adventure / 890 Adventure, Honda Africa Twin / CRF300L, Yamaha Ténéré 700, Triumph Tiger 900 / 1200, Suzuki V-Strom 650, Kawasaki KLR650",2000 - 2025,"Metzeler Roadtec Z8 Interact Tires The new Metzeler Roadtec Z8 Interact allows the rider to keep everything under control. The Road Tec Z8 follows the rider's instincts with a sublime blend of precise and effortless handing.","Multi Zone Tension technology, new updated tread profiles and functional tread pattern place the Z8 Roadtec Interact at the top of the sport touring tire class 8% wider final footprint area than its predecessor due to the variation of steel belt tensions and a strategically placed tread pattern which optimizes pressures in the footprint area 0° Steel Radial technology MAW (Metzeler Advanced Winding) technology The profile shape, inspired by the Greek letter ""Pi"", maximizes the flexibility of the profile, thus ensuring an optimum tire footprint under in all conditions The 3-zone-tension Interact ™ Technology gives outstanding mileage and sporty cornering grip FCM (Fine Carbon Mix) High Silica compound with Nano particles ensures performance and safety in all weather conditions Innovative tread pattern, a widened and more elliptical footprint and a host of wear-resistant technologies not normally seen in motorcycle tires give the Roadtec Z8 Interact its best-in-segment mileage and optimal wet performance throughout the tires life New patented tread pattern with strategically placed longitudinal central grooves provide ideal drainage for more than 3/4 of all lean angles in the wet. The remaining tread grooves work to add tread flexibility, extending the footprint for stability in the dry Updated design improves wear regularity which gives riders the benefit of a consistent riding performance across the tires entire life O-Spec features a bi-compound design and a 2-ply carcass for heavy sport-touring bikes E-Spec tire is OE on Honda NC700X K-Spec tire is OE on BMW K1300GT M-Spec tires feature a bi-compound design (W)-rated for speeds of 168+ mph Notes : It is recommended to change your valve stem, tube and/or rim strip when installing a new tire. Shop Here! Need your tire mounted? We’ve got you covered! Tire Mount Discount",https://www.cyclegear.com/_a/product_images/0026/1445/MetzelerRoadtec_Z8_Interact_Sport_Touring_Front_Tire.jpg,""
10578487,P1181071,"Continental Sport Attack 5 Tires",continental-sport-attack-5-tires,Tires,Continental Tire,"Street / Sportbike","Dot Tire / Multi Compound Tire / Sportbike Tire / Race Tire",186.67,285.95,0.00,0,"Honda, Yamaha, Kawasaki, Suzuki, BMW, Ducati, Triumph, Aprilia","Honda CBR600RR / CBR1000RR, Yamaha YZF-R6 / YZF-R1 / MT-07 / MT-09, Kawasaki Ninja 650 / ZX-6R / ZX-10R, Suzuki GSX-R600 / GSX-R1000, BMW S1000RR, Ducati Monster / Panigale",1998 - 2025,"Continental Sport Attack 5 Tires The Continental Sport Attack 5 Tires harness the latest technology to enhance your track days and weekend rides. Engineered for high performance, these tires offer exceptional grip and precision handling, enabling riders to push the limits with confidence. Whether chasing the racing line or carving through twisty roads, the Sport Attack 5 Tires deliver a thrilling and reliable riding experience.","Confident cornering through an innovative steel belt configuration using MultiZoneBelt technology: implementing a tighter spooling of the steel belt in the tire center ensures straight-line stability, while a broader spooling at the tire shoulder increases agility, contact patch and trust in high lean angles Outstanding grip thanks to the BlackChili Compound with a new mixture for enhanced road interlocking and optimized wear pattern during track riding Precise steering response due to a newly engineered carcass in which the stiffness zones of the tire vary in a targeted manner Outer profile ""mini cuts"" allow for flexibility and movement of the tire, leading to better warm-up and heat preservation Flatter angles of tread cuts for more aggressive supersport performance during acceleration out of lean angles Rapid warm-up thanks to specially optimized tread zones tailored to respective riding conditions TractionSkin surface for extremely safe and quick break-in time High void volume for better wet grip in areas where it is needed Larger dynamic footprint for better grip in extreme lean angles The tire’s solid backbone provides good mileage and stability",https://www.cyclegear.com/_a/product_images/2563/3104/continental_tire_tire_csa5_mc58_wtl.jpg,""
941748,P261884,"Michelin Pilot Road 4 GT Tires",michelin-pilot-road-4-gt-tires,Tires,Michelin Tires,"Adventure / Dual Sport","Sport Touring Radial Do / Touring Tire / Dot Tire",181.00,251.95,4.80,86,"BMW, KTM, Honda, Yamaha, Triumph, Suzuki, Ducati, Kawasaki, Husqvarna","BMW R1200GS / R1250GS / F850GS, KTM 1290 Super Adventure / 890 Adventure, Honda Africa Twin / CRF300L, Yamaha Ténéré 700, Triumph Tiger 900 / 1200, Suzuki V-Strom 650, Kawasaki KLR650",2000 - 2025,"Michelin Pilot Road 4 GT Tires Next generation sport touring tire delivering maximum safety, especially on wet roads and during braking GT version specifically designed for heavier touring bikes with a stiffer casing and patented technology for superior stability and comfort, whether riding solo, two up or with luggage Stops shorter in the wet compared to leading competitors Exceptional longevity: Up to 20% longer tread life than Michelin Pilot Road 3 tires Features 2 Compound Technology with new silica charged rubber compounds for excellent grip in a wide temperature range (23°F to 113°F). New XST+ siping and enhanced tread patterns ensure optimum grip at all lean angles, even in challenging conditions. OEM choice for the BMW R1200RT, affirming its performance for GT class motorcycles. Please Note: Check your manufacturer's specifications for required load ratings when replacing OE Tires. Notes : It is recommended to change your valve stem, tube and/or rim strip when installing a new tire. Shop Here! Need your tire mounted? We’ve got you covered! Tire Mount Discount Meet the Michelin Pilot Road 4 GT, the next evolution in sport touring tires, engineered to provide unparalleled safety and performance, especially for heavier GT class motorcycles. Built on Michelin’s Total Performance strategy, these tires deliver enhanced safety in diverse conditions, particularly on wet surfaces and during critical braking maneuvers. The GT version boasts a specialized stiffer casing, ensuring the stability and comfort demanding riders expect, whether touring solo, with a passenger or fully loaded. Experience the confidence of extended tire life and superior grip across a wide range of temperatures and road surfaces. Exceptional Wet & Cold Grip The Pilot Road 4 GT excels in challenging conditions. Its XST+ siping and silica compounds ensure outstanding wet grip for shorter stops and greater confidence. It performs reliably from 23°F to 113°F, delivering dependable traction and maximum safety on varied road surfaces, especially slippery ones. Durability, Stability & Comfort Tailored for Grand Touring bikes, the Pilot Road 4 GT boasts up to 20% longer tread life than the Pilot Road 3. Its stiffer casing with Michelin Radial 2AT Technology delivers crucial stability and superb handling for heavier loads, two up riding, or solo journeys, plus comfort for long distances. OEM choice for the BMW R1200RT.","N/A",https://www.cyclegear.com/_a/product_images/0074/1189/michelin_pilot_road4_gt_tires.jpg,""
10203201,P986776,"Metzeler Tourance Next 2 Tires",metzeler-tourance-next-2-tires,Tires,Metzeler,"Adventure / Dual Sport","Dual Road Bias Dot / 90 On Road 10 Off Road / Dot Tire / Touring Tire",202.54,267.10,4.60,12,"Honda, Yamaha, KTM, Kawasaki, Suzuki, Husqvarna, GasGas","Honda CRF250R / CRF450R, Yamaha YZ250F / YZ450F, KTM 250 SX-F / 450 SX-F, Kawasaki KX250 / KX450, Suzuki RM-Z250 / RM-Z450, Husqvarna FC 250 / FC 450",1995 - 2025,"Metzeler Tourance Next 2 The perfect tire for more road focused ADV bikes, the Metzeler Tourance Next 2 Tires offer class leading performance.","Multi-pitch knob layout reduces tire noise and increases smoothness Updated grip pattern for enhanced braking, edge grip and improved feedback Dymatec with variable groove wall angles at different lean angles specifically tailored for ADV/Enduro motorcycles Steep grooves generate lateral thrusts for dirt road stability and efficient water evacuation Enhanced wear uniformity Dual compound rear Center stripe featuring adaptive high-silica tread (over 80%), with SBR liquid polymers to promote great wet performance and stability Shoulder features full silica compound for superior edge grip Notes : It is recommended to change your valve stem, tube and/or rim strip when installing a new tire. Shop Here! Need your tire mounted? We’ve got you covered! Tire Mount Discount",https://www.cyclegear.com/_a/product_images/1835/3669/metzeler_tourance_next2.jpg,""
1713317,P783792,"Pirelli Angel Scooter Tires",pirelli-angel-scooter-tires,Tires,Pirelli,"Scooter","Scooter Bias / Scooter Tire / Dot Tire",40.46,49.86,4.80,59,"Honda, Yamaha, Vespa, Suzuki, Piaggio, Kymco","Honda PCX150 / Ruckus, Yamaha Zuma / XMAX, Vespa Primavera / GTS 300, Suzuki Burgman 400",2005 - 2025,"Pirelli Angel Scooter Tires The Pirelli Angel Scooter Tires feature an innovative tread pattern over a stiffer carcass to offer a high degree of comfort. The new rubber compound contains a high percentage of silica for improved wet grip and the multi-radius contour provides handling confidence.","Innovative tread pattern Stiff carcass to handle the urban environment Improved wet grip Nimble handling Notes : It is recommended to change your valve stem, tube and/or rim strip when installing a new tire. Shop Here!",https://www.cyclegear.com/_a/product_images/1193/8712/pirelli_angel_scooter_tires.jpg,""
1841617,P865272,"Bridgestone Battlax RS11 Tires",bridgestone-battlax-rs11-tires,Tires,Bridgestone,"Street / Sportbike","Hypersport Dot / Sportbike Tire / Multi Compound Tire / Dot Tire",243.00,324.36,4.70,14,"Honda, Yamaha, Kawasaki, Suzuki, BMW, Ducati, Triumph, Aprilia","Honda CBR600RR / CBR1000RR, Yamaha YZF-R6 / YZF-R1 / MT-07 / MT-09, Kawasaki Ninja 650 / ZX-6R / ZX-10R, Suzuki GSX-R600 / GSX-R1000, BMW S1000RR, Ducati Monster / Panigale",1998 - 2025,"Bridgestone Battlax RS11 Tires The Battlax RS11 Tires are Bridgestone's flagship hypersport street tire. It is a street-tuned adaptation of Bridgestone's R11 Race track compound. Dry grip, cornering stability, handling, and contact feel are taken to their absolute apex. It is the first road oriented tire that has adopted the new V-MS Belt construction in the rear - which is currently used only in Bridgestone’s non-DOT race tires. A revised molecular approach for compound formulation uses a novel, reduced particle size when adding carbon to the tire's blend. The result is improved bite to the road surface and enhanced communication to the rider. The RS11 is the successor to the RS10, which was standard equipment on numerous top spec sport motorcycles. From winding roads to the track and back, the evolution of Bridgestone racing heritage is undeniable.","Bridgestone's most aggressive street tire Designed for street riders seeking track-level performance Tread pattern and rubber compounds maximized for dry riding conditions V-MS Belt rear tire construction for enhanced temperature capacity and reduced weight Revised molecular approach using reduced carbon particle sizes 3LC multi-compound construction create greater grip, increased cornering stability and improved rider feedback Enhanced shoulder grooves result in larger contact patch for better grip at extreme lean angles Enhanced water dispersion due to new groove design 1.9 seconds faster per lap versus the outgoing Bridgestone RS10* DOT approved *Bridgestone internal testing on a 2 minute lap average. Your results may vary. Notes : It is recommended to change your valve stem, tube and/or rim strip when installing a new tire. Shop Here! Need your tire mounted? We’ve got you covered! Tire Mount Discount",https://www.cyclegear.com/_a/product_images/1450/2549/bridgestone_battlax_rs11_tires.jpg,""
10361575,P1075229,"Dunlop Geomax AT82 Tires",dunlop-geomax-at82-tires,Tires,Dunlop,"Dirt Bike / Off-Road","Off Highway Non Dot Inc / Dirt Bike Tire / Non Dot Tire / Intermediate Terrain",118.99,144.95,4.70,3,"Honda, Yamaha, KTM, Kawasaki, Suzuki, Husqvarna, GasGas","Honda CRF250R / CRF450R, Yamaha YZ250F / YZ450F, KTM 250 SX-F / 450 SX-F, Kawasaki KX250 / KX450, Suzuki RM-Z250 / RM-Z450, Husqvarna FC 250 / FC 450",1995 - 2025,"Dunlop Geomax AT82 Tires","New front and rear tread patterns Rear tread pattern is bi-directional for expanded terrain usage Updated compound for increased traction and durability Enhanced casing architecture for improved damping and absorption performance Progressive Cornering Block Technology on both front and rear tires Improves cornering grip Enhances cornering feel Improves absorption characteristics Need your tire mounted? We’ve got you covered! Tire Mount Discount",https://www.cyclegear.com/_a/product_images/2167/6942/dunlop_geomax_at82_tires.jpg,""
10438650,P1109282,"Avon 3D Supersport Tires",avon-3d-supersport-tires,Tires,Avon Tire,"Street / Sportbike","Dot Tire / Sportbike Tire",132.26,161.65,5.00,3,"Honda, Yamaha, Kawasaki, Suzuki, BMW, Ducati, Triumph, Aprilia","Honda CBR600RR / CBR1000RR, Yamaha YZF-R6 / YZF-R1 / MT-07 / MT-09, Kawasaki Ninja 650 / ZX-6R / ZX-10R, Suzuki GSX-R600 / GSX-R1000, BMW S1000RR, Ducati Monster / Panigale",1998 - 2025,"Avon 3D Supersport Tires The Avon 3D Supersport Tires deliver a performance that echoes the thrill of the racetrack, tailored for road use. This product stands out with its track-developed construction, which significantly improves handling, stability, and rider feedback. Although the tires are primarily road-focused, extensive on-track testing confirms their reliability and exciting performance during track days. Innovative Silica Dual Compound technology is central to this design, optimizing grip while promoting tire longevity. The rear tire incorporates a tougher central compound for longer mileage, complemented by softer edges that provide superior cornering traction.","Enhanced road contact generates extensive grip Optimized handling, stability and feedback for the rider State of the are Silica Dual Compound Technology",https://www.cyclegear.com/_a/product_images/2307/1788/avon3_d_supersport_tires.jpg,""
1806538,P846225,"Continental TKC 70 Rocks Tires",continental-tkc-70-rocks-tires,Tires,Continental Tire,"Adventure / Dual Sport","60 On Road 40 Off Road / Touring Tire / Dual Sport Tire / Dot Tire",233.94,370.45,4.70,41,"Honda, Yamaha, KTM, Kawasaki, Suzuki, Husqvarna, GasGas","Honda CRF250R / CRF450R, Yamaha YZ250F / YZ450F, KTM 250 SX-F / 450 SX-F, Kawasaki KX250 / KX450, Suzuki RM-Z250 / RM-Z450, Husqvarna FC 250 / FC 450",1995 - 2025,"Continental TKC 70 Rocks Tires Bridging the gap between the more off-road oriented TKC 80 Twinduro Tires and the Trail Attack 2 Tires, the Continental TKC70 Rocks Tires make an excellent 60% on-road and 40% off-road option. More rugged offroad traction and the same balanced street performance as the original Continental TKC70 tire. Featuring innovations you've come to expect from Continental like 0° steel belt construction for superior stability and comfort even at high cruising speeds and Continuous Compound-Technology, the TKC70 Rocks tires adapt to changing conditions with ease. Specifically designed to help alleviate the complaints of short wear-life of the TKC80 Tires, the usability of a slightly more street-oriented design has been improved and is apparent with the TKC 70.","60% on-road / 40% off-road Provides a high level of grip in all wet and dry conditions Equally at home on light trail work as they are on slab Excellent mileage for long trips on asphalt Quiet high-speed stability due to the central band on the rear tire Aggressive siping and self-cleaning grooves add to the all-weather prowess Ideal ADV Tire choice for larger displacement bikes Eligible for Continental's free 3 year roadside warranty Notes : It is recommended to change your valve stem, tube and/or rim strip when installing a new tire. Shop Here! Need your tire mounted? We’ve got you covered! Tire Mount Discount",https://www.cyclegear.com/_a/product_images/2090/3147/continental_tkc70_rocks_tires.jpg,""
938253,P261857,"Michelin Pilot Street Radial Tires",michelin-pilot-street-radial-tires,Tires,Michelin Tires,"Street / Sportbike","Hypersport Dot / Sportbike Tire / Dot Tire",161.99,190.95,4.80,55,"Honda, Yamaha, Kawasaki, Suzuki, BMW, Ducati, Triumph, Aprilia","Honda CBR600RR / CBR1000RR, Yamaha YZF-R6 / YZF-R1 / MT-07 / MT-09, Kawasaki Ninja 650 / ZX-6R / ZX-10R, Suzuki GSX-R600 / GSX-R1000, BMW S1000RR, Ducati Monster / Panigale",1998 - 2025,"Michelin Pilot Street Radial Tires The Michelin Pilot Street Radial brings the radial tire revolution to small and medium-size bikes. Radial construction enables improved handling as well as performance over the long term, compared with a same-size cross-ply tire. The Pilot Street Radial tires are derived directly from Michelin's radial Sport Touring ranges and features tread borrowed from the Michelin Pilot Road 2.","Optimized groove tread pattern Tread pattern designed to minimize uneven wear and maximize mileage while enhancing wet weather performance Variable groove width along the tread pattern High silica content for increased wet grip without sacrificing tire life Precision handling with high level of rider feedback Superior longevity compared to a primary bias-ply competitor Notes : It is recommended to change your valve stem, tube and/or rim strip when installing a new tire. Shop Here! Need your tire mounted? We’ve got you covered! Tire Mount Discount",https://www.cyclegear.com/_a/product_images/0369/1065/michelin_pilot_street_radial_tires.jpg,""
10590390,P1187335,"Dunlop Geomax MX54 Tires",dunlop-geomax-mx54-tires,Tires,Dunlop,"Dirt Bike / Off-Road","Intermediate Terrain / Non Dot Tire / Dirt Bike Tire",47.99,61.95,0.00,0,"Honda, Yamaha, KTM, Kawasaki, Suzuki, Husqvarna, GasGas","Honda CRF250R / CRF450R, Yamaha YZ250F / YZ450F, KTM 250 SX-F / 450 SX-F, Kawasaki KX250 / KX450, Suzuki RM-Z250 / RM-Z450, Husqvarna FC 250 / FC 450",1995 - 2025,"Dunlop Geomax MX54 Tires The MX54 surpasses its predecessor, the MX53, by delivering exceptional performance right off the line. Dunlop has optimized the compound and tread design to excel on hard pack surfaces while maintaining traction on intermediate terrain. Whether facing tacky conditions or transitioning to a harder groove, the MX54 provides reliable sliding and aggressive grip, helping riders maintain control and achieve faster lap times.","Progressive Cornering Block Technology (PCBT Advanced) for elite slide control Multiple Block Distribution (MBD) increases feel and ground contact Continuous center groove on front tire for stable braking and turn-in Revised tread pattern for a wider performance window on hard terrain High-durability carcass designed to maintain predictability from start to finish Not DOT approved",https://www.cyclegear.com/_a/product_images/2596/8418/dunlop_geomax_mx54_tires.jpg,""
10386848,P1087801,"Mitas Enduro Trail Tires",mitas-enduro-trail-tires,Tires,Mitas,"Adventure / Dual Sport","50 On Road 50 Off Road / Hard Terrain / Dot Tire / Intermediate Terrain",129.57,147.99,4.10,24,"Honda, Yamaha, KTM, Kawasaki, Suzuki, Husqvarna, GasGas","Honda CRF250R / CRF450R, Yamaha YZ250F / YZ450F, KTM 250 SX-F / 450 SX-F, Kawasaki KX250 / KX450, Suzuki RM-Z250 / RM-Z450, Husqvarna FC 250 / FC 450",1995 - 2025,"Mitas Enduro Trail Tires The Mitas Enduro Trail Tires feature a reinforced carcass and sidewall, coupled with a long-wearing rubber compound for extended durability.","Designed for 50% on-road / 50% off-road use on Adventure and Dual Sport motorcycles TL (Tubeless) and TT (Tube Type) applications E-07+ Sidewall marking confirms the highly popular original design Can be used in combination with other E-07/E-07+ or ENDURO TRAIL 60/40 and 50/50 tires (Dakar & Standard) for customized performance Features large chevron style block pattern and independent shoulder knobs for ideal handling and wear on tarmac combined with stable, predictable off-highway performance DOT approved Notes : It is recommended to change your valve stem, tube and/or rim strip when installing a new tire. Shop Here! Need your tire mounted? We’ve got you covered! Tire Mount Discount",https://www.cyclegear.com/_a/product_images/2209/1712/mitas_enduro_trail_tires.jpg,""
974479,P279845,"Metzeler Sportec M7 RR Tires",metzeler-sportec-m7-rr-tires,Tires,Metzeler,"Adventure / Dual Sport / Street / Sportbike","Hypersport Dot / Sportbike Tire / Touring Tire / Dot Tire",144.67,190.77,4.80,127,"BMW, KTM, Honda, Yamaha, Triumph, Suzuki, Ducati, Kawasaki, Husqvarna","BMW R1200GS / R1250GS / F850GS, KTM 1290 Super Adventure / 890 Adventure, Honda Africa Twin / CRF300L, Yamaha Ténéré 700, Triumph Tiger 900 / 1200, Suzuki V-Strom 650, Kawasaki KLR650",2000 - 2025,"Metzeler Sportec M7RR Tires The Metzeler Sportec M7 RR is engineered to empower riders with a sporty riding style who use their motorcycles in all conditions, weather and temperatures. The M7RR is derived from Metzeler's experience in Road Racing, including the Isle of Man TT and the Metzeler Ulster Grand Prix and features completely new profiles, structure materials, compounds and tread pattern.","The combination of profiles derived from the Road Racing activities with high stiffness structures delivers an extremely agile handling for a sporty riding style on all roads The longitudinal grooves are interrupted by compound bridges to increase the thrust in acceleration, enhance stability of tread compound and improve wear regularity 100% Silica compounds combined with a special tread pattern gives the SPORTEC M7 RR the unique capability to keep the sporty riding style in cold weather, wet roads and greasy and grimy tarmac surfaces The rear tire is Dual-Compound with a 40%-20%-40% layout Unique profile provides an immediate dive into a lean from the upright position and agile handling for quick direction change 20% more mileage compared to the SPORTEC M5 Interact and dual compound construction on rear sizes allows the use of a specific material on the central slick portion of the tread pattern to increase abrasion resistance and extend the mileage capability Notes : It is recommended to change your valve stem, tube and/or rim strip when installing a new tire. Shop Here! Need your tire mounted? We’ve got you covered! Tire Mount Discount",https://www.cyclegear.com/_a/product_images/0348/6812/metzeler_sportec_m7_rr_front_tires.jpg,""
1290831,P406013,"Pirelli Diablo Supercorsa SP V3 Tires",pirelli-diablo-supercorsa-sp-v3-tires,Tires,Pirelli,"Street / Sportbike","Road Race Dot And Non D / Race Tire / Sportbike Tire / Multi Compound Tire",225.63,302.37,4.80,51,"Honda, Yamaha, Kawasaki, Suzuki, BMW, Ducati, Triumph, Aprilia","Honda CBR600RR / CBR1000RR, Yamaha YZF-R6 / YZF-R1 / MT-07 / MT-09, Kawasaki Ninja 650 / ZX-6R / ZX-10R, Suzuki GSX-R600 / GSX-R1000, BMW S1000RR, Ducati Monster / Panigale",1998 - 2025,"Pirelli Diablo Supercorsa SP V3 Tires The latest generation of the Pirelli Diablo Supercorsa SP V3 Tires improves performance with an updated tread pattern, new multi-radius profile and cutting edge compounds. Pirelli's experience outfitting WSBK with track tires makes the Diablo Supercorsa SP V3 the perfect high performance tire for your high performance motorcycle.","Angular “flash” tread pattern Larger steel cords and wider angle at the shoulders to provide grip at all leaning angles Hesitation-free entry into cornerss Only 4% tread void TL (tubeless) (W)-rated for speeds of 168+ MPH 200/60ZR17 80W is OE Ducati Panigale V4 Notes : It is recommended to change your valve stem, tube and/or rim strip when installing a new tire. Shop Here! Need your tire mounted? We’ve got you covered! Tire Mount Discount",https://www.cyclegear.com/_a/product_images/2092/9766/pirelli_diablo_supercorsa_spv4_tires.jpg,""
1325905,P421979,"Shinko SR 567 / 568 Scooter Tires",shinko-sr-567-568-scooter-tires,Tires,Shinko Tires,"Scooter","Scooter Tire / Dot Tire",69.66,81.95,4.80,103,"Honda, Yamaha, Vespa, Suzuki, Piaggio, Kymco","Honda PCX150 / Ruckus, Yamaha Zuma / XMAX, Vespa Primavera / GTS 300, Suzuki Burgman 400",2005 - 2025,"Shinko SR 567 / 568 Scooter Tires Versatile, all-weather tread pattern for most late model scooters.","4 ply construction Nylon carcass Tubeless DOT approved Notes : It is recommended to change your valve stem, tube and/or rim strip when installing a new tire. Shop Here!",https://www.cyclegear.com/_a/product_images/1359/3022/shinko_sr567568_scooter_tires.jpg,""
1104918,P209953,"Shinko 270 Super Classic Tires",shinko-270-super-classic-tires,Tires,Shinko Tires,"Cruiser / V-Twin","Cruiser Tire / Harley Tire / Vintage Tire / Dot Tire",109.61,128.95,4.80,31,"Harley-Davidson","Harley (Sportster, Softail, Dyna, Street Glide, Road King, Fat Boy), Honda Shadow / VTX, Yamaha V-Star / Bolt, Indian Scout / Chief, Kawasaki Vulcan, Suzuki Boulevard",1990 - 2025,"Shinko 270 Super Classic Tire The Super Classic features a sawtooth design blended with modern construction and modern performance.","Full 4 ply rated nylon carcass for extended wear with a classic appearance S Speed rated Tube type Note: 3.00x21 size is 6 ply rated. Notes : It is recommended to change your valve stem, tube and/or rim strip when installing a new tire. Shop Here! Need your tire mounted? We’ve got you covered! Tire Mount Discount",https://www.cyclegear.com/_a/product_images/0048/3791/shinko270_super_classic_tire.jpg,""
1713346,P783793,"Pirelli Diablo Rosso Scooter Tires",pirelli-diablo-rosso-scooter-tires,Tires,Pirelli,"Scooter","Scooter Radial / Scooter Bias / Multi Compound Tire / Scooter Tire",91.71,122.89,4.40,19,"Honda, Yamaha, Vespa, Suzuki, Piaggio, Kymco","Honda PCX150 / Ruckus, Yamaha Zuma / XMAX, Vespa Primavera / GTS 300, Suzuki Burgman 400",2005 - 2025,"Pirelli Diablo Rosso Scooter Tires The Pirelli Diablo Rosso Scooter Tires elevate scooter performance, melding Pirelli's expertise in racing technology to enhance dry and wet grip, handling, and overall riding experience. These tires incorporate a dual-compound construction rich in silica at the rear to extend their service life, while the iconic Pirelli ""flash"" tread pattern, synonymous with high-performance motorcycle tires, ensures superior traction.","High performance Dual compound rear Improved grip and handling ""Flash"" tread pattern Notes : It is recommended to change your valve stem, tube and/or rim strip when installing a new tire. Shop Here!",https://www.cyclegear.com/_a/product_images/1193/8933/pirelli_diablo_rosso_scooter62_p.jpg,""
1764610,P816774,"Dunlop Geomax MX53 Tires",dunlop-geomax-mx53-tires,Tires,Dunlop,"Dirt Bike / Off-Road","Off Highway Non Dot Inc / Dirt Bike Tire / Hard Terrain / Intermediate Terrain",47.99,60.95,4.60,17,"Honda, Yamaha, KTM, Kawasaki, Suzuki, Husqvarna, GasGas","Honda CRF250R / CRF450R, Yamaha YZ250F / YZ450F, KTM 250 SX-F / 450 SX-F, Kawasaki KX250 / KX450, Suzuki RM-Z250 / RM-Z450, Husqvarna FC 250 / FC 450",1995 - 2025,"Need your tire mounted? We’ve got you covered! Tire Mount Discount","N/A",https://www.cyclegear.com/_a/product_images/2596/8418/dunlop_geomax_mx54_tires.jpg,""
454171,P126298,"Pirelli MT90AT Enduro / Dual Sport Tires",pirelli-mt90at-enduro-dual-sport-tires,Tires,Pirelli,"Adventure / Dual Sport","Dual Road Radial Dot / Dual Road Bias Dot / 70 On Road 30 Off Road / Dual Sport Tire",115.22,154.43,4.50,35,"Honda, Yamaha, KTM, Kawasaki, Suzuki, Husqvarna, GasGas","Honda CRF250R / CRF450R, Yamaha YZ250F / YZ450F, KTM 250 SX-F / 450 SX-F, Kawasaki KX250 / KX450, Suzuki RM-Z250 / RM-Z450, Husqvarna FC 250 / FC 450",1995 - 2025,"Pirelli Scorpion MT90AT Enduro / Dual Sport Tires","70% Street / 30% Off-Road Large central knobs for straight riding stability and general V-shape orientation for high adherence in traction / braking Excellent high-speed stability even when fully loaded thanks to a size optimized carcass Superb wet and dry grip due to the new Silica tread compound, offers mileage and regular tread wear performance OE for KTM Adventure 950 and 990 DOT approved; S-rated for speeds up to 113 mph or V-rated for speeds up to 149 mph Notes : It is recommended to change your valve stem, tube and/or rim strip when installing a new tire. Shop Here! Need your tire mounted? We’ve got you covered! Tire Mount Discount",https://www.cyclegear.com/_a/product_images/0071/4320/pirelli_mt90_at_enduro_dual_sport_front_tires.jpg,""
157920,P242049,"Bridgestone Exedra Max Tires",bridgestone-exedra-max-tires,Tires,Bridgestone,"Cruiser / V-Twin / Street / Sportbike","Customcruisertouring Bi / Customcruisertouring Ra / Cruiser Tire / Harley Tire",97.49,155.95,4.70,130,"Harley-Davidson","Harley (Sportster, Softail, Dyna, Street Glide, Road King, Fat Boy), Honda Shadow / VTX, Yamaha V-Star / Bolt, Indian Scout / Chief, Kawasaki Vulcan, Suzuki Boulevard",1990 - 2025,"Bridgestone Exedra Max Tires","Specific rubber compound for cruiser applications provides long mileage Unique wide shape of tire profile supports touring-type riding while reducing fatigue Rubber compounds and tread patterns enhance water evacuation and both dry and wet grip Tubeless Notes : It is recommended to change your valve stem, tube and/or rim strip when installing a new tire. Shop Here! Need your tire mounted? We’ve got you covered! Tire Mount Discount",https://www.cyclegear.com/_a/product_images/0025/0517/bodyparts-bridgestone-motorcycle-tires-radial-exedra-g853-g852-front.jpg,""
594534,P148868,"Shinko 011 Verge Tires",shinko-011-verge-tires,Tires,Shinko Tires,"Street / Sportbike","Sportbike Tire / Dot Tire",126.61,148.95,4.70,87,"Honda, Yamaha, Kawasaki, Suzuki, BMW, Ducati, Triumph, Aprilia","Honda CBR600RR / CBR1000RR, Yamaha YZF-R6 / YZF-R1 / MT-07 / MT-09, Kawasaki Ninja 650 / ZX-6R / ZX-10R, Suzuki GSX-R600 / GSX-R1000, BMW S1000RR, Ducati Monster / Panigale",1998 - 2025,"Shinko 011 Verge Tires Designed specifically for sport and sport touring riding, the 011 Verge combines performance with extended tread life.","Tread compound is designed for excellent grip with extended tread life Tread radius is designed for enhanced high speed cornering W (168mph) or V (149mph) speed rated Aramid belted Notes : It is recommended to change your valve stem, tube and/or rim strip when installing a new tire. Shop Here! Need your tire mounted? We’ve got you covered! Tire Mount Discount",https://www.cyclegear.com/_a/product_images/0036/8656/shinko011_verge_radial_front_tires.jpg,""
158426,P43120,"Dunlop F24 / K555 Tires",dunlop-f24-k555-tires,Tires,Dunlop,"Cruiser / V-Twin / Adventure / Dual Sport","Customcruisertouring Bi / Cruiser Tire / Whitewall Tire / Dot Tire",146.58,165.26,4.90,41,"Harley-Davidson, Honda, Yamaha, Indian, Kawasaki, Suzuki, Victory","Harley (Sportster, Softail, Dyna, Street Glide, Road King, Fat Boy), Honda Shadow / VTX, Yamaha V-Star / Bolt, Indian Scout / Chief, Kawasaki Vulcan, Suzuki Boulevard",1990 - 2025,"Dunlop F24 / K555 Tires","Tubeless Bias ply WWW are wide whitewall tires, all others are standard blackwall Notes : It is recommended to change your valve stem, tube and/or rim strip when installing a new tire. Shop Here! Need your tire mounted? We’ve got you covered! Tire Mount Discount",https://www.cyclegear.com/_a/product_images/0003/5860/Dunlop_K555_Tires.jpg,""
10316797,P1071985,"Continental Road Attack 4 GT Tires",continental-road-attack-4-gt-tires,Tires,Continental Tire,"Adventure / Dual Sport","Dot Tire / Multi Compound Tire / Touring Tire",218.33,334.45,4.80,31,"BMW, KTM, Honda, Yamaha, Triumph, Suzuki, Ducati, Kawasaki, Husqvarna","BMW R1200GS / R1250GS / F850GS, KTM 1290 Super Adventure / 890 Adventure, Honda Africa Twin / CRF300L, Yamaha Ténéré 700, Triumph Tiger 900 / 1200, Suzuki V-Strom 650, Kawasaki KLR650",2000 - 2025,"Continental Road Attack 4 GT Tires Experience enhanced riding with the Continental Road Attack 4 GT Tires. These tires redefine wet weather performance through an innovative compound and updated tread pattern, delivering exceptional wet surface grip. Tailored for heavier bikes and extended trips with passengers and cargo these tires excel in touring attributes such as comfort, stability, and mileage. The introduction of a 'slick' region on the upper tread shoulder enhances grip in diverse conditions, particularly dry ones. With improved cold and wet weather warm-up these tires instill immediate trust and safety. Their intuitive handling characteristics make them a prime choice for heavyweight touring motorcycles ensuring a seamless and confident ride on every occasion.","Performance oriented tread pattern for excellent grip in both wet and dry conditions Outstanding touring characteristics for heavier touring bikes Faster warm-up in cold and wet conditions Compound for improved wet grip in cold and slippery conditions Easy intuitive handling characteristics and optimal cornering grip TractionSkin technology ensures tires are ready to use straight away and a short break-in period Notes : It is recommended to change your valve stem, tube and/or rim strip when installing a new tire. Shop Here! Need your tire mounted? We’ve got you covered! Tire Mount Discount",https://www.cyclegear.com/_a/product_images/2149/2575/continental_road_attack4_tires.jpg,""
594606,P191221,"Shinko SR 733 / 734 / 735 Tires",shinko-sr-733-734-735-tires,Tires,Shinko Tires,"Cruiser / V-Twin","Cruiser Tire / Harley Tire / Touring Tire / Dot Tire",101.11,118.95,4.30,16,"Harley-Davidson","Harley (Sportster, Softail, Dyna, Street Glide, Road King, Fat Boy), Honda Shadow / VTX, Yamaha V-Star / Bolt, Indian Scout / Chief, Kawasaki Vulcan, Suzuki Boulevard",1990 - 2025,"Shinko SR 733 / 734 / 735 Tires The Shinko SR 733 / 734 / 735 series tires are a great choice for touring and cruiser riders.","Popular touring / cruiser tread pattern 4 ply rated Tubeless SR 733 fits front wheel applications SR 734 fits rear wheel applications SR 735 fits front wheel or rear wheel applications SR 735 closely resembles SR 734 in appearance DOT approved Notes : It is recommended to change your valve stem, tube and/or rim strip when installing a new tire. Shop Here! Need your tire mounted? We’ve got you covered! Tire Mount Discount",https://www.cyclegear.com/_a/product_images/2089/7589/shinko_sr733734735_tires.jpg,""
1084192,P324360,"Metzeler Racetec RR K3 Tires",metzeler-racetec-rr-k3-tires,Tires,Metzeler,"Street / Sportbike","Road Race Dot And Non D / Race Tire / Sportbike Tire / Dot Tire",168.86,222.70,4.60,16,"Honda, Yamaha, Kawasaki, Suzuki, BMW, Ducati, Triumph, Aprilia","Honda CBR600RR / CBR1000RR, Yamaha YZF-R6 / YZF-R1 / MT-07 / MT-09, Kawasaki Ninja 650 / ZX-6R / ZX-10R, Suzuki GSX-R600 / GSX-R1000, BMW S1000RR, Ducati Monster / Panigale",1998 - 2025,"Metzeler Racetec RR K3 Tires Road Races are one of the most difficult and challenging racing activities due to the combination of circuit length, speed, altitude, temperature variation and variety of tarmac. The Metzeler Racetec RR has been engineered to cope with all these different situation in just one race, providing unmatched durability and versatility.","High flexibility polymers Combined stiffness structure Adapt to tarmac micro-texture Dual compound rear tire Resistance to abrasion Precision & stability W-rated for speeds up to 168 mph Notes : It is recommended to change your valve stem, tube and/or rim strip when installing a new tire. Shop Here! Need your tire mounted? We’ve got you covered! Tire Mount Discount",https://www.cyclegear.com/_a/product_images/0166/7929/metzeler_racetec_rrk3_frt.jpg,""
10321419,P1055161,"Motoz Tractionator Enduro I/T Tires",motoz-tractionator-enduro-it-tires,Tires,Motoz,"Dirt Bike / Off-Road","10 On Road 90 Off Road / 20 On Road 80 Off Road / Dot Dirt Tires / Dirt Bike Tire",125.99,0.00,4.50,6,"Honda, Yamaha, KTM, Kawasaki, Suzuki, Husqvarna, GasGas","Honda CRF250R / CRF450R, Yamaha YZ250F / YZ450F, KTM 250 SX-F / 450 SX-F, Kawasaki KX250 / KX450, Suzuki RM-Z250 / RM-Z450, Husqvarna FC 250 / FC 450",1995 - 2025,"Motoz Tractionator Enduro I/T Tires The Tractionator Enduro IT can do it all - built to be the all-terrain option for all riding conditions, the Enduro IT offers the grip you'd expect from a motocross tire, while also providing exceptional durability and a DOT homologation. It is an excellent choice for a wide variety of terrain and weather conditions. The I/T excels on steep hill climbs and tight twisting single trails. The natural rubber compound and unique tread work with the terrain, creating drive and lift over obstacles as a result.","Intended for use in intermediate terrain Proven reliability for long distance events Natural / synthetic hybrid rubber construction 15% on-road / 85% off-road 50% dry / 50% wet weather 50% hard / 50% soft terrain DOT approved Notes : It is recommended to change your valve stem, tube and/or rim strip when installing a new tire. Shop Here! Need your tire mounted? We’ve got you covered! Tire Mount Discount",https://www.cyclegear.com/_a/product_images/2085/7578/motoz_tractionator_enduro_it_tires.jpg,""
10480768,P1131959,"Michelin Enduro Medium 2 Tires",michelin-enduro-medium-2-tires,Tires,Michelin Tires,"Dirt Bike / Off-Road","Dual Onoff Dot / 10 On Road 90 Off Road / Dot Dirt Tires / Dual Sport Tire",115.41,140.95,5.00,5,"Honda, Yamaha, KTM, Kawasaki, Suzuki, Husqvarna, GasGas","Honda CRF250R / CRF450R, Yamaha YZ250F / YZ450F, KTM 250 SX-F / 450 SX-F, Kawasaki KX250 / KX450, Suzuki RM-Z250 / RM-Z450, Husqvarna FC 250 / FC 450",1995 - 2025,"Michelin Enduro Medium 2 Tires The Michelin Enduro Medium 2 Tire delivers exceptional traction across a diverse range of terrains. Engineered with an innovative tread pattern, the product not only enhances performance but also extends its longevity.","Better grip and traction when new (+20%) and even when worn (+12%) thanks to an innovative tread pattern Designed to offer impressive performance across various terrains (soft to hard) and conditions (mud to dry) Casing is designed to make the ride more precise while providing a smoother feeling on hard terrain V-shape blocks, more contact patch with the ground and a new generation of carbon black Improved grip that lasts longer Perfect combination with Michelin's Bib mousse FIM homologated and DOT approved for street use",https://www.cyclegear.com/_a/product_images/2382/3131/michelin_enduro_medium2_tires.jpg,""
1821667,P855239,"Michelin Power Cup Evo Tires",michelin-power-cup-evo-tires,Tires,Michelin Tires,"Street / Sportbike","Scooter Radial / Road Race Dot And Non D / Multi Compound Tire / Race Tire",199.99,274.95,4.80,8,"Honda, Yamaha, Vespa, Suzuki, Piaggio, Kymco","Honda PCX150 / Ruckus, Yamaha Zuma / XMAX, Vespa Primavera / GTS 300, Suzuki Burgman 400",2005 - 2025,"Michelin Power Cup Evo Tires The Power Cup Evo is a race-ready track tire with DOT approval for street use. Engineered for small to medium displacement race-prepped motorcycles, compounds and construction methods deliver an exceptionally fast warm-up - with consideration taken for lighter weight motorcycle applications. The Power Cup Evos are equally suited for use with tire warmers. Dual compound construction puts a denser, more robust tread compound to the ground to cope with aggressive brake and throttle application while a softer compound increases grip at the tire's shoulder. Adaptive Casing Technology (ACT) matches these high levels of dry grip with communicative response from the carcass and sidewall at all angles of lean. The tire's groove ratio is less than 5%. Handling is predictable with little to no specific setup adaptations required. Put simply, the Michelin's Power Cup Evo is a treaded version of Michelin's Power Slick Evo track-only slick.","Designed for track-ridden small to medium displacement motorcycles 95% track / 5% street use Less than 5% groove ratio 2CT dual compound technology ACT+ adaptive casing technology SCT synthetic component technology DOT approved Notes : It is recommended to change your valve stem, tube and/or rim strip when installing a new tire. Shop Here! Need your tire mounted? We’ve got you covered! Tire Mount Discount",https://www.cyclegear.com/_a/product_images/1429/1347/michelin_power_cup_evo_tires.jpg,""
1813170,P43201,"Dunlop D908RR Rally Raid Tires",dunlop-d908rr-rally-raid-tires,Tires,Dunlop,"Adventure / Dual Sport","Dual Onoff Dot / 20 On Road 80 Off Road / 10 On Road 90 Off Road / Dual Sport Tire",219.99,307.95,4.60,16,"Honda, Yamaha, KTM, Kawasaki, Suzuki, Husqvarna, GasGas","Honda CRF250R / CRF450R, Yamaha YZ250F / YZ450F, KTM 250 SX-F / 450 SX-F, Kawasaki KX250 / KX450, Suzuki RM-Z250 / RM-Z450, Husqvarna FC 250 / FC 450",1995 - 2025,"Dunlop D908 RR Dual Sport Tires The dual-sport D908RR is designed specifically to cope with the speed, horsepower and weight of large-displacement rally-type dual-sport machines.","Developed in Europe for rally racing, such as the famous Paris-Dakar Rally Street-legal with an emphasis on aggressive desert-enduro offroad riding Reinforced tread blocks yield exceptional traction and stability The generous open space around the shoulder area provides ultimate traction in sand and mud Heavy-duty casing provides excellent bump absorption and allows lower air pressures for a larger footprint and increased traction The D908RR is DOT-approved for road-legal use Tube type tires Notes : It is recommended to change your valve stem, tube and/or rim strip when installing a new tire. Shop Here! Need your tire mounted? We’ve got you covered! Tire Mount Discount",https://www.cyclegear.com/_a/product_images/0022/5484/Dunlop_D908_Rally_Raid_Enduro.jpg,""
157516,P42705,"Kenda K-760 Trakmaster II Tires",kenda-k-760-trakmaster-ii-tires,Tires,N/A,"Dirt Bike / Off-Road","10 On Road 90 Off Road / Dot Dirt Tires / Soft Terrain / Intermediate Terrain",25.64,30.99,4.70,59,"Honda, Yamaha, KTM, Kawasaki, Suzuki, Husqvarna, GasGas","Honda CRF250R / CRF450R, Yamaha YZ250F / YZ450F, KTM 250 SX-F / 450 SX-F, Kawasaki KX250 / KX450, Suzuki RM-Z250 / RM-Z450, Husqvarna FC 250 / FC 450",1995 - 2025,"Kenda K-760 Trakmaster II Tires The legendary Trakmaster continues to be known for great value. Hit the trail and don't be afraid to take it to the road between trails. Features Legal for highway use 10% on-road / 90% off-road Aggressive knobs are designed for dirt performance For maximum traction on soft and intermediate surfaces Stiffer bead and sidewall construction provide stability and better cornering control Notes : It is recommended to change your valve stem, tube and/or rim strip when installing a new tire. Shop Here! Need your tire mounted? We’ve got you covered! Tire Mount Discount","N/A",https://www.cyclegear.com/_a/product_images/1325/5842/kenda_k760_trakmaster_ii_tires.jpg,""
10386833,P1087799,"Mitas Enduro Trail XT Plus Tires",mitas-enduro-trail-xt-plus-tires,Tires,Mitas,"Adventure / Dual Sport / Dirt Bike / Off-Road","20 On Road 80 Off Road / Dot Dirt Tires / Dot Tire / Soft Terrain",96.60,110.99,4.00,6,"Honda, Yamaha, KTM, Kawasaki, Suzuki, Husqvarna, GasGas","Honda CRF250R / CRF450R, Yamaha YZ250F / YZ450F, KTM 250 SX-F / 450 SX-F, Kawasaki KX250 / KX450, Suzuki RM-Z250 / RM-Z450, Husqvarna FC 250 / FC 450",1995 - 2025,"Mitas Enduro Trail XT Plus Tires The Mitas Enduro Trail XT Tires answer to riders demanding the most aggressive performance off-road with the ability to ride the tarmac home. The XT+ product line was designed from testing and development of the E-12/E-13 Rally Star & E-09 Rear tires. The XT+ Rear features a profile and tread pattern/spacing that excels in aggressive offroad riding conditions while maintaining predictable road manners, consistent wear over its lifetime and comparatively low road noise.","The XT+ is designed for 20% on-road / 80% off-road use on Adventure and Dual Sport motorcycles All XT+ tires approved for TL (Tubeless) and TT (Tube Type) applications Fitment options from full sized ADV bikes down to single cylinder Dual Sport machines. Standard version front is an excellent hard terrain dual sport fitment ADV specific tire Profile with deep and wide knob pattern balancing maximum off-highway traction and predictable on road handling DOT approved Notes : It is recommended to change your valve stem, tube and/or rim strip when installing a new tire. Shop Here! Need your tire mounted? We’ve got you covered! Tire Mount Discount",https://www.cyclegear.com/_a/product_images/2209/1763/mitas_enduro_trail_xt_plus_tires.jpg,""
594584,P148908,"Shinko 700 Dual Sport Tires",shinko-700-dual-sport-tires,Tires,Shinko Tires,"Adventure / Dual Sport","60 On Road 40 Off Road / Dual Sport Tire / Dot Tire",93.46,109.95,4.50,65,"Honda, Yamaha, KTM, Kawasaki, Suzuki, Husqvarna, GasGas","Honda CRF250R / CRF450R, Yamaha YZ250F / YZ450F, KTM 250 SX-F / 450 SX-F, Kawasaki KX250 / KX450, Suzuki RM-Z250 / RM-Z450, Husqvarna FC 250 / FC 450",1995 - 2025,"Shinko 700 Dual Sport Tires The 700 series features an aggressive 60% on-road and 40% off-road pattern.","60% on-road / 40% off-road Aggressive tread pattern with deep lug construction Heavy duty 4-ply carcass for durability Reinforced side knobs for cornering stability DOT approved Notes : It is recommended to change your valve stem, tube and/or rim strip when installing a new tire. Shop Here! Need your tire mounted? We’ve got you covered! Tire Mount Discount",https://www.cyclegear.com/_a/product_images/2090/3521/shinko700_dual_sport_tires.jpg,""
1325918,P421968,"Shinko SR 740 / 741 Touring Tires",shinko-sr-740-741-touring-tires,Tires,Shinko Tires,"Adventure / Dual Sport / Cruiser / V-Twin","Cruiser Tire / Touring Tire / Dot Tire",90.06,105.95,4.60,22,"Harley-Davidson, Honda, Yamaha, Indian, Kawasaki, Suzuki, Victory","Touring",1990 - 2025,"Shinko SR 740 / 741 Touring Tires The Shinko SR 740 / 741 Tires use a specially designed tread pattern to perform in wet conditions. Fitment for cruisers, V-twins and middle-weight touring bikes.","Optimized rubber compound for cruisers and touring bikes Deep V-patterned siping for wet weather performance Improved wet and dry stopping Notes : It is recommended to change your valve stem, tube and/or rim strip when installing a new tire. Shop Here! Need your tire mounted? We’ve got you covered! Tire Mount Discount",https://www.cyclegear.com/_a/product_images/1359/3207/shinko_sr740741_touring_tires.jpg,""
10207037,P989336,"Dunlop Geomax MX14 Tires",dunlop-geomax-mx14-tires,Tires,Dunlop,"Dirt Bike / Off-Road","Off Highway Non Dot Inc / Dirt Bike Tire / Mud Tire / Sand Tire",50.99,61.95,4.50,15,"Honda, Yamaha, KTM, Kawasaki, Suzuki, Husqvarna, GasGas","Honda CRF250R / CRF450R, Yamaha YZ250F / YZ450F, KTM 250 SX-F / 450 SX-F, Kawasaki KX250 / KX450, Suzuki RM-Z250 / RM-Z450, Husqvarna FC 250 / FC 450",1995 - 2025,"Dunlop Geomax MX14 Tires When the sand gets deep or the mud starts flowing, the Dunlop MX14 is your answer. Designed specifically for the gnarliest motocross conditions, the MX14 takes cues from the successful MX12 tire but in a more refined and technical package. The MX14 offers increased drive-grip and traction on starts, straights and when exiting corners, improved braking performance for more rear tire stopping power in harsh conditions, perfect slide control when braking and cornering in sand and mud, and enhanced damping performance to keep the tire on the ground and digging in.","Designed for deep sand and mud conditions Increased knob height (18% over MX12) increases drive-grip and traction Updated rubber compound improves durability and increases traction through less knob flex Enhanced block angles and flexible support fins on the braking side of knob offer improved braking and slide control Construction has an additional ply to improve the linearity of the sidewall stiffness and enhance damping and absorption performance Offered in a complete range of rear sizes from minis to big bikes Pairs well with a MX12, MX33 or MX3S front Need your tire mounted? We’ve got you covered! Tire Mount Discount",https://www.cyclegear.com/_a/product_images/1844/2217/dunlop_geomax_mx14_tires.jpg,""
1654208,P726869,"Dunlop D605 Dual Sport Tires",dunlop-d605-dual-sport-tires,Tires,Dunlop,"Dirt Bike / Off-Road / Adventure / Dual Sport","Dual Onoff Dot / 50 On Road 50 Off Road / Dot Dirt Tires / Hard Terrain",43.57,75.95,4.50,76,"Honda, Yamaha, KTM, Kawasaki, Suzuki, Husqvarna, GasGas","Honda CRF250R / CRF450R, Yamaha YZ250F / YZ450F, KTM 250 SX-F / 450 SX-F, Kawasaki KX250 / KX450, Suzuki RM-Z250 / RM-Z450, Husqvarna FC 250 / FC 450",1995 - 2025,"Dunlop D605 Dual Sport Tires With a unique tread pattern, the Dunlop D605 Tires are ready to take on fire roads, single track trails and the roads you need to get there.","All-new tread pattern Excellent for light to mid-weight dual-sports DOT approved 50% on-road / 50% off-road Notes : It is recommended to change your valve stem, tube and/or rim strip when installing a new tire. Shop Here! Need your tire mounted? We’ve got you covered! Tire Mount Discount",https://www.cyclegear.com/_a/product_images/2089/8387/dunlop_d605_dual_sport_tires.jpg,""
10046722,P897373,"IRC VE-33S Gekkota Tires",irc-ve-33s-gekkota-tires,Tires,IRC Tires,"Dirt Bike / Off-Road","Hard Terrain / Intermediate Terrain / Dirt Bike Tire / Non Dot Tire",130.36,179.95,4.70,10,"Honda, Yamaha, KTM, Kawasaki, Suzuki, Husqvarna, GasGas","Honda CRF250R / CRF450R, Yamaha YZ250F / YZ450F, KTM 250 SX-F / 450 SX-F, Kawasaki KX250 / KX450, Suzuki RM-Z250 / RM-Z450, Husqvarna FC 250 / FC 450",1995 - 2025,"IRC VE-33S Gekkota Tires The VE-33S Gekkota tires from IRC were developed in the most extreme enduro conditions possible with the goal of making them the best tire option for single track riders and top pro enduro riders alike. Its 2-ply / breaker carcass structure resists punctures and helps provide stability over a wide range of speeds. The gummy Gekkota compound grips where other tires slip and act as a suspension component within the tire, providing extra bump absorption performance. The tire's tall blocks were designed to provide a larger contact patch as well as flexibility for maximum traction in all conditions. IRC developed the gummy GEKKOTA compound with top pro enduro riders to enhance high speed cornering performance and durability. Take control of your next ride and put your tires to work!","The ""Workhorse"" Tire for riders looking for an extreme enduro tire IRC's Trials compound technology and Motocross tread pattern combined into a Hybrid tire that provides best traction in the worst conditions Gummy Gekkota compound provides optimal grip and extra bump absorption in all conditions Designed to perform in EXTREME conditions from sloppy dirt or sand to logs, roots, rocks, swamps, and sliding gravel surfaces. Recommended air pressure is around 7-10 psi (with Heavy Duty Tubes) Tube type 64M speed rating, rated speeds up to 81 mph Need your tire mounted? We’ve got you covered! Tire Mount Discount",https://www.cyclegear.com/_a/product_images/1903/5005/ircve33_s_gekkota_tires.jpg,""
10203258,P986713,"Metzeler Karoo 4 Tires",metzeler-karoo-4-tires,Tires,Metzeler,"Adventure / Dual Sport","Dual Road Bias Dot / 50 On Road 50 Off Road / Intermediate Terrain / Hard Terrain",135.09,167.00,4.90,7,"Honda, Yamaha, KTM, Kawasaki, Suzuki, Husqvarna, GasGas","Honda CRF250R / CRF450R, Yamaha YZ250F / YZ450F, KTM 250 SX-F / 450 SX-F, Kawasaki KX250 / KX450, Suzuki RM-Z250 / RM-Z450, Husqvarna FC 250 / FC 450",1995 - 2025,"Metzeler Karoo 4 Tires When you don't know where the trail will lead you, but want to be ready for anything, the Metzler Karoo 4 Tires have the features you need.","Made for adventure and dual sport riders who want good off-road performance and longevity 50% on-road / 50% off-road Patented multi-pitch knob layout reduces tire noise and delivers rolling smoothness Transversal knob layout enhances off road traction, directionality and stability Footprint optimized to work in concert with electronic rider aids Tread pattern picks up and clears material for better traction Dymatec ""Dynamic Mold Angle Technology"", provides variable groove wall angles at different lean angles for optimized tread resistance and wear uniformity Radial construction with Interact technology, features multi-zone steel belt tension, relieves structural and thermal stresses for maximizing steering neutrality and wet performance Updated front single compound with a wide operating range Dual compound rear, with 100% Carbon Black rubber for great abrasion and tearing resistance Tubeless design (TL) Notes : It is recommended to change your valve stem, tube and/or rim strip when installing a new tire. Shop Here! Need your tire mounted? We’ve got you covered! Tire Mount Discount",https://www.cyclegear.com/_a/product_images/1835/3414/metzeler_karoo4_tires.jpg,""
10501670,P1144402,"Kenda Trakmaster DTR Tires",kenda-trakmaster-dtr-tires,Tires,N/A,"Adventure / Dual Sport","70 On Road 30 Off Road / Dot Tire / Dual Sport Tire",78.17,102.99,5.00,5,"Honda, Yamaha, KTM, Kawasaki, Suzuki, Husqvarna, GasGas","Honda CRF250R / CRF450R, Yamaha YZ250F / YZ450F, KTM 250 SX-F / 450 SX-F, Kawasaki KX250 / KX450, Suzuki RM-Z250 / RM-Z450, Husqvarna FC 250 / FC 450",1995 - 2025,"Kenda Trakmaster DTR Tires The Kenda Trackmaster DTR Tire offer riders the option to go unpaved. The 70/30 street-to-off road tread design packs an innovative, stepped tread blocks that are engineered to maintain a sharp leading edge even as the tire wears down. Tires feature a bias-ply construction with tubeless bead and meet DOT requirements. Ride on.","70% on-road / 30% off-road bias Innovative stepped tread introduces fresh biting edges as the tire wears Proprietary compound and optimized tread design Excellent grip in wet conditions Lateral grooved shoulders designed for maximum water and mud dispersion Performance in any terrain without compromise Fitments for most dual sport and adventure motorcycles DOT-approved Tubeless design (TL) Bias construction Need your tire mounted? We’ve got you covered! Tire Mount Discount",https://www.cyclegear.com/_a/product_images/2420/4813/kenda_trakmaster_dtr_tires.jpg,""
1306389,P413344,"Dunlop D423 Honda Goldwing Tires",dunlop-d423-honda-goldwing-tires,Tires,Dunlop,"Adventure / Dual Sport","Customcruisertouring Ra / Touring Tire / Dot Tire",282.74,362.95,2.90,8,"Honda","Goldwing",1990 - 2025,"Dunlop D423 Honda Goldwing Tires Designed specifically for the Honda Goldwing, the D423 hoops from Dunlop are built for trans-continental touring in comfort and style.","O.E. fitment for the 2018 Honda Goldwing Notes : It is recommended to change your valve stem, tube and/or rim strip when installing a new tire. Shop Here! Need your tire mounted? We’ve got you covered! Tire Mount Discount",https://www.cyclegear.com/_a/product_images/0384/0694/dunlop_d42313070_r18_front.jpg,""
10039725,P43603,"Maxxis Maxxcross IT M7304 / M7305 Tires",maxxis-maxxcross-it-m7304-m7305-tires,Tires,Maxxis Tires,"Dirt Bike / Off-Road","Off Highway Non Dot Inc / Dirt Bike Tire / Intermediate Terrain / Non Dot Tire",88.75,0.00,4.80,12,"Honda, Yamaha, KTM, Kawasaki, Suzuki, Husqvarna, GasGas","Honda CRF250R / CRF450R, Yamaha YZ250F / YZ450F, KTM 250 SX-F / 450 SX-F, Kawasaki KX250 / KX450, Suzuki RM-Z250 / RM-Z450, Husqvarna FC 250 / FC 450",1995 - 2025,"Maxxis Maxxcross IT M7304 / M7305 Tires The Maxxis Maxxcross IT is trusted by top Motocross and Cross Country racers around the world. It features knobs designed to provide superb handling and long wear. In addition, the Maxxcross IT's rubber compound enhances stability and increases grip in a variety of soil conditions found on any Motocross track or off-road loop.","Unique knob design offers exceptional traction and handling in a wide variety of conditions Advanced rubber compound enhances straight-line traction for maximum control Reinforced sidewall offers excellent stability and torque-wrenching performance Tube Type Note: 70/100-10 size has the imperial 2.50x10 size stamped on the sidewall. Need your tire mounted? We’ve got you covered! Tire Mount Discount",https://www.cyclegear.com/_a/product_images/0001/5156/Maxxis_MaxxCross-IT_M7304_Tires.jpg,""
10453742,P1117626,"Continental ContiAttack SM2 Supermoto Tires",continental-contiattack-sm2-supermoto-tires,Tires,Continental Tire,"Street / Sportbike","Dot Tire / Supermoto Tire",172.30,263.95,5.00,3,"Honda, Yamaha, Kawasaki, Suzuki, BMW, Ducati, Triumph, Aprilia","Honda CBR600RR / CBR1000RR, Yamaha YZF-R6 / YZF-R1 / MT-07 / MT-09, Kawasaki Ninja 650 / ZX-6R / ZX-10R, Suzuki GSX-R600 / GSX-R1000, BMW S1000RR, Ducati Monster / Panigale",1998 - 2025,"Continental Conti Attack SM2 Supermoto Tires The Continental ContiAttack SM2 Supermoto Tires deliver performance virtually mirroring Continental's most extreme DOT supermoto tire (the ContiAttack SM Supermoto EVO) but with enhanced comfort, wet grip, and longevity. The ContiAttack SM2 features a tread design and composition that draw from Continental's experience in track-only racing tires. Continental Grip Limit Feedback technology boasts large areas of slick, uninterrupted tread block to provide road feel and predictable grip. Rear tires feature a reinforced, longer-wearing center section to handle the hard acceleration and braking demands of Supermoto - while also contributing to increased tire life for non-track riding. Infused with Continental's BlackChili compound, the ContiAttack SM2 Tires cater to both competitive on-track supermoto styles and everyday street riding requirements.","Track-proven and street legal high-performance tire for the ultimate supermoto experience Signature Continental Black Chili compound MultiGrip technology for a homogeneous gradation of grip levels with a single compound TractionSkin and micro-rough tread offers grip from the first mile ZeroDegree 0° steel belt construction guarantees excellent stability at high speeds and low kickback tendency Optimum stability and damping during extreme braking and acceleration for the supermoto riding style Similar performance to the ContiAttack SM Supermoto EVO Tires with better longevity, comfort and wet performance Solid backbone for extreme braking and acceleration (or great mileage when ridden gently) Maximum traction and increased predictability at high lean angles Continental Grip Limit Feedback technology enhanced by large areas of slick, uninterrupted tread Significantly higher mileage potential thanks to increased tread depth Optimum damping and handling Radial construction Carcass inspired by Continental racing slicks Tubeless (TL) design DOT approved",https://www.cyclegear.com/_a/product_images/2346/6771/continental_conti_attack_sm2_tires.jpg,""
158524,P43160,"Dunlop K630 Kawasaki Ninja Tires",dunlop-k630-kawasaki-ninja-tires,Tires,Dunlop,"Street / Sportbike / Cruiser / V-Twin","Customcruisertouring Bi / Sportbike Tire / Dot Tire",126.31,160.95,5.00,4,"Kawasaki","Ninja",1990 - 2025,"Dunlop K630 Kawasaki Ninja Tires","Tubeless Bias ply Blackwall Notes : It is recommended to change your valve stem, tube and/or rim strip when installing a new tire. Shop Here! Need your tire mounted? We’ve got you covered! Tire Mount Discount",https://www.cyclegear.com/_a/product_images/0003/6028/Dunlop_K630_Kawasaki_Tire.jpg,""
10153377,P961520,"Bridgestone Battlecross X31 Tire",bridgestone-battlecross-x31-tire,Tires,Bridgestone,"Dirt Bike / Off-Road","Off Highway Non Dot Inc / Dirt Bike Tire / Non Dot Tire / Intermediate Terrain",107.48,149.99,4.50,4,"Honda, Yamaha, KTM, Kawasaki, Suzuki, Husqvarna, GasGas","Honda CRF250R / CRF450R, Yamaha YZ250F / YZ450F, KTM 250 SX-F / 450 SX-F, Kawasaki KX250 / KX450, Suzuki RM-Z250 / RM-Z450, Husqvarna FC 250 / FC 450",1995 - 2025,"Bridgestone Battlecross X31 Tire The Battlecross X31 is designed for a broad range of intermediate terrain for the ultimate traction on the track or trails. Starting where the X30 left off, the X31 is enhanced with Bunker Groove technology which works by improving casing flex for enhanced traction in harder terrain and adds biting edges for traction in softer conditions. Rear tire Cooling Fins promote consistent traction and feel under during a long moto by dispersing heat and minimizing inflation pressure gain. The symmetric front tire design enhanced with Castle Block Technology promotes braking stability while increasing biting edges and contact pressure on soft and slippery surfaces, while the asymmetric rear tire tread design enhances cornering traction by increasing lateral biting edges.","Intermediate terrain tire with a wide range of use Rear Cooling Fins to disperse heat and maintain tire pressure Bunker Groove Technology for tread casing flex, a stable sidewall and increased soft terrain traction Symmetrical front tread design and an asymmetrical rear tread design For offroad use only Need your tire mounted? We’ve got you covered! Tire Mount Discount",https://www.cyclegear.com/_a/product_images/1716/9327/bridgestone_battlecross_x31_tire.jpg,""
158412,P43113,"Dunlop Vintage K70 Tires",dunlop-vintage-k70-tires,Tires,Dunlop,"Cruiser / V-Twin / Adventure / Dual Sport","Customcruisertouring Bi / Harley Tire / Cruiser Tire / Vintage Tire",140.14,178.95,4.80,63,"Harley-Davidson","Harley (Sportster, Softail, Dyna, Street Glide, Road King, Fat Boy), Honda Shadow / VTX, Yamaha V-Star / Bolt, Indian Scout / Chief, Kawasaki Vulcan, Suzuki Boulevard",1990 - 2025,"Dunlop Vintage K70 Tires","Bias ply Blackwall with black lettering Tube Type Notes : It is recommended to change your valve stem, tube and/or rim strip when installing a new tire. Shop Here! Need your tire mounted? We’ve got you covered! Tire Mount Discount",https://www.cyclegear.com/_a/product_images/0003/5804/_Tt100_Tires_Front.jpg,""
10386824,P1087798,"Mitas Enduro Trail XT Plus Dakar Tires",mitas-enduro-trail-xt-plus-dakar-tires,Tires,Mitas,"Adventure / Dual Sport / Dirt Bike / Off-Road","20 On Road 80 Off Road / Dot Dirt Tires / Dot Tire / Dirt Bike Tire",108.44,123.99,3.90,7,"Honda, Yamaha, KTM, Kawasaki, Suzuki, Husqvarna, GasGas","Honda CRF250R / CRF450R, Yamaha YZ250F / YZ450F, KTM 250 SX-F / 450 SX-F, Kawasaki KX250 / KX450, Suzuki RM-Z250 / RM-Z450, Husqvarna FC 250 / FC 450",1995 - 2025,"Mitas Enduro Trail XT Plus Dakar Tires The Mitas Enduro Trail XT Tires answer to riders demanding the most aggressive performance off-road with the ability to ride the tarmac home. The XT+ product line was designed from testing and development of the E-12/E-13 Rally Star and E-09 Rear tires. The XT+ Rear features a profile and tread pattern/spacing that excels in aggressive off road riding conditions while maintaining predictable road manners, consistent wear over its lifetime and comparatively low road noise.","The XT+ is designed for 20% on-road / 80% off-road use on Adventure and Dual Sport motorcycles All XT+ tires approved for TL (Tubeless) and TT (Tube Type) applications Fitment options from full sized ADV bikes down to single cylinder Dual Sport machines Standard version front is an excellent hard terrain dual sport fitment ADV specific tire Profile with deep and wide knob pattern balancing maximum off-highway traction and predictable on road handling Notes : It is recommended to change your valve stem, tube and/or rim strip when installing a new tire. Shop Here! Need your tire mounted? We’ve got you covered! Tire Mount Discount",https://www.cyclegear.com/_a/product_images/2209/1797/mitas_enduro_trail_xt_plus_dakar_tires.jpg,""
10101834,P926366,"Michelin Harley-Davidson Scorcher Adventure Tires",michelin-harley-davidson-scorcher-adventure-tires,Tires,Michelin Tires,"Adventure / Dual Sport","80 On Road 20 Off Road / Dot Tire / Dual Sport Tire / Harley Tire",194.99,279.95,4.50,13,"Harley-Davidson","Harley (Sportster, Softail, Dyna, Street Glide, Road King, Fat Boy), Honda Shadow / VTX, Yamaha V-Star / Bolt, Indian Scout / Chief, Kawasaki Vulcan, Suzuki Boulevard",1990 - 2025,"Michelin Harley-Davidson Scorcher Adventure Tires Michelin's Scorcher Adventure Tires are ready to crumble any terrain that you dare trek. Proudly picked as the stock tire for the Harley Davidson Pan America, the Scorcher Adventure Tires feature compounds that allow for superior on-road stability in dry or wet conditions. The tread pattern and optimized profile provide precise handling and performance that keeps you riding mile after mile, from hot pavement to dusty trails. Michelin's Scorcher Adventure Tires are ready to chomp out the miles and any terrain that comes your way.","OEM Harley Davidson Pan America tires Bridge Block and 2CT+ Technology provide maximum stability Dual compound, tread pattern and optimized profile provide precise handling and long lasting performance Silica tread compound provides phenomenal wet grip Fully grooved tread pattern delivers confidence inspiring traction off-road 80% on-road / 20% off-road Tubeless Harley branding on sidewall Notes : It is recommended to change your valve stem, tube and/or rim strip when installing a new tire. Shop Here! Need your tire mounted? We’ve got you covered! Tire Mount Discount",https://www.cyclegear.com/_a/product_images/1606/8519/michelin_harley_davidson_scorcher_adventure_tires.jpg,""
1158464,P349614,"Mitas Sport Force Plus Tires",mitas-sport-force-plus-tires,Tires,Mitas,"Street / Sportbike","Sportbike Tire / Supermoto Tire / Dot Tire",131.22,149.95,5.00,6,"Honda, Yamaha, Kawasaki, Suzuki, BMW, Ducati, Triumph, Aprilia","Honda CBR600RR / CBR1000RR, Yamaha YZF-R6 / YZF-R1 / MT-07 / MT-09, Kawasaki Ninja 650 / ZX-6R / ZX-10R, Suzuki GSX-R600 / GSX-R1000, BMW S1000RR, Ducati Monster / Panigale",1998 - 2025,"Mitas Sport Force Plus Tires The Mitas Sport Force + Tires offer stability at high speeds and maximum control in the twisties. Silica compound along with special additives let the Sport Force+ tires perform in wet and dry conditions. These tires balance performance and longevity for a street tire that lasts and grips.","Radial construction STC (Strong Carcass Technology) OGT 3D (Three Dimensional Optimum Groove Technology) FEA optimized footprint Notes : It is recommended to change your valve stem, tube and/or rim strip when installing a new tire. Shop Here! Need your tire mounted? We’ve got you covered! Tire Mount Discount",https://www.cyclegear.com/_a/product_images/2161/4342/mitas_sport_force_plus_tires.jpg,""
1083568,P323968,"Pirelli Scorpion Rally Adventouring Tires",pirelli-scorpion-rally-adventouring-tires,Tires,Pirelli,"Adventure / Dual Sport / Dirt Bike / Off-Road","Dual Onoff Dot / 50 On Road 50 Off Road / Dot Dirt Tires / Touring Tire",124.19,166.44,4.60,16,"Honda, Yamaha, KTM, Kawasaki, Suzuki, Husqvarna, GasGas","Touring",1995 - 2025,"Pirelli Scorpion Rally Adventure Touring Tires Pirelli persists in the evolution of high-performance adventure tires, exemplified by the Scorpion Rally Adventouring. Featuring robust wide knobs, this tire optimizes on-road performance while delivering exceptional off-road grip. Its self-cleaning properties effectively prevent the accumulation of mud and dirt.","50% on-road / 50% off-road With an Advanced Mixing Process, the Scorpion Rally Adventouring resists fatigue and offers long-life performance Front tire blocks optimized for directional stability at high speeds High traction on even the most demanding surfaces TL (tubeless) design DOT approved Notes : It is recommended to change your valve stem, tube and/or rim strip when installing a new tire. Shop Here! Need your tire mounted? We’ve got you covered! Tire Mount Discount",https://www.cyclegear.com/_a/product_images/2190/8773/pirelli_scorpion_rally_adventouring_tires.jpg,""
158568,P43171,"Dunlop Harley-Davidson K591 Tires",dunlop-harley-davidson-k591-tires,Tires,Dunlop,"Cruiser / V-Twin / Adventure / Dual Sport","Sport Touring Bias Dot / Cruiser Tire / Harley Tire / Dot Tire",171.56,223.95,4.80,91,"Harley-Davidson","Harley Sportster / Harley Fxfxr / Harley Street / Harley Touring / Harley V Rod / Harley Softail / Harley Dyna / Harley Dyna Fat Bo / Harley Dyna Street / Harley Dyna Super / Harley Dyna Switch / Harley Softail Del / Harley Softail Deu / Harley Softail Fat / Harley Softail Her / Harley Softail Nig / Harley Sportster 1 / Harley Sportster 8 / Harley Sportster I / Harley Touring Ele / Harley Touring Roa / Harley Touring Str",1990 - 2025,"Dunlop Harley-Davidson K591 Tires","Tubeless V-rated Made in USA Notes : It is recommended to change your valve stem, tube and/or rim strip when installing a new tire. Shop Here! Need your tire mounted? We’ve got you covered! Tire Mount Discount",https://www.cyclegear.com/_a/product_images/0003/6112/Dunlop_Harley-Davidson_K591.jpg,""
10481084,P1132102,"Michelin Power Shift Scooter Tires",michelin-power-shift-scooter-tires,Tires,Michelin Tires,"Scooter","Dot Tire / Scooter Tire",198.57,226.95,4.00,1,"Honda, Yamaha, Vespa, Suzuki, Piaggio, Kymco","Honda PCX150 / Ruckus, Yamaha Zuma / XMAX, Vespa Primavera / GTS 300, Suzuki Burgman 400",2005 - 2025,"Michelin Power Shift Scooter Tires Crafted to enhance the performance of high-capacity scooters, the Power Shift tire draws from the acclaimed Pilot Road 4 series. This tire provides a seamless fusion of reliability and agility, engineered specifically for the demands of modern scooters.","Radial tubeless Scooter tire Higher performance on wet surfaces High-tech compound and Water Evergrip Technology sipes Engineered with cutting-edge technology for impressive grip and handling, allowing you to experience adrenaline rush with confidence New high-tech compound allows for 15% longer tire life compared to previous versions Michelin Power Shift increase wet grip performance by +15% in comparison with the Michelin Pilot Road 4 scooter, per Michelin testing Notes : It is recommended to change your valve stem, tube and/or rim strip when installing a new tire. Shop Here!",https://www.cyclegear.com/_a/product_images/2382/6547/michelin_tires_tire_power_shift12070_r1556_hft.jpg,""
157450,P42695,"Kenda K270 Tires",kenda-k270-tires,Tires,N/A,"Dirt Bike / Off-Road / Adventure / Dual Sport","50 On Road 50 Off Road / Dot Dirt Tires / Hard Terrain / Intermediate Terrain",47.59,54.99,4.40,57,"Honda, Yamaha, KTM, Kawasaki, Suzuki, Husqvarna, GasGas","Honda CRF250R / CRF450R, Yamaha YZ250F / YZ450F, KTM 250 SX-F / 450 SX-F, Kawasaki KX250 / KX450, Suzuki RM-Z250 / RM-Z450, Husqvarna FC 250 / FC 450",1995 - 2025,"Kenda K270 Tires The K270 Dual Sport tire is a great option for replacing your OE trail tire. It provides the perfect balance between a smooth ride on the road and great traction on the trails.","Designed for todays high performance dual purpose motorcycles Built with a special rubber compound Extra grip off the road without compromising wear on the street 50% on-road / 50% off-road Tube Type P-rated options are for speeds up to 93 mph DOT approved Notes : It is recommended to change your valve stem, tube and/or rim strip when installing a new tire. Shop Here! Need your tire mounted? We’ve got you covered! Tire Mount Discount",https://www.cyclegear.com/_a/product_images/0002/8778/Kenda_K270_Tires.jpg,""
158454,P43133,"Dunlop Cruisemax Whitewall Tires",dunlop-cruisemax-whitewall-tires,Tires,Dunlop,"Cruiser / V-Twin","Customcruisertouring Bi / Cruiser Tire / Whitewall Tire / Dot Tire",220.27,300.95,4.40,20,"Harley-Davidson","Harley Sportster / Harley Fxfxr / Harley Street / Harley Touring / Harley V Rod / Harley Softail / Harley Dyna / Harley Dyna Fat Bo / Harley Dyna Street / Harley Dyna Super / Harley Dyna Switch / Harley Softail Del / Harley Softail Deu / Harley Softail Fat / Harley Softail Her / Harley Softail Nig / Harley Sportster 1 / Harley Sportster 8 / Harley Sportster I / Harley Touring Ele / Harley Touring Roa / Harley Touring Str",1990 - 2025,"Dunlop Cruisemax Whitewall Tires","H-rated for speeds up to 130 mph Tubeless (TL) Whitewall Bias ply Notes : It is recommended to change your valve stem, tube and/or rim strip when installing a new tire. Shop Here! Need your tire mounted? We’ve got you covered! Tire Mount Discount",https://www.cyclegear.com/_a/product_images/0003/5944/Dunlop_Cruisemax_Tires.jpg,""
817888,P210242,"Kenda K761 Tires",kenda-k761-tires,Tires,N/A,"Adventure / Dual Sport / Cruiser / V-Twin","80 On Road 20 Off Road / Cruiser Tire / Dual Sport Tire / Dot Tire",73.97,90.99,4.40,16,"Harley-Davidson, Honda, Yamaha, Indian, Kawasaki, Suzuki, Victory","Harley (Sportster, Softail, Dyna, Street Glide, Road King, Fat Boy), Honda Shadow / VTX, Yamaha V-Star / Bolt, Indian Scout / Chief, Kawasaki Vulcan, Suzuki Boulevard",1990 - 2025,"Kenda K761 Tires The Kenda K761 Tires were made for the road focused rider looking to venture off the pavement from time to time. The tread is designed for excellent grip and durability in both wet and dry conditions, from pavement to your favorite fire roads.","Recommended for 80% on-road / 20% off-road usage Chunky, aggressive design that is perfect for gravel / fire roads Tubeless DOT approved Notes : It is recommended to change your valve stem, tube and/or rim strip when installing a new tire. Shop Here! Need your tire mounted? We’ve got you covered! Tire Mount Discount",https://www.cyclegear.com/_a/product_images/0391/7104/kenda_k761_tt_dual_spt_fr.jpg,""
1125422,P338220,"Duro HF308 Tires",duro-hf308-tires,Tires,N/A,"Cruiser / V-Twin","Cruiser Tire / Harley Tire / Vintage Tire / Dot Tire",75.04,108.95,4.80,16,"Harley-Davidson","Harley (Sportster, Softail, Dyna, Street Glide, Road King, Fat Boy), Honda Shadow / VTX, Yamaha V-Star / Bolt, Indian Scout / Chief, Kawasaki Vulcan, Suzuki Boulevard",1990 - 2025,"Duro HF308 Classic Tires Designed for use with classically styled or genuinely vintage motorcycles, the HF308 Classic Tire from Duro is capable, road-friendly rubber for your retro ride. Durable construction features 4 to 6 tread plies (depending on tire size). great replacement for Ural stock tires featuring 4-ply and 6-ply options for optimal load capacity usage. The HF307 Tire is the OEM tire for the following models: Ural Solo ST, Gear Up, M70 Retro, Patrol T, Ural T and Yamaha LTD motorcycles. For added off-road traction, the HF308 can be paired with Duro's HF307 Tire at rear and/or sidecar positions.","Classically inspired vintage tire Modern rubber compounds 4 to 6 ply bias construction Front, rear or sidecar fitment Tube type DOT approved Need your tire mounted? We’ve got you covered! Tire Mount Discount",https://www.cyclegear.com/_a/product_images/1423/6912/duro_hf308_tires.jpg,""
1764536,P816724,"Shinko 504 / 505 Mobber Tires",shinko-504-505-mobber-tires,Tires,Shinko Tires,"Scooter","Scooter Tire / Dot Tire",76.46,89.95,5.00,11,"Honda, Yamaha, Vespa, Suzuki, Piaggio, Kymco","Honda PCX150 / Ruckus, Yamaha Zuma / XMAX, Vespa Primavera / GTS 300, Suzuki Burgman 400",2005 - 2025,"Shinko 504 / 505 Mobber Tires A high carbon compound tread design with reinforced knobs to resist tearing and chunking while providing consistent grip.","Tread designed for hard terrain Maximizing tread wear and minimizing tread knob tear/wear Offering great traction, braking and overall stability for enhanced control 504 Front / 505 Rear DOT Approved Notes : It is recommended to change your valve stem, tube and/or rim strip when installing a new tire. Shop Here!",https://www.cyclegear.com/_a/product_images/1324/8954/shinko504_mobber_tires.jpg,""
158531,P43147,"Dunlop D207 / D208 Tires",dunlop-d207-d208-tires,Tires,Dunlop,"Adventure / Dual Sport / Cruiser / V-Twin","Hypersport Dot / Cruiser Tire / Touring Tire / Harley Tire",263.64,336.95,5.00,17,"Harley-Davidson","Harley (Sportster, Softail, Dyna, Street Glide, Road King, Fat Boy), Honda Shadow / VTX, Yamaha V-Star / Bolt, Indian Scout / Chief, Kawasaki Vulcan, Suzuki Boulevard",1990 - 2025,"Dunlop D207 / D208 Tires","Unique 19"" front and 18"" rear radials Blackwall Tubeless (TL) (W)-rated for speeds 168+ mph or V-rated for speeds up to 149 mph Notes : It is recommended to change your valve stem, tube and/or rim strip when installing a new tire. Shop Here! Need your tire mounted? We’ve got you covered! Tire Mount Discount",https://www.cyclegear.com/_a/product_images/0005/8631/_D208_Tires.jpg,""
1287057,P403867,"Sedona Dunatik Sand Paddle Tires",sedona-dunatik-sand-paddle-tires,Tires,Sedona,"Dirt Bike / Off-Road","Dirt Bike Tire / Sand Tire / Non Dot Tire",91.87,122.95,4.00,8,"Honda, Yamaha, KTM, Kawasaki, Suzuki, Husqvarna, GasGas","Honda CRF250R / CRF450R, Yamaha YZ250F / YZ450F, KTM 250 SX-F / 450 SX-F, Kawasaki KX250 / KX450, Suzuki RM-Z250 / RM-Z450, Husqvarna FC 250 / FC 450",1995 - 2025,"Sedona Dunatik Sand Paddle Tires The Sedona Dunatik delivers top-tier sand performance with its ultra-lightweight carcass and aggressive paddle design, maximizing traction and flotation like never before.","Paddle tire designed for serious dune performance at a seriously good price Ultra-lightweight 2-ply nylon carcass design Sold individually Need your tire mounted? We’ve got you covered! Tire Mount Discount",https://www.cyclegear.com/_a/product_images/2407/4610/sedona_dunatik_sand_paddle_tires.jpg,""
1841674,P865277,"Bridgestone Battlax SC2 Scooter Tires",bridgestone-battlax-sc2-scooter-tires,Tires,Bridgestone,"Scooter","Scooter Radial / Scooter Tire / Dot Tire",116.42,162.47,0.00,0,"Honda, Yamaha, Vespa, Suzuki, Piaggio, Kymco","Honda PCX150 / Ruckus, Yamaha Zuma / XMAX, Vespa Primavera / GTS 300, Suzuki Burgman 400",2005 - 2025,"Bridgestone Battlax SC2 Scooter Tires The Bridgestone Battlax SC2 Scooter Tires are engineered for middle and larger displacement scooters and maxi-scooters. The hypersport inspired tread pattern not only looks aggressive but provides improved wet weather cornering and braking. High silica compounds and grippy shoulder tread ensure performance in all conditions and temperatures.","Expanded contact patch and aggressive shoulder tread Available ""Rain"" version with increased siping and revised compound for added wet grip High grip in both hot and cold temperatures Silica rich compound improves performance in wet conditions Radial option for larger displacement, higher weight scooters Notes : It is recommended to change your valve stem, tube and/or rim strip when installing a new tire. Shop Here!",https://www.cyclegear.com/_a/product_images/1450/0441/bridgestone_battlax_sc2_scooter_tires.jpg,""
10144179,P957944,"Michelin City Extra Scooter Tires",michelin-city-extra-scooter-tires,Tires,Michelin Tires,"Scooter","Dot Tire / Multi Compound Tire / Scooter Tire",50.99,62.95,4.20,11,"Honda, Yamaha, Vespa, Suzuki, Piaggio, Kymco","Honda PCX150 / Ruckus, Yamaha Zuma / XMAX, Vespa Primavera / GTS 300, Suzuki Burgman 400",2005 - 2025,"Michelin City Extra Scooter Tires The Michelin City Extra tires go the extra mile in durability and reliability, rain or shine. With an optimized version of the City Pro's puncture resistant construction, the City Extra guarantees a reliable and worry free ride, even on some of the meanest of streets. The City Extra's tread pattern is designed to keep churning out the extra miles, and the Water Sipe Technology™ ensures the best grip in wet conditions.","Excellent mileage Reliable and reassuring handling and comfort Michelin Adaptive Design™ for optimum traction and lean angle predictability Water Sipe Technology™ gradually increases sipe contact during cornering for better grip on wet surfaces High Density Technology™ provides a thick layer backed by three reinforcing plies to enhance the tire's puncture resistance Available in ""Reinforced"" for heavyweight touring bikes, two-up riding, or when required by OEM specifications Notes : It is recommended to change your valve stem, tube and/or rim strip when installing a new tire. Shop Here!",https://www.cyclegear.com/_a/product_images/1806/6663/michelin_city_extra_scooter_tires.jpg,""
270706,P72280,"Shinko 003 Stealth Tires",shinko-003-stealth-tires,Tires,Shinko Tires,"Street / Sportbike","Race Tire / Sportbike Tire / Dot Tire",137.66,161.95,5.00,9,"Honda, Yamaha, Kawasaki, Suzuki, BMW, Ducati, Triumph, Aprilia","Honda CBR600RR / CBR1000RR, Yamaha YZF-R6 / YZF-R1 / MT-07 / MT-09, Kawasaki Ninja 650 / ZX-6R / ZX-10R, Suzuki GSX-R600 / GSX-R1000, BMW S1000RR, Ducati Monster / Panigale",1998 - 2025,"Shinko 003 Stealth Tires The Stealth Radial has a slick/dimple design great for production racing, drag racing, or sport riding.","Soft compound for rapid warmup, gives racing slick like performance W-speed rated (168 mph) Aramid belted DOT approved Notes : It is recommended to change your valve stem, tube and/or rim strip when installing a new tire. Shop Here! Need your tire mounted? We’ve got you covered! Tire Mount Discount",https://www.cyclegear.com/_a/product_images/0009/1825/Shinko_003_Stealth_Front_Tire.jpg,""
814576,P209173,"Bridgestone G701 / G702 Tires",bridgestone-g701-g702-tires,Tires,Bridgestone,"Cruiser / V-Twin","Customcruisertouring Bi / Cruiser Tire / Harley Tire / Dot Tire",156.75,235.79,4.70,28,"Harley-Davidson","Harley (Sportster, Softail, Dyna, Street Glide, Road King, Fat Boy), Honda Shadow / VTX, Yamaha V-Star / Bolt, Indian Scout / Chief, Kawasaki Vulcan, Suzuki Boulevard",1990 - 2025,"Bridgestone G701 / G702 Tires Bridgestone G701 / G702 tube-type tires are specifically constructed for today's cruiser motorcycles. They are designed to give your bike an exceptional ride, enhanced comfort and improved handling in wet or dry riding conditions.","Uni-directional pattern for reliable performance on dry and wet surfaces Specifically constructed for cruiser touring bikes OE replacement for many cruiser models such as the Yamaha Royal Star, Kawasaki Vulcan, and Suzuki Intruder F spec is OE tire on Honda VT1300CS Sabre 2010-14 J spec is the OE wide white wall (WWW) tire on Suzuki C90T Boulevard 2005-09 N spec tire is the OE tire on the Yamaha XV1700 Road Star 2004-14 Notes : It is recommended to change your valve stem, tube and/or rim strip when installing a new tire. Shop Here! Need your tire mounted? We’ve got you covered! Tire Mount Discount",https://www.cyclegear.com/_a/product_images/0379/6251/bridgestone_g701_front_tires.jpg,""
1779914,P237521,"Shinko 240 Classic Tires",shinko-240-classic-tires,Tires,Shinko Tires,"Cruiser / V-Twin","Cruiser Tire / Harley Tire / Vintage Tire / Dot Tire",122.36,143.95,4.70,88,"Harley-Davidson","Harley (Sportster, Softail, Dyna, Street Glide, Road King, Fat Boy), Honda Shadow / VTX, Yamaha V-Star / Bolt, Indian Scout / Chief, Kawasaki Vulcan, Suzuki Boulevard",1990 - 2025,"Shinko Classic 240 Tire A classic design with modern construction and modern performance.","Compounded for high mileage Aramid belt offsets tread distortion for better grip and durability H-rated tube type 4-ply nylon carcass Notes : It is recommended to change your valve stem, tube and/or rim strip when installing a new tire. Shop Here! Need your tire mounted? We’ve got you covered! Tire Mount Discount",https://www.cyclegear.com/_a/product_images/0009/1762/shinko_classic240_tires_mt9016.jpg,""
10321331,P1055126,"Motoz Tractionator Enduro S/T Tires",motoz-tractionator-enduro-st-tires,Tires,Motoz,"Dirt Bike / Off-Road","10 On Road 90 Off Road / Dot Dirt Tires / Dirt Bike Tire / Dual Sport Tire",122.99,0.00,5.00,1,"Honda, Yamaha, KTM, Kawasaki, Suzuki, Husqvarna, GasGas","Honda CRF250R / CRF450R, Yamaha YZ250F / YZ450F, KTM 250 SX-F / 450 SX-F, Kawasaki KX250 / KX450, Suzuki RM-Z250 / RM-Z450, Husqvarna FC 250 / FC 450",1995 - 2025,"Motoz Tractionator Enduro S/T Tires The Tractionator Enduro ST is a DOT homologated enduro tire that offers supreme traction in soft conditions, while offering great longevity for those longer rides and events. The Tractionator ST also features a reversible rear tread pattern that slightly differs, giving you the choice to mount the tire in a mostly we (mud) direction, or a mostly dry (loam and sand) direction for maximum performance.","Intended for use in soft terrain Natural / synthetic hybrid rubber construction Designed for 10% on-road / 90% off-road 20% dry / 80% wet weather 30% hard / 70% soft terrain Reversible rear tread pattern DOT approved Notes : It is recommended to change your valve stem, tube and/or rim strip when installing a new tire. Shop Here! Need your tire mounted? We’ve got you covered! Tire Mount Discount",https://www.cyclegear.com/_a/product_images/2085/7119/motoz_tractionator_enduro_st_tires.jpg,""
158876,P43304,"IRC Enduro Tires VE-35F / VE-33 Tires",irc-enduro-tires-ve-35f-ve-33-tires,Tires,IRC Tires,"Dirt Bike / Off-Road","Dirt Bike Tire / Hard Terrain / Intermediate Terrain / Non Dot Tire",78.36,102.95,4.50,17,"Honda, Yamaha, KTM, Kawasaki, Suzuki, Husqvarna, GasGas","Honda CRF250R / CRF450R, Yamaha YZ250F / YZ450F, KTM 250 SX-F / 450 SX-F, Kawasaki KX250 / KX450, Suzuki RM-Z250 / RM-Z450, Husqvarna FC 250 / FC 450",1995 - 2025,"IRC Enduro Tires VE-35F / VE-33 Tires","For use in cross country enduro conditions Dimpled knobs for extra gripping power Puncture resistant casings Tube Type Need your tire mounted? We’ve got you covered! Tire Mount Discount",https://www.cyclegear.com/_a/product_images/0001/4309/irc_enduro_tires_ve35_fve33_tires_front.jpg,""
1597129,P675700,"Bridgestone Battlax AdventureCross Scrambler AX41S Tires",bridgestone-battlax-adventurecross-scrambler-ax41s-tires,Tires,Bridgestone,"Cafe","Sport Touring Bias Dot / Sport Touring Radial Do / Dual Onoff Dot / 90 On Road 10 Off Road",169.18,236.55,5.00,5,"Honda, Yamaha, KTM, Kawasaki, Suzuki, Husqvarna, GasGas","Honda CRF250R / CRF450R, Yamaha YZ250F / YZ450F, KTM 250 SX-F / 450 SX-F, Kawasaki KX250 / KX450, Suzuki RM-Z250 / RM-Z450, Husqvarna FC 250 / FC 450",1995 - 2025,"Bridgestone Battlax Adventure Cross Scrambler AX41S Tires The Bridgestone Battlax Adventurecross Scrambler AX41S features a modern scrambler-style tread design for optimal grip in all conditions.","Modern scrambler tread design Sport-touring compound for excellent grip in all conditions Single compound front Dual compound (3LC) rear Tubeless (TL) Notes : It is recommended to change your valve stem, tube and/or rim strip when installing a new tire. Shop Here! Need your tire mounted? We’ve got you covered! Tire Mount Discount",https://www.cyclegear.com/_a/product_images/1450/4452/bridgestone_battlax_ax41_s.jpg,""
10202718,P1084081,"Pirelli Scorpion Rally Race Tires",pirelli-scorpion-rally-race-tires,Tires,Pirelli,"Dirt Bike / Off-Road / Adventure / Dual Sport","Dual Onoff Dot / 30 On Road 70 Off Road / 20 On Road 80 Off Road / Dot Dirt Tires",133.54,178.94,4.60,16,"Honda, Yamaha, KTM, Kawasaki, Suzuki, Husqvarna, GasGas","Honda CRF250R / CRF450R, Yamaha YZ250F / YZ450F, KTM 250 SX-F / 450 SX-F, Kawasaki KX250 / KX450, Suzuki RM-Z250 / RM-Z450, Husqvarna FC 250 / FC 450",1995 - 2025,"Pirelli Scorpion Rally Race Tires Pirelli remains dedicated to enhancing high-performance tires for the Scorpion family. Following a strategic two-year development process, the Scorpion Rally achieved several victories in the Dakar Rally.","The front knob layout of the Rally is designed to give directional stability, even during high-speed riding The rear knobs provide rotational traction for the most demanding terrains World-class performance with a tire that has a high resistance to puncture TT (tube type) design DOT approved Notes : It is recommended to change your valve stem, tube and/or rim strip when installing a new tire. Shop Here! Need your tire mounted? We’ve got you covered! Tire Mount Discount",https://www.cyclegear.com/_a/product_images/2190/8790/pirelli_scorpion_rally_race_tires.jpg,""
270724,P72286,"Shinko 006 Podium Tires",shinko-006-podium-tires,Tires,Shinko Tires,"Street / Sportbike","Sportbike Tire / Dot Tire",132.56,155.95,4.50,29,"Honda, Yamaha, Kawasaki, Suzuki, BMW, Ducati, Triumph, Aprilia","Honda CBR600RR / CBR1000RR, Yamaha YZF-R6 / YZF-R1 / MT-07 / MT-09, Kawasaki Ninja 650 / ZX-6R / ZX-10R, Suzuki GSX-R600 / GSX-R1000, BMW S1000RR, Ducati Monster / Panigale",1998 - 2025,"Shinko 006 Podium Tires The Podium radial features a streamlined tread pattern that reduces rotating resistance while improving water drainage.","W(168 mph) or V(149 mph) rated Aramid belted Intermediate rubber compound DOT approved Notes : It is recommended to change your valve stem, tube and/or rim strip when installing a new tire. Shop Here! Need your tire mounted? We’ve got you covered! Tire Mount Discount",https://www.cyclegear.com/_a/product_images/0009/1853/Shinko_006_Podium_Front_Tire.jpg,""
1083519,P346503,"Pirelli MT60 Tires",pirelli-mt60-tires,Tires,Pirelli,"Adventure / Dual Sport","Dual Road Radial Dot / Dual Road Bias Dot / 70 On Road 30 Off Road / Dual Sport Tire",149.05,183.28,4.10,29,"Honda, Yamaha, KTM, Kawasaki, Suzuki, Husqvarna, GasGas","Honda CRF250R / CRF450R, Yamaha YZ250F / YZ450F, KTM 250 SX-F / 450 SX-F, Kawasaki KX250 / KX450, Suzuki RM-Z250 / RM-Z450, Husqvarna FC 250 / FC 450",1995 - 2025,"Pirelli MT60 Tires High performance street scrambler tires, the Pirelli MT60 Tires can do it all. Lots of grip, good wet weather performance, and attractive dual-sport styling.","Maximum grip tread Designed for machines like the KTM Duke OE fitment on Ducati Scrambler Superb cornering and straight-line stability; exceptional wet-weather performance Excellent traction, on- and off-road; provides light, responsive handling S-rated for speeds up to 112 mph, H-rated for speeds up to 130 mph or V-rated for speeds up to 149 mph Tubeless (TL) Blackwall Notes : It is recommended to change your valve stem, tube and/or rim strip when installing a new tire. Shop Here! Need your tire mounted? We’ve got you covered! Tire Mount Discount",https://www.cyclegear.com/_a/product_images/0210/9479/pirelli_mt60_rs_tires.jpg,""
157976,P290778,"Bridgestone TW301 / TW302 Trail Wing Tires",bridgestone-tw301-tw302-trail-wing-tires,Tires,Bridgestone,"Adventure / Dual Sport / Dirt Bike / Off-Road","Dual Road Bias Dot / 50 On Road 50 Off Road / Dot Dirt Tires / Dirt Bike Tire",114.39,127.54,4.00,2,"Honda, Yamaha, KTM, Kawasaki, Suzuki, Husqvarna, GasGas","Honda CRF250R / CRF450R, Yamaha YZ250F / YZ450F, KTM 250 SX-F / 450 SX-F, Kawasaki KX250 / KX450, Suzuki RM-Z250 / RM-Z450, Husqvarna FC 250 / FC 450",1995 - 2025,"Bridgestone TW301 / TW302 Trail Wing Tires","50% on-road / 50% off-road A 4-ply front/rear combination designed primarily for dual sport use Special dimpled tread pattern means many edges, which helps maximize traction Unique front/rear combination provides balanced highway and offroad performance 4-ply construction for long-wearing durability Self-cleaning tread blocks still give a traction edge for muddy and loose terrains DOT approved Notes : It is recommended to change your valve stem, tube and/or rim strip when installing a new tire. Shop Here! Need your tire mounted? We’ve got you covered! Tire Mount Discount",https://www.cyclegear.com/_a/product_images/0111/6290/bridgestone_tw301_trail_wing_front_tires.jpg,""
1806553,P845676,"Continental Conti Sport Attack 4 Radial Tires",continental-conti-sport-attack-4-radial-tires,Tires,Continental Tire,"Street / Sportbike","Hypersport Dot / Sportbike Tire / Dot Tire",157.41,235.95,4.50,13,"Honda, Yamaha, Kawasaki, Suzuki, BMW, Ducati, Triumph, Aprilia","Honda CBR600RR / CBR1000RR, Yamaha YZF-R6 / YZF-R1 / MT-07 / MT-09, Kawasaki Ninja 650 / ZX-6R / ZX-10R, Suzuki GSX-R600 / GSX-R1000, BMW S1000RR, Ducati Monster / Panigale",1998 - 2025,"Continental Conti Sport Attack 4 Radial Tires The Conti Sport Attack 4 Radial Tires are race ready from the moment they are installed. Tire warmers not needed.","Designed with a black chili sport-compound Larger footprint at extreme angles Rapid warm up within the first miles RainGrip technology for excellent handling under wet conditions Suitable for track use without tire warmers Notes : It is recommended to change your valve stem, tube and/or rim strip when installing a new tire. Shop Here! Need your tire mounted? We’ve got you covered! Tire Mount Discount C spec tires primarily used on BMW models",https://www.cyclegear.com/_a/product_images/1399/9285/continental_conti_sport_attack4_tires.jpg,""
1152615,P347334,"Shinko 267 / 268 Flat Track Tires",shinko-267-268-flat-track-tires,Tires,Shinko Tires,"Cruiser / V-Twin / Street / Sportbike / Adventure / Dual Sport / Dirt Bike / Off-Road","Race Tire / Dot Dirt Tires / Supermoto Tire / Dirt Bike Tire",134.26,157.95,3.90,9,"Harley-Davidson, Honda, Yamaha, Indian, Kawasaki, Suzuki, Victory","Harley (Sportster, Softail, Dyna, Street Glide, Road King, Fat Boy), Honda Shadow / VTX, Yamaha V-Star / Bolt, Indian Scout / Chief, Kawasaki Vulcan, Suzuki Boulevard",1990 - 2025,"Shinko Tires 267 / 268 Flat Track Tires The Shinko Flat Track tires are designed and tested to perform at the highest level of the sport. The SR267 / 268 is available in multiple compounds to give you the best tire for any track.","Proven performance DOT-approved Notes : It is recommended to change your valve stem, tube and/or rim strip when installing a new tire. Shop Here! Need your tire mounted? We’ve got you covered! Tire Mount Discount",https://www.cyclegear.com/_a/product_images/2185/4027/shinko267268_flat_track_tires.jpg,""
1145856,P891863,"Maxxis Razr 2 Tires",maxxis-razr-2-tires,Tires,Maxxis Tires,"Utvatv","Hard Terrain / Utv Atv Tire",189.05,198.95,0.00,0,"Can-Am, Polaris, Honda, Yamaha, Kawasaki, Arctic Cat","Can-Am Spyder / Ryker / Maverick, Polaris RZR / Ranger, Honda Pioneer / Foreman, Yamaha Grizzly",2008 - 2025,"Maxxis Razr2 Tires The Maxxis RAZR 2 Tires borrow engineering from the original RAZR Tire and incorporate a slightly deeper tread depth and more durable six ply construction. Designed to win in extreme conditions, the aggressive tread pattern enhances cornering ability and traction for loose cross country or desert conditions. Specialties aside, the RAZR 2 Tires maintain great all-around traction and balance.","Designed for intermediate to muddy conditions Excels in loose over hard desert terrain Angled shoulder knobs offer improved steering feel and braking control 6 ply rating for rocky conditions For off highway use only",https://www.cyclegear.com/_a/product_images/0001/5289/Maxxis_Razr2_M933_Front_Tire.jpg,""
1275649,P381623,"Metzeler MC360 Mid/Soft Terrain Tires",metzeler-mc360-midsoft-terrain-tires,Tires,Metzeler,"Dirt Bike / Off-Road","Off Highway Non Dot Inc / Dirt Bike Tire / Intermediate Terrain / Soft Terrain",93.74,123.64,4.60,14,"Honda, Yamaha, KTM, Kawasaki, Suzuki, Husqvarna, GasGas","Honda CRF250R / CRF450R, Yamaha YZ250F / YZ450F, KTM 250 SX-F / 450 SX-F, Kawasaki KX250 / KX450, Suzuki RM-Z250 / RM-Z450, Husqvarna FC 250 / FC 450",1995 - 2025,"Metzeler MC360 Mid/Soft Terrain Tires The Metzeler MC360 Mid/Soft Terrain Tires were designed to provided a high level of performance in varying conditions by maximizing cornering grip and providing remarkable durability and resistance against cuts and tearing.","High level of traction, dynamic performance on most terrains, remarkable resistance to cuts and tearing 100% carbon black compound improves tearing resistance and provides excellent performance and stability CKB (Continuous Knob Binding) further improves tearing and wear resistance of the knobs Larger block size to increase contact patch Alternated -cut-knob for outstanding durability Need your tire mounted? We’ve got you covered! Tire Mount Discount",https://www.cyclegear.com/_a/product_images/1278/9507/metzeler_mc360_mid_soft_terrain_tires.jpg,""
908335,P253029,"Continental Classic Attack Vintage Radial Tires",continental-classic-attack-vintage-radial-tires,Tires,Continental Tire,"Cruiser / V-Twin / Adventure / Dual Sport","Sport Touring Radial Do / Cruiser Tire / Harley Tire / Vintage Tire",167.26,221.95,4.50,13,"Harley-Davidson","Harley (Sportster, Softail, Dyna, Street Glide, Road King, Fat Boy), Honda Shadow / VTX, Yamaha V-Star / Bolt, Indian Scout / Chief, Kawasaki Vulcan, Suzuki Boulevard",1990 - 2025,"Continental Classic Attack Vintage Radial Tires The Classic Attack Tires have been developed specifically for classic bikes. Featuring traction skin which provides an extremely safe and short tire break-in. This is possible due to the revolutionary raw tread surface from mold coating technology which eliminates the need for tire-release agents. The result is a tire that is ready to be put through its paces from day one.","Extraordinary light handling with outstanding grip and curve stability Exceptional control of riding performance and optimal feedback Perfect grip under all weather conditions, also in wet and cold Black Chili Compound for quick warm up, short braking distance and excellent grip on wet and dry roads Excellent mileage due to up-to-date compound technology Innovative tread pattern design for even wear and good water disbursement Improved radial carcass construction for easy handling and high stability 0° steel-belted construction, front and rear, guarantees excellent stability at high speeds Shoulder area is flexible for greater grip Zenith area is wear resistant for increased mileage Continuous transition Tubeless Eligible for Continental's free 3 year roadside warranty Notes : It is recommended to change your valve stem, tube and/or rim strip when installing a new tire. Shop Here! Need your tire mounted? We’ve got you covered! Tire Mount Discount",https://www.cyclegear.com/_a/product_images/0063/4766/continental_classic_attack_vintage_radial_tires.jpg,""
10584556,P1184412,"Shinko 017 Peak Tires",shinko-017-peak-tires,Tires,Shinko Tires,"Street / Sportbike / Adventure / Dual Sport","100 On Road 0 Off Road / Dot Tire / Multi Compound Tire / Touring Tire",127.46,149.95,0.00,0,"Honda, Yamaha, KTM, Kawasaki, Suzuki, Husqvarna, GasGas","Honda CRF250R / CRF450R, Yamaha YZ250F / YZ450F, KTM 250 SX-F / 450 SX-F, Kawasaki KX250 / KX450, Suzuki RM-Z250 / RM-Z450, Husqvarna FC 250 / FC 450",1995 - 2025,"Shinko R017 Peak Tires Experience reliable performance on every ride with the Shinko 017 Peak Tire. The Peak 017 features a 3-Layer Tread Compound that offers a steadfast center cap for stability during straight-line travel, while the high-grip silica shoulders enhance confidence during leans. The Jointless Steel Belted construction ensures the tire retains its shape even under the rigors of high speeds, dynamic stress, and hard braking. Wet weather riding is improved thanks to a silica-rich compound that improves handling and braking performance in a variety of conditions. For those who seek a blend of durability and spirited riding, the Shinko 017 Peak Tires offer an impressive balance for the adventurous sport rider, as well as a sportier edge for touring enthusiasts desiring more than what traditional touring tires can offer, all with exceptional value.","An all-weather tire that pleases sport riders and touring riders looking for a more spirited ride High-Speed Stability: Advanced JLSB (Jointless Steel Belt) construction provides maximum structural integrity and strength for aggressive sport riding Advanced Rear Compound: Three-layer tread design utilizes a silica-enriched shoulder for immediate grip and a specialized cap compound for consistent stability Precision Cornering: Elite shoulder grooves optimize contact patch performance to enhance handling and confidence through every turn All-Weather Performance: Specialized tread patterns and compounds ensure superior wet grip and reliable handling in diverse road conditions Straight-Line Control: Artistic center groove design improves tracking and stability during high-speed highway pulls or upright commutes Technology: Jointless steel belt construction delivers added stability and high-speed strength Design: 3-Layer tread compound with silica-enriched shoulder and stable cap compound Tubeless (TL) construction in all sizes",https://www.cyclegear.com/_a/product_images/2571/0280/shinko017_peak_tires.jpg,""
1152611,P347329,"Shinko Hook-Up Pro Drag Radial Rear Tires",shinko-hook-up-pro-drag-radial-rear-tires,Tires,Shinko Tires,"Street / Sportbike","Race Tire / Sportbike Tire / Dot Tire",259.21,304.95,5.00,2,"Honda, Yamaha, Kawasaki, Suzuki, BMW, Ducati, Triumph, Aprilia","Honda CBR600RR / CBR1000RR, Yamaha YZF-R6 / YZF-R1 / MT-07 / MT-09, Kawasaki Ninja 650 / ZX-6R / ZX-10R, Suzuki GSX-R600 / GSX-R1000, BMW S1000RR, Ducati Monster / Panigale",1998 - 2025,"Shinko Hook Up Pro Drag Radial Rear Tires The improved Hook-Up Pro has all of the great features of the original Hook-Up, but is now lighter, faster and even better at the top-end of the track. The Hook-Up Pro’s competition-developed design allows for more horsepower to be used throughout the run due to a larger contact patch at high speed. Enhanced carcass resists distortion, chunking, and the stresses of centrifugal force to maintain a more constant footprint.","Light-weight, extremely flexible carcass Softest compound available from Shinko Tread pattern and profile designed specifically for the demands of drag racing Aramid belted, DOT-approved Combine with the Shinko 003 Stealth front tire for a matching tread pattern Note: Recommended for non-highway, drag racing use only. Notes : It is recommended to change your valve stem, tube and/or rim strip when installing a new tire. Shop Here! Need your tire mounted? We’ve got you covered! Tire Mount Discount",https://www.cyclegear.com/_a/product_images/0214/6397/shinko_hook_up_pro_drag_radial_rear_tires.jpg,""
10328194,P274166,"Metzeler Enduro 3 Sahara Tires",metzeler-enduro-3-sahara-tires,Tires,Metzeler,"Adventure / Dual Sport","Dual Road Radial Dot / Dual Road Bias Dot / 50 On Road 50 Off Road / Dual Sport Tire",179.61,236.87,4.30,7,"Honda, Yamaha, KTM, Kawasaki, Suzuki, Husqvarna, GasGas","Honda CRF250R / CRF450R, Yamaha YZ250F / YZ450F, KTM 250 SX-F / 450 SX-F, Kawasaki KX250 / KX450, Suzuki RM-Z250 / RM-Z450, Husqvarna FC 250 / FC 450",1995 - 2025,"Metzeler Enduro 3 Sahara Tires The Enduro 3 Sahara is a great fifty-fifty tire - it's a perfect tire for those spending the same amount of time on the trail as they are on the road.","50% on-road / 50% off-road Dedicated tread compound perfectly combines safe on-road cornering grip and good off-road traction Tread pattern geometry designed for fast self-cleaning to yield stable and precise trajectories without skidding on soft or muddy terrain Great handling with easy corner entry, stable cornering and high safety margins when you're riding at the limit 50/50 dual-sport tires engineered for both pavement and off-road riding Notes : It is recommended to change your valve stem, tube and/or rim strip when installing a new tire. Shop Here! Need your tire mounted? We’ve got you covered! Tire Mount Discount",https://www.cyclegear.com/_a/product_images/2090/3351/metzeler_enduro3_sahara_tires.jpg,""
157461,P42700,"Kenda K413 Scooter Tires",kenda-k413-scooter-tires,Tires,N/A,"Scooter / Adventure / Dual Sport","Scooter Tire / Dot Tire",37.12,43.99,4.10,24,"BMW, KTM, Honda, Yamaha, Triumph, Suzuki, Ducati, Kawasaki, Husqvarna","BMW R1200GS / R1250GS / F850GS, KTM 1290 Super Adventure / 890 Adventure, Honda Africa Twin / CRF300L, Yamaha Ténéré 700, Triumph Tiger 900 / 1200, Suzuki V-Strom 650, Kawasaki KLR650",2000 - 2025,"Kenda K413 Scooter Tires If you're looking for a high-performance scooter tire, you can stop here. The Kenda Tires K413 Scooter Tire has the perfect combo of price and performance you're looking for. Features Race-inspired tread pattern for great grip and handling 4-ply rating for long-wearing traction Designed for performance-minded riders Notes : It is recommended to change your valve stem, tube and/or rim strip when installing a new tire. Shop Here!","N/A",https://www.cyclegear.com/_a/product_images/2065/7727/kenda_k413_frontor_rear_scooter_tires.jpg,""
1841649,P865275,"Bridgestone Battlax SC1 Scooter Tires",bridgestone-battlax-sc1-scooter-tires,Tires,Bridgestone,"Scooter","Scooter Tire / Dot Tire",91.62,100.58,5.00,5,"Honda, Yamaha, Vespa, Suzuki, Piaggio, Kymco","Honda PCX150 / Ruckus, Yamaha Zuma / XMAX, Vespa Primavera / GTS 300, Suzuki Burgman 400",2005 - 2025,"Bridgestone Battlax SC1 Scooter Tires The Bridgestone Battlax SC1 Scooter Tires are a full feature, sport-inspired scooter design. Designed for urban riders and commuters on small to medium displacement machines, the SC1 delivers improved wet grip, long life and fuel economy.","Sporty-inspired tread pattern Revised compounds for wet and dry performance Bias ply construction Notes : It is recommended to change your valve stem, tube and/or rim strip when installing a new tire. Shop Here!",https://www.cyclegear.com/_a/product_images/1450/0679/bridgestone_battlax_sc1_scooter_tires.jpg,""
1199318,P368622,"Bridgestone Exedra G721 / G722 Tires",bridgestone-exedra-g721-g722-tires,Tires,Bridgestone,"Cruiser / V-Twin","Customcruisertouring Bi / Cruiser Tire / Dot Tire",171.25,257.63,4.50,10,"Harley-Davidson, Honda, Yamaha, Indian, Kawasaki, Suzuki, Victory","Harley (Sportster, Softail, Dyna, Street Glide, Road King, Fat Boy), Honda Shadow / VTX, Yamaha V-Star / Bolt, Indian Scout / Chief, Kawasaki Vulcan, Suzuki Boulevard",1990 - 2025,"Bridgestone Exedra G721 / G722 Tires","Original equipment on Bolt models - G721 front, G722 rear Unidirectional pattern for reliable performance on dry or wet surfaces Tread compound maximizes traction and mileage J spec is OE tire for Yamaha XVS950 2009-12 F spec is OE tire for Yamaha XVS 950 Bolt 2014 R spec is OE rear tire for Yamaha XVS 950 Bolt Spoke Wheel Model 2016 R spec is OE rear tire for Kawasaki VN900B Special Edition 2014 (WWW) F spec is OE front tire for Yamaha XVS 950 Bolt Spoke Wheel Model 2016 E spec is OE front / rear tire for Kawasaki VN1700E Vulcan Classic / Voyager 2009-13 Need your tire mounted? We’ve got you covered! Tire Mount Discount Notes : It is recommended to change your valve stem, tube and/or rim strip when installing a new tire. Shop Here! Need your tire mounted? We’ve got you covered! Tire Mount Discount",https://www.cyclegear.com/_a/product_images/0269/7865/bridgestone_g721_exedra_front_tires.jpg,""
1325958,P827631,"Shinko 216 MX Series Tires",shinko-216-mx-series-tires,Tires,Shinko Tires,"Dirt Bike / Off-Road","10 On Road 90 Off Road / Dot Dirt Tires / Dual Sport Tire / Dirt Bike Tire",94.31,110.95,3.30,4,"Honda, Yamaha, KTM, Kawasaki, Suzuki, Husqvarna, GasGas","Honda CRF250R / CRF450R, Yamaha YZ250F / YZ450F, KTM 250 SX-F / 450 SX-F, Kawasaki KX250 / KX450, Suzuki RM-Z250 / RM-Z450, Husqvarna FC 250 / FC 450",1995 - 2025,"Shinko 216 MX Tires The Shinko 216 is a gnarly DOT-approved off-road tire suited to a variety of harder riding surfaces and sand. Firmer lugs and compound deliver improved point-and-shoot control and better bike feel. The 216 Series Tires have been proven at the Baja 1000, Erzberg Rodeo and Romaniacs - just to name a few.","Extreme offroad / enduro / desert performance Split tread pattern expels packed dirt from tread blocks FIM approved 13mm lug height DOT approved 90/100-21 ""Fat Tire"" design offers taller, fuller side lugs for rocks, roots and ""square edge terrain"" Fat Tire version offered in an ultra-soft ""Cheater"" compound for extreme / hard enduro use Need your tire mounted? We’ve got you covered! Tire Mount Discount",https://www.cyclegear.com/_a/product_images/1359/1067/shinko216_mx_rear_tires.jpg,""
158019,P42940,"Bridgestone Exedra Tires for Honda Gold Wing GL1500",bridgestone-exedra-tires-for-honda-gold-wing-gl1500,Tires,Bridgestone,"Adventure / Dual Sport / Cruiser / V-Twin","Touring Tire / Dot Tire",243.58,339.94,4.70,79,"Honda","Harley (Sportster, Softail, Dyna, Street Glide, Road King, Fat Boy), Honda Shadow / VTX, Yamaha V-Star / Bolt, Indian Scout / Chief, Kawasaki Vulcan, Suzuki Boulevard",1990 - 2025,"Bridgestone Exedra Honda Goldwing Bias Ply Tires for GL1500 The Bridgestone Exedra Honda Goldwing tire is a superior replacement tire with modern rubber compounds in traditional bias ply construction - the ideal Honda-approved replacement tire designed specifically for GL1500 model Goldwings.","G701 Front, G702 Rear Superior replacement for Honda GL1500 models Tread compound maximizes traction and mileage Tubeless Notes : It is recommended to change your valve stem, tube and/or rim strip when installing a new tire. Shop Here! Need your tire mounted? We’ve got you covered! Tire Mount Discount",https://www.cyclegear.com/_a/product_images/0002/9548/bridgestone_exedra_honda_goldwing_tires_gl1500160801680_h.jpg,""
1589838,P671878,"Michelin Enduro Medium Terrain Tires",michelin-enduro-medium-terrain-tires,Tires,Michelin Tires,"Dirt Bike / Off-Road","Dual Onoff Dot / 10 On Road 90 Off Road / Dot Dirt Tires / Dual Sport Tire",111.59,151.95,5.00,6,"Honda, Yamaha, KTM, Kawasaki, Suzuki, Husqvarna, GasGas","Honda CRF250R / CRF450R, Yamaha YZ250F / YZ450F, KTM 250 SX-F / 450 SX-F, Kawasaki KX250 / KX450, Suzuki RM-Z250 / RM-Z450, Husqvarna FC 250 / FC 450",1995 - 2025,"Michelin Enduro Medium Terrain Tires The Michelin Enduro Tires were carefully conceived to cover a wide variety of terrains. Thanks to new compounds, improved tread patterns and general construction, the Enduro Tires deliver outstanding grip in dry and wet conditions alike, without sacrificing durability.","Outstanding performance on a wide range of surfaces Rubber compound and tread design helps provide exceptional grip, including on wet and slippery surfaces Homologated for road use, but not designed for prolonged street riding DOT Need your tire mounted? We’ve got you covered! Tire Mount Discount",https://www.cyclegear.com/_a/product_images/2382/3131/michelin_enduro_medium2_tires.jpg,""
765293,P194533,"Kenda K784 Big Block Tires",kenda-k784-big-block-tires,Tires,N/A,"Dirt Bike / Off-Road / Adventure / Dual Sport","50 On Road 50 Off Road / Dot Dirt Tires / Dirt Bike Tire / Dual Sport Tire",45.25,60.95,4.30,15,"Honda, Yamaha, KTM, Kawasaki, Suzuki, Husqvarna, GasGas","Honda CRF250R / CRF450R, Yamaha YZ250F / YZ450F, KTM 250 SX-F / 450 SX-F, Kawasaki KX250 / KX450, Suzuki RM-Z250 / RM-Z450, Husqvarna FC 250 / FC 450",1995 - 2025,"Kenda K784 Big Block Tires Kenda's K784 Big Block tires are designed specifically to meet the demands of modern Adventure motorcycles. Its tread pattern provides high amounts of traction throughout a wide variety of terrain, making it a great choice for dual sport and ADV riders everywhere.","Dual sport tire with large tread blocks for improved tread wear and high speed handling 50% on-road / 50% off-road High impact casing structure provides high level of puncture resistance Bias belted casing for improved handling and stability Rubber compound designed for wet or dry hard packed terrain Tubeless DOT approved Notes : It is recommended to change your valve stem, tube and/or rim strip when installing a new tire. Shop Here! Need your tire mounted? We’ve got you covered! Tire Mount Discount",https://www.cyclegear.com/_a/product_images/1523/4015/kenda_k784_big_block_tires.jpg,""
10386890,P1087811,"Mitas Enduro Trail Plus Dakar Tires",mitas-enduro-trail-plus-dakar-tires,Tires,Mitas,"Adventure / Dual Sport","60 On Road 40 Off Road / Dot Tire / Hard Terrain / Intermediate Terrain",149.30,170.99,4.90,8,"Honda, Yamaha, KTM, Kawasaki, Suzuki, Husqvarna, GasGas","Honda CRF250R / CRF450R, Yamaha YZ250F / YZ450F, KTM 250 SX-F / 450 SX-F, Kawasaki KX250 / KX450, Suzuki RM-Z250 / RM-Z450, Husqvarna FC 250 / FC 450",1995 - 2025,"Mitas Enduro Trail Plus Dakar Tires The Mitas Enduro Trail Plus Dakar Tires employ a reinforced carcass and sidewall, featuring a durable rubber compound designed for extended wear. Bearing the Dakar designation, these Mitas tires enhance load-handling capacity, minimize the risk of pinch flats, and optimize road mileage, making them an ideal choice for overland adventures.","Designed for 60% on-road / 40% off-road bias use on Adventure and Dual Sport motorcycles TL (Tubeless) and TT (Tube Type) applications E-07+ Sidewall marking confirms the highly popular original design Can be used in combination with other E-07/E-07+ or ENDURO TRAIL 60/40 and 50/50 tires (Dakar and Standard) for customized performance Features large chevron style block pattern and independent shoulder knobs for ideal handling and wear on tarmac combined with stable, predictable off-highway performance Notes : It is recommended to change your valve stem, tube and/or rim strip when installing a new tire. Shop Here! Need your tire mounted? We’ve got you covered! Tire Mount Discount",https://www.cyclegear.com/_a/product_images/2209/1559/mitas_enduro_trail_plus_dakar_tires.jpg,""
1807150,P1053682,"Continental ContiStreet Tires",continental-contistreet-tires,Tires,Continental Tire,"Cruiser / V-Twin","Sport Touring Bias Dot / Dot Tire / Cruiser Tire",48.07,72.95,5.00,3,"Harley-Davidson, Honda, Yamaha, Indian, Kawasaki, Suzuki, Victory","Harley (Sportster, Softail, Dyna, Street Glide, Road King, Fat Boy), Honda Shadow / VTX, Yamaha V-Star / Bolt, Indian Scout / Chief, Kawasaki Vulcan, Suzuki Boulevard",1990 - 2025,"Continental ContiStreet Tires The Continental ContiStreet Tires are the perfect cruiser tire for slow rides around the city. Superior handling in wet and dry conditions make Continental a no brainer when treads look bare. Deeper tread depth keeps you riding longer.","Designed for superior handling in wet or dry conditions Deeper tread depth for better mileage Improved puncture resistance Reliable feedback Tubeless Blackwall Bias construction Notes : It is recommended to change your valve stem, tube and/or rim strip when installing a new tire. Shop Here! Need your tire mounted? We’ve got you covered! Tire Mount Discount",https://www.cyclegear.com/_a/product_images/2090/1447/continental_conti_street_tires.jpg,""
158897,P51004,"IRC Durotour RS-310 Tires",irc-durotour-rs-310-tires,Tires,IRC Tires,"Cruiser / V-Twin / Street / Sportbike","Cruiser Tire / Dot Tire",134.17,192.95,4.30,22,"Harley-Davidson, Honda, Yamaha, Indian, Kawasaki, Suzuki, Victory","Harley (Sportster, Softail, Dyna, Street Glide, Road King, Fat Boy), Honda Shadow / VTX, Yamaha V-Star / Bolt, Indian Scout / Chief, Kawasaki Vulcan, Suzuki Boulevard",1990 - 2025,"IRC Durotour RS-310 Tires Features Extra traction without compromising mileage Tread grooves promote maximum heat dissipation, water dispersion and better stability Available in blackwall and raised white letter (RWL) H-rated, tubeless Notes : It is recommended to change your valve stem, tube and/or rim strip when installing a new tire. Shop Here! Need your tire mounted? We’ve got you covered! Tire Mount Discount","N/A",https://www.cyclegear.com/_a/product_images/0001/4358/IRC_Durotour_Rs-310_Front_Tires_Front.jpg,""
539630,P145889,"Bridgestone Battlax BT-028 Rear Tires",bridgestone-battlax-bt-028-rear-tires,Tires,Bridgestone,"Cruiser / V-Twin","Cruiser Tire / Dot Tire",324.39,452.71,5.00,4,"Harley-Davidson, Honda, Yamaha, Indian, Kawasaki, Suzuki, Victory","Harley (Sportster, Softail, Dyna, Street Glide, Road King, Fat Boy), Honda Shadow / VTX, Yamaha V-Star / Bolt, Indian Scout / Chief, Kawasaki Vulcan, Suzuki Boulevard",1990 - 2025,"Bridgestone Battlax BT-028 Tires Sport Touring and Cruiser Radials designed for touring oriented sport riders offering solid performance and good mileage.","Silica enriched compound offers exceptional level of grip on both wet and dry surfaces Mono-spiral belt construction (rear) offers high speed stability and outstanding shock absorption Notes : It is recommended to change your valve stem, tube and/or rim strip when installing a new tire. Shop Here! Need your tire mounted? We’ve got you covered! Tire Mount Discount",https://www.cyclegear.com/_a/product_images/2069/4886/bridgestone_battlax_bt028_rear_tire.jpg,""
1743050,P802371,"Dunlop Geomax EN91 Tires",dunlop-geomax-en91-tires,Tires,Dunlop,"Dirt Bike / Off-Road","Dual Onoff Dot / 20 On Road 80 Off Road / 10 On Road 90 Off Road / Dot Dirt Tires",111.99,136.95,5.00,4,"Honda, Yamaha, KTM, Kawasaki, Suzuki, Husqvarna, GasGas","Honda CRF250R / CRF450R, Yamaha YZ250F / YZ450F, KTM 250 SX-F / 450 SX-F, Kawasaki KX250 / KX450, Suzuki RM-Z250 / RM-Z450, Husqvarna FC 250 / FC 450",1995 - 2025,"Dunlop Geomax EN91 Tires Features New pattern helps enhance sand and mud traction and offers more nimble handling New compound helps provide longer life and better grip performance Front and rear tires are equipped with Dunlop's patented Block-In-A-Block technology to improve knob flex, which results in more durability The EN91 is DOT approved for highway use Applicable for FIM Enduro races Need your tire mounted? We’ve got you covered! Tire Mount Discount","N/A",https://www.cyclegear.com/_a/product_images/1305/6112/dunlop_geomax_en91_tires.jpg,""
158416,P43116,"Dunlop Vintage K81 Tires",dunlop-vintage-k81-tires,Tires,Dunlop,"Cafe / Cruiser / V-Twin / Adventure / Dual Sport","100 On Road 0 Off Road / Customcruisertouring Bi / Vintage Tire / Cruiser Tire",158.40,210.95,4.80,63,"Harley-Davidson, Honda, Yamaha, Indian, Kawasaki, Suzuki, Victory","Harley (Sportster, Softail, Dyna, Street Glide, Road King, Fat Boy), Honda Shadow / VTX, Yamaha V-Star / Bolt, Indian Scout / Chief, Kawasaki Vulcan, Suzuki Boulevard",1990 - 2025,"Dunlop Vintage K81 Tires","This modern reproduction of a vintage tire is suited for restoration of older British bikes to their original specs Bias, 4-ply construction Blackwall only with black lettering Can be used on the front or rear Notes : It is recommended to change your valve stem, tube and/or rim strip when installing a new tire. Shop Here! Need your tire mounted? We’ve got you covered! Tire Mount Discount",https://www.cyclegear.com/_a/product_images/2604/8853/dunlop_vintage_k81_tires.jpg,""
270659,P72251,"Shinko 250 Classic Tires",shinko-250-classic-tires,Tires,Shinko Tires,"Cruiser / V-Twin","Cruiser Tire / Harley Tire / Dot Tire",136.81,160.95,4.50,46,"Harley-Davidson","Harley Sportster / Harley Fxfxr / Harley Street / Harley Touring / Harley V Rod / Harley Softail / Harley Dyna / Harley Dyna Fat Bo / Harley Dyna Street / Harley Dyna Super / Harley Dyna Switch / Harley Softail Del / Harley Softail Deu / Harley Softail Fat / Harley Softail Her / Harley Softail Nig / Harley Sportster 1 / Harley Sportster 8 / Harley Sportster I / Harley Touring Ele / Harley Touring Roa / Harley Touring Str",1990 - 2025,"Shinko 250 Classic Tires The 250 is designed for both excellent handling and long life.","Aramid belt for high load stability H rated 4 ply nylon carcass Notes : It is recommended to change your valve stem, tube and/or rim strip when installing a new tire. Shop Here! Need your tire mounted? We’ve got you covered! Tire Mount Discount",https://www.cyclegear.com/_a/product_images/0009/1748/Shinko_250_Classic_Rear_Tire.jpg,""
10584776,P1184557,"Mitas Touring Force SP Tires",mitas-touring-force-sp-tires,Tires,Mitas,"Street / Sportbike / Adventure / Dual Sport","100 On Road 0 Off Road / Dot Tire / Multi Compound Tire / Touring Tire",154.03,175.99,0.00,0,"Honda, Yamaha, KTM, Kawasaki, Suzuki, Husqvarna, GasGas","Touring",1995 - 2025,"Mitas Touring Force Tires The Mitas Touring Force tire is designed to achieve the near-impossible: produce excellent dry-weather traction, provide long life even on sport-touring machines, and offer superb and confidence-inspiring traction on cold and wet pavement. To reach these goals, Mitas has built the Touring Force tread design using virtual 3D technology, purposely ending the tread sipes before the edge of the tire to improve traction at maximum lean angles. Get your Mitas Touring Force tire today and be ready for the next long ride.","3D-modeled tread sipes for maximum water ejection High silica content for excellent wet-weather traction OSCT (Optimum Steel Cord Technology) provides balanced & predictable handling 3-D Optimum Groove Technology optimizes tread design, wet performance & longevity ZR rated tire, safe for operation at elevated speeds Rear tires feature hard center compound, softer compound on sides Need your tire mounted? We’ve got you covered! Tire Mount Discount",https://www.cyclegear.com/_a/product_images/2572/0377/mitas_touring_force_tires.jpg,""
999992,P290799,"Bridgestone BattleCross X40 Tires",bridgestone-battlecross-x40-tires,Tires,Bridgestone,"Dirt Bike / Off-Road","Off Highway Non Dot Inc / Dirt Bike Tire / Hard Terrain / Non Dot Tire",106.94,149.26,5.00,1,"Honda, Yamaha, KTM, Kawasaki, Suzuki, Husqvarna, GasGas","Honda CRF250R / CRF450R, Yamaha YZ250F / YZ450F, KTM 250 SX-F / 450 SX-F, Kawasaki KX250 / KX450, Suzuki RM-Z250 / RM-Z450, Husqvarna FC 250 / FC 450",1995 - 2025,"Bridgestone BattleCross X40 Hard Terrain Tires The BattleCross X40’s revolutionary tread pattern delivers grip and maneuverability when you need it most.","Designed for medium to hard terrain Developed and proven at the highest level of MX competition Optimized profile for greater stability when braking and cornering Need your tire mounted? We’ve got you covered! Tire Mount Discount",https://www.cyclegear.com/_a/product_images/0111/4938/bridgestone_battle_cross_x40_tires_front.jpg,""
1221881,P381622,"Metzeler MC360 Mid/Hard Terrain Tires",metzeler-mc360-midhard-terrain-tires,Tires,Metzeler,"Dirt Bike / Off-Road","Off Highway Non Dot Inc / Dirt Bike Tire / Hard Terrain / Intermediate Terrain",73.59,113.23,4.60,24,"Honda, Yamaha, KTM, Kawasaki, Suzuki, Husqvarna, GasGas","Honda CRF250R / CRF450R, Yamaha YZ250F / YZ450F, KTM 250 SX-F / 450 SX-F, Kawasaki KX250 / KX450, Suzuki RM-Z250 / RM-Z450, Husqvarna FC 250 / FC 450",1995 - 2025,"Metzeler MC360 Mid/Hard Terrain Tires The Metzeler MC360 Mid/Hard Terrain Tires were designed to provided a high level of performance in varying conditions by maximizing cornering grip and providing remarkable durability and resistance against cuts and tearing.","High level of traction, dynamic performance on most terrains, remarkable resistance to cuts and tearing 100% carbon black compound improves tearing resistance and provides excellent performance and stability CKB (Continuous Knob Binding) further improves tearing and wear resistance of the knobs Larger block size to increase contact patch Alternated -cut-knob for outstanding durability Need your tire mounted? We’ve got you covered! Tire Mount Discount",https://www.cyclegear.com/_a/product_images/2089/8489/metzeler_mc360_mid_hard_terrain_tires.jpg,""
1281882,P401900,"Shinko 525 Hybrid Cheater Soft / Intermediate Rear Tires",shinko-525-hybrid-cheater-soft-intermediate-rear-tires,Tires,Shinko Tires,"Dirt Bike / Off-Road","Intermediate Terrain / Dirt Bike Tire / Non Dot Tire",84.96,99.95,4.90,14,"Honda, Yamaha, KTM, Kawasaki, Suzuki, Husqvarna, GasGas","Honda CRF250R / CRF450R, Yamaha YZ250F / YZ450F, KTM 250 SX-F / 450 SX-F, Kawasaki KX250 / KX450, Suzuki RM-Z250 / RM-Z450, Husqvarna FC 250 / FC 450",1995 - 2025,"Shinko 525 Soft / Intermediate Hybrid Cheater Rear Tires The Shinko 525 Cheater tire works well in soft and intermediate terrain soil conditions.","Soft sticky rubber compound Reinforced knobs resist tearing and chunking Aggressive tread pattern Wide self-cleaning design Economically priced High carbon compound Need your tire mounted? We’ve got you covered! Tire Mount Discount",https://www.cyclegear.com/_a/product_images/0351/4356/shinko525_hybrid_cheater_rear_tires.jpg,""
864037,P228244,"Shinko Hook-Up Drag Radial Rear Tires",shinko-hook-up-drag-radial-rear-tires,Tires,Shinko Tires,"Street / Sportbike","Race Tire / Sportbike Tire / Dot Tire",220.96,259.95,4.60,8,"Honda, Yamaha, Kawasaki, Suzuki, BMW, Ducati, Triumph, Aprilia","Honda CBR600RR / CBR1000RR, Yamaha YZF-R6 / YZF-R1 / MT-07 / MT-09, Kawasaki Ninja 650 / ZX-6R / ZX-10R, Suzuki GSX-R600 / GSX-R1000, BMW S1000RR, Ducati Monster / Panigale",1998 - 2025,"Shinko Hook Up Drag Radial Rear Tires New from Shinko is the Hook-Up Drag Radial - the ultimate DOT drag tire! It features a lightweight carcass with the softest compound available from Shinko.","All new light-weight carcass Shinko's softest compound Tread pattern and profile designed exclusively for drag racing Aramid belted and DOT-approved Note: Recommended for non-highway drag racing use only. Notes : It is recommended to change your valve stem, tube and/or rim strip when installing a new tire. Shop Here! Need your tire mounted? We’ve got you covered! Tire Mount Discount",https://www.cyclegear.com/_a/product_images/0043/4236/shinko_tires_hook_up_drag_radial_tire.jpg,""
10252868,P1018017,"EFX MotoClaw Radial Tires",efx-motoclaw-radial-tires,Tires,EFX Tires,"Utvatv","Utv Atv Tire / Intermediate Terrain",260.00,0.00,1.00,1,"Can-Am, Polaris, Honda, Yamaha, Kawasaki, Arctic Cat","Can-Am Spyder / Ryker / Maverick, Polaris RZR / Ranger, Honda Pioneer / Foreman, Yamaha Grizzly",2008 - 2025,"EFX Tires MotoClaw Radial Tire The EFX Tires MotoClaw tire is like nothing else on the market. Complete with distinctive sidewall styling, unique non-directional tread pattern, incredibly strong rubber compound and a rugged radial carcass. Utilizing decades of manufacturing experience and trail knowledge EFX created a brand new industry-changing tire that will climb rocks, grab roots, latch onto side ruts and perform in light mud. Get ready for a whole new level of ATV/UTV tire performance.","8-ply radial construction Distinctive styling to help your rig stand out at the trailhead Strong lugs spaced precisely to provide a smooth ride on intense terrain",https://www.cyclegear.com/_a/product_images/1858/7290/efx_tires_moto_claw_tire.jpg,""
10172913,P971138,"Michelin StarCross 6 Medium Hard Terrain Tires",michelin-starcross-6-medium-hard-terrain-tires,Tires,Michelin Tires,"Dirt Bike / Off-Road","Intermediate Terrain / Dirt Bike Tire / Non Dot Tire",106.99,152.95,4.60,12,"Honda, Yamaha, KTM, Kawasaki, Suzuki, Husqvarna, GasGas","Honda CRF250R / CRF450R, Yamaha YZ250F / YZ450F, KTM 250 SX-F / 450 SX-F, Kawasaki KX250 / KX450, Suzuki RM-Z250 / RM-Z450, Husqvarna FC 250 / FC 450",1995 - 2025,"Michelin StarCross 6 Medium Hard Terrain Tires The Michelin StarCross 6 Tires use technologies developed in Michelin’s R&D centers and fine tuned on tracks around the world to offer more traction and better durability. These improvements mean that riders can push their bikes to higher performance levels, while at the same time benefitting from longer lasting tire performance. Compared to its predecessor, the StarCross 5, the new StarCross 6 uses technologies developed in Michelin’s R&D centers and fine-tuned on racetracks around the world to offer up to 16 percent more traction and up to 19 percent better durability. These improvements mean that riders can push their bikes to higher performance levels, while at the same time benefitting from longer-lasting tire performance.","The Medium Hard tread design is best suited for slightly harder packed or rocky tracks and trails Silica technology increases durability up to 20% and maintains tread block integrity over the life of the tire The adaptive design provides up to 15% more traction Tread blocks resist irregular wear for better traction Double ply carcass (2 layers crossed at 90 degrees) Need your tire mounted? We’ve got you covered! Tire Mount Discount",https://www.cyclegear.com/_a/product_images/2063/2134/michelin_star_cross6_medium_hard_terrain_tires.jpg,""
1083599,P126154,"Pirelli Phantom Sportscomp Tires",pirelli-phantom-sportscomp-tires,Tires,Pirelli,"Adventure / Dual Sport","Hypersport Dot / Touring Tire / Dot Tire",163.86,219.55,4.80,5,"BMW, KTM, Honda, Yamaha, Triumph, Suzuki, Ducati, Kawasaki, Husqvarna","BMW R1200GS / R1250GS / F850GS, KTM 1290 Super Adventure / 890 Adventure, Honda Africa Twin / CRF300L, Yamaha Ténéré 700, Triumph Tiger 900 / 1200, Suzuki V-Strom 650, Kawasaki KLR650",2000 - 2025,"Pirelli Phantom Sportscomp Tires","A perfect balance of traction, handling and durability in a classic design 0° steel belted radial carcass construction (100/90-18 is Bias-Ply) Standard on the Ducati Sport Classics: GT1000, Smart 1000LE and Sport 100 Tubeless design (TL) Notes : It is recommended to change your valve stem, tube and/or rim strip when installing a new tire. Shop Here! Need your tire mounted? We’ve got you covered! Tire Mount Discount",https://www.cyclegear.com/_a/product_images/1829/7663/0000-Pirelli-Phantom-Sportscomp-Rear-Tire---.jpg,""
1090213,P327280,"Shinko 505 Hybrid Cheater Tires",shinko-505-hybrid-cheater-tires,Tires,Shinko Tires,"Dirt Bike / Off-Road","Dirt Bike Tire / Intermediate Terrain / Non Dot Tire",128.31,150.95,4.80,13,"Honda, Yamaha, KTM, Kawasaki, Suzuki, Husqvarna, GasGas","Honda CRF250R / CRF450R, Yamaha YZ250F / YZ450F, KTM 250 SX-F / 450 SX-F, Kawasaki KX250 / KX450, Suzuki RM-Z250 / RM-Z450, Husqvarna FC 250 / FC 450",1995 - 2025,"Shinko 505 Hybrid Cheater Tires","New hybrid hard enduro / extreme single track trail tire finds traction in the most extreme conditions Best of both worlds, soft sticky rubber compound like the Trail Pro trials tire in a knobby tread pattern to work in a wider variety of soil conditions Adds confidence even in the most demanding terrain Need your tire mounted? We’ve got you covered! Tire Mount Discount",https://www.cyclegear.com/_a/product_images/0171/9502/shinko_r505_hybrid_cheater_tires_rear.jpg,""
10042321,P895465,"Dunlop D952 Tires",dunlop-d952-tires,Tires,Dunlop,"Dirt Bike / Off-Road","Off Highway Non Dot Inc / Dirt Bike Tire / Intermediate Terrain / Hard Terrain",65.99,80.95,4.70,7,"Honda, Yamaha, KTM, Kawasaki, Suzuki, Husqvarna, GasGas","Honda CRF250R / CRF450R, Yamaha YZ250F / YZ450F, KTM 250 SX-F / 450 SX-F, Kawasaki KX250 / KX450, Suzuki RM-Z250 / RM-Z450, Husqvarna FC 250 / FC 450",1995 - 2025,"Dunlop D952 Tires A durable yet budget-friendly package ready to hit the track and trails. The D952 provides the same traction as its D752 predecessor but with added durability for off-road and MX use. For anyone looking for a low-cost tire that has the right to boast Dunlop's terrific quality, look no further with the D952.","Based on the popular D752 Budget-friendly without compromise Modified knob structure with increased radius at the base for added durability Tube Type Need your tire mounted? We’ve got you covered! Tire Mount Discount",https://www.cyclegear.com/_a/product_images/1522/8185/dunlop_d952_tire.jpg,""
1152596,P421948,"Shinko SR 723 White Wall Scooter Tires",shinko-sr-723-white-wall-scooter-tires,Tires,Shinko Tires,"Scooter","Scooter Tire / Whitewall Tire / Dot Tire",76.46,89.95,4.80,8,"Honda, Yamaha, Vespa, Suzuki, Piaggio, Kymco","Honda PCX150 / Ruckus, Yamaha Zuma / XMAX, Vespa Primavera / GTS 300, Suzuki Burgman 400",2005 - 2025,"Shinko SR 723 White Wall Scooter Tires The SR 723 is a classically styled whitewall with ""Roman Holiday"" good looks.","4 ply nylon construction DOT approved Vintage inspired all-season tread Front and rear applications Notes : It is recommended to change your valve stem, tube and/or rim strip when installing a new tire. Shop Here!",https://www.cyclegear.com/_a/product_images/1359/3802/shinko_sr723_white_wall_scooter_tires.jpg,""
10132954,P947775,"Bridgestone Battlax Adventure Trail AT41T Tires",bridgestone-battlax-adventure-trail-at41t-tires,Tires,Bridgestone,"Adventure / Dual Sport","Dual Road Radial Dot / Dual Road Bias Dot / Dual Onoff Dot / 80 On Road 20 Off Road",156.78,225.19,4.20,10,"Honda, Yamaha, KTM, Kawasaki, Suzuki, Husqvarna, GasGas","Honda CRF250R / CRF450R, Yamaha YZ250F / YZ450F, KTM 250 SX-F / 450 SX-F, Kawasaki KX250 / KX450, Suzuki RM-Z250 / RM-Z450, Husqvarna FC 250 / FC 450",1995 - 2025,"Bridgestone Battlax Adventure Trail AT41T Tires The Battlax Adventure Trail AT41 Tires provide excellent performance in dry conditions and unrivaled traction and braking in adverse weather conditions, so you can count on a comfortable ride no matter what mother nature throws your way!","80% on-road / 20% off-road Excellent performance in wet and dry conditions Optimized groove design with deeper grooves and consistent groove ratio Block shape reduces partial shoulder wear Optimal belt construction and tread pattern provide stability 3LC (dual compound) rear tire Approved for mud and snow Notes : It is recommended to change your valve stem, tube and/or rim strip when installing a new tire. Shop Here! Need your tire mounted? We’ve got you covered! Tire Mount Discount",https://www.cyclegear.com/_a/product_images/1677/1937/bridgestone_battlax_adventure_trail_at41_tires_10090_b1957_vtl.jpg,""
981064,P282964,"Shinko SR 880 / 881 Tires",shinko-sr-880-881-tires,Tires,Shinko Tires,"Adventure / Dual Sport / Cruiser / V-Twin / Street / Sportbike","Cruiser Tire / Touring Tire / Dot Tire",144.46,169.95,4.00,5,"Harley-Davidson, Honda, Yamaha, Indian, Kawasaki, Suzuki, Victory","Harley (Sportster, Softail, Dyna, Street Glide, Road King, Fat Boy), Honda Shadow / VTX, Yamaha V-Star / Bolt, Indian Scout / Chief, Kawasaki Vulcan, Suzuki Boulevard",1990 - 2025,"Shinko SR 880 / 881 Tires","All weather tread design, works well in wet and dry road conditions Intermediate compound offers good traction and tire life Aramid belted DOT approved Notes : It is recommended to change your valve stem, tube and/or rim strip when installing a new tire. Shop Here! Need your tire mounted? We’ve got you covered! Tire Mount Discount",https://www.cyclegear.com/_a/product_images/2184/6989/shinko_sr880881_tires.jpg,""
1325928,P421975,"Shinko SR 428 Scooter Tires",shinko-sr-428-scooter-tires,Tires,Shinko Tires,"Scooter","Scooter Tire / Dot Tire",66.26,77.95,4.50,6,"Honda, Yamaha, Vespa, Suzuki, Piaggio, Kymco","Honda PCX150 / Ruckus, Yamaha Zuma / XMAX, Vespa Primavera / GTS 300, Suzuki Burgman 400",2005 - 2025,"Shinko SR 428 Scooter Tires Aggressive tread pattern for all-season scootin'.","4 ply construction Nylon carcass Tubeless DOT approved Notes : It is recommended to change your valve stem, tube and/or rim strip when installing a new tire. Shop Here!",https://www.cyclegear.com/_a/product_images/1359/3122/shinko_sr428_scooter_tires.jpg,""
10172907,P971137,"Michelin StarCross 6 Medium Soft Terrain Tires",michelin-starcross-6-medium-soft-terrain-tires,Tires,Michelin Tires,"Dirt Bike / Off-Road","Non Dot Tire / Dirt Bike Tire / Multi Compound Tire / Soft Terrain",106.99,152.95,4.60,12,"Honda, Yamaha, KTM, Kawasaki, Suzuki, Husqvarna, GasGas","Honda CRF250R / CRF450R, Yamaha YZ250F / YZ450F, KTM 250 SX-F / 450 SX-F, Kawasaki KX250 / KX450, Suzuki RM-Z250 / RM-Z450, Husqvarna FC 250 / FC 450",1995 - 2025,"Michelin StarCross 6 Medium Soft Terrain Tires The Michelin StarCross 6 Tires use technologies developed in Michelin’s R&D centers and fine tuned on tracks around the world to offer more traction and better durability. These improvements mean that riders can push their bikes to higher performance levels, while at the same time benefitting from longer lasting tire performance. Compared to its predecessor, the StarCross 5, the new StarCross 6 uses technologies developed in Michelin’s R&D centers and fine-tuned on racetracks around the world to offer up to 16 percent more traction and up to 19 percent better durability. These improvements mean that riders can push their bikes to higher performance levels, while at the same time benefitting from longer-lasting tire performance.","The Medium Soft tread design is best suited for loose dirt, dirt/sand mix and loamy conditions Silica technology increases durability up to 20% and maintains tread block integrity over the life of the tire The adaptive design provides up to 15% more traction Tread blocks resist irregular wear for better traction Double ply carcass (2 layers crossed at 90 degrees) Need your tire mounted? We’ve got you covered! Tire Mount Discount",https://www.cyclegear.com/_a/product_images/2062/9737/michelin_star_cross6_medium_soft_terrain_tires.jpg,""
10321069,P1054915,"Motoz Mountain Hybrid Tires",motoz-mountain-hybrid-tires,Tires,Motoz,"Dirt Bike / Off-Road","30 On Road 70 Off Road / 20 On Road 80 Off Road / Dot Dirt Tires / Dirt Bike Tire",140.99,0.00,5.00,1,"Honda, Yamaha, KTM, Kawasaki, Suzuki, Husqvarna, GasGas","Honda CRF250R / CRF450R, Yamaha YZ250F / YZ450F, KTM 250 SX-F / 450 SX-F, Kawasaki KX250 / KX450, Suzuki RM-Z250 / RM-Z450, Husqvarna FC 250 / FC 450",1995 - 2025,"Motoz Mountain Hybrid Tires Motoz is the originator of the trials / moto hybrid tire, starting with their Mountain Hybrid. Taking the DNA of a motocross tire and injecting a trials-like tread pattern and grip, the Mountain Hybrid is a game changer for enduro riders. This design concept works on a flexible tread concave and lock system, to give increased traction while avoiding punctures at low inflation pressures. The Motoz Mountain Hybrid tire climbs like a trials tire, but handles corners, creek crossings, sand, and rocks like a regular DOT off-road tire. Constructed like a trials tire, but with reinforced sidewalls to allow lower inflation pressure when riding in off-road and mountain conditions.","25% on-road / 75% off-road use Intermediate terrain tread pattern Hybrid natural / synthetic rubber construction Reinforced sidewalls to allow for lower inflation pressure Flexible tread Concave and Lock system for increased traction Tread blocks with deep sipes for extra trials-like grip Reversible rear tread design DOT approved Tube type Notes : It is recommended to change your valve stem, tube and/or rim strip when installing a new tire. Shop Here! Need your tire mounted? We’ve got you covered! Tire Mount Discount",https://www.cyclegear.com/_a/product_images/2085/0455/motoz_mountain_hybrid_gummy_rear_tires.jpg,""
1139331,P342731,"Bridgestone G852 / G853 Exedra Radial Tires",bridgestone-g852-g853-exedra-radial-tires,Tires,Bridgestone,"Cruiser / V-Twin","Customcruisertouring Ra / Cruiser Tire / Dot Tire",201.90,303.73,4.80,9,"Harley-Davidson","Harley Sportster / Harley Fxfxr / Harley Street / Harley Touring / Harley V Rod / Harley Softail / Harley Dyna / Harley Dyna Fat Bo / Harley Dyna Street / Harley Dyna Super / Harley Dyna Switch / Harley Softail Del / Harley Softail Deu / Harley Softail Fat / Harley Softail Her / Harley Softail Nig / Harley Sportster 1 / Harley Sportster 8 / Harley Sportster I / Harley Touring Ele / Harley Touring Roa / Harley Touring Str",1990 - 2025,"Bridgestone G852 / G853 Exedra Radial Tires","The letter code in the tire size and rating column is also on the sidewall of the tire and the tire label; tires are the same size, but compound and construction will vary to suit the weight, horsepower and handling characteristics of the model for which each tire was designed Tubeless (TL) or tube type (TT) S-rated for speeds up to 112 mph, H-rated for speeds up to 130 mph, V-rated for speeds up to 149 mph, W-rated for speeds up to 168 mph Notes : It is recommended to change your valve stem, tube and/or rim strip when installing a new tire. Shop Here! Need your tire mounted? We’ve got you covered! Tire Mount Discount",https://www.cyclegear.com/_a/product_images/0197/3196/bridgestone_g853_radial_front_tires.jpg,""
594525,P237478,"Shinko 010 Apex Tires",shinko-010-apex-tires,Tires,Shinko Tires,"Street / Sportbike","Sportbike Tire / Dot Tire",133.41,156.95,4.70,3,"Honda, Yamaha, Kawasaki, Suzuki, BMW, Ducati, Triumph, Aprilia","Honda CBR600RR / CBR1000RR, Yamaha YZF-R6 / YZF-R1 / MT-07 / MT-09, Kawasaki Ninja 650 / ZX-6R / ZX-10R, Suzuki GSX-R600 / GSX-R1000, BMW S1000RR, Ducati Monster / Panigale",1998 - 2025,"Shinko 010 Apex Tires The 010 Apex radial tire features an Aramid belt for enhanced high-speed performance.","Intermediate compound Tread radius designed for enhanced high speed cornering W speed rating (168 mph) Notes : It is recommended to change your valve stem, tube and/or rim strip when installing a new tire. Shop Here! Need your tire mounted? We’ve got you covered! Tire Mount Discount",https://www.cyclegear.com/_a/product_images/0048/2407/shinko010_apex_front_tires.jpg,""
1052094,P310397,"Metzeler Block-C Tires",metzeler-block-c-tires,Tires,Metzeler,"Adventure / Dual Sport / Cruiser / V-Twin","Cruiser Tire / Harley Tire / Touring Tire / Dot Tire",114.76,144.95,4.70,20,"Harley-Davidson","Harley (Sportster, Softail, Dyna, Street Glide, Road King, Fat Boy), Honda Shadow / VTX, Yamaha V-Star / Bolt, Indian Scout / Chief, Kawasaki Vulcan, Suzuki Boulevard",1990 - 2025,"Metzeler Block-C Tires","Classic Metzeler pattern Bi-directional tire can be used on front or rear application Designed for vintage 50s and 60s bikes Available in tube type and must be used on a tube-type rim S-rated for speeds up to 112 mph, H-rated for speeds up to 130 mph or P-rated for speeds up to 93 mph Notes : Tread pattern may vary slightly depending on size. It is recommended to change your valve stem, tube and/or rim strip when installing a new tire. Shop Here! Need your tire mounted? We’ve got you covered! Tire Mount Discount",https://www.cyclegear.com/_a/product_images/0145/0341/metzeler_block_c_tires.jpg,""
10584680,P1184491,"Mitas Sport Force Plus Evolution Tires",mitas-sport-force-plus-evolution-tires,Tires,Mitas,"Street / Sportbike","Sportbike Tire / Dot Tire",172.43,196.99,0.00,0,"Honda, Yamaha, Kawasaki, Suzuki, BMW, Ducati, Triumph, Aprilia","Honda CBR600RR / CBR1000RR, Yamaha YZF-R6 / YZF-R1 / MT-07 / MT-09, Kawasaki Ninja 650 / ZX-6R / ZX-10R, Suzuki GSX-R600 / GSX-R1000, BMW S1000RR, Ducati Monster / Panigale",1998 - 2025,"Mitas Sport Force+ EV Tires Mitas Sport Force+ Evolution Tire serve as a high-performance, street-legal tire engineered for sport, super-naked, and sport-touring platforms capable of handling both public roads and track environments. This specific Mitas Sport Force+ Evolution utilizes Multi Compound Tread Technology to ensure rapid thermal activation and increased stability during aggressive cornering maneuvers for dedicated riders. Positioned as a performance upgrade for hyper-sport applications, the Mitas Sport Force+ EV offers enhanced grip levels over the standard version while maintaining street legality for two-wheeled fans who do not require non-homologated racing slicks.","Enhanced Performance Evolution: Upgraded design delivers consistent results for enthusiasts during intense street or track sessions Multi-Compound Technology: MCTT ensures maximum grip at extreme lean angles and sustains performance throughout tire life Precision Handling: Engineered for fast, effortless, and highly accurate steering response for aggressive riders Rapid Warm-Up: Reaches optimal service temperatures quickly to provide immediate traction and rider confidence High-Speed Stability: Maintains superior straight-line tracking even after prolonged and intense high-speed use Versatile Application: Optimized for legal public road use while remaining fully capable for race track conditions Wet Grip Performance: Limited silica content provides necessary traction for damp or wet road surfaces Compatibility: Designed for high-performance supersport and sport naked motorcycles Need your tire mounted? We’ve got you covered! Tire Mount Discount",https://www.cyclegear.com/_a/product_images/2571/5753/mitas_sport_force_tire.jpg,""
10184795,P979996,"Bridgestone Battlax BT-020 Sport Touring Tires",bridgestone-battlax-bt-020-sport-touring-tires,Tires,Bridgestone,"Adventure / Dual Sport","Dot Tire / Cruiser Tire / Touring Tire",200.18,279.38,4.70,3,"Harley-Davidson, Honda, Yamaha, Indian, Kawasaki, Suzuki, Victory","Touring",1990 - 2025,"Bridgestone Battlax BT-020 Sport Touring Tires The Battlax BT020 from Bridgestone is designed for sport-touring riders looking for riding comfort, tire life and tire design. As one of the best selling sport-touring tires worldwide, Battlax BT-020 offers high-speed stability, long mileage, wet performance, riding comfort and consistent performance. OE tire on many touring bikes and cruisers.","Bias and radial versions available Tubeless design ""M"" spec is OE equipment for BMW K1200LT 2005-10 OE tire Kawasaki VN2000 2004-10 Notes : It is recommended to change your valve stem, tube and/or rim strip when installing a new tire. Shop Here! Need your tire mounted? We’ve got you covered! Tire Mount Discount",https://www.cyclegear.com/_a/product_images/1820/7899/bridgestone_battlax_bt020_sport_touring_tire.jpg,""
1064959,P314706,"Bridgestone M59 Front Tires",bridgestone-m59-front-tires,Tires,Bridgestone,"Dirt Bike / Off-Road","Off Highway Non Dot Inc / Dirt Bike Tire / Intermediate Terrain / Soft Terrain",113.18,159.99,4.80,8,"Honda, Yamaha, KTM, Kawasaki, Suzuki, Husqvarna, GasGas","Honda CRF250R / CRF450R, Yamaha YZ250F / YZ450F, KTM 250 SX-F / 450 SX-F, Kawasaki KX250 / KX450, Suzuki RM-Z250 / RM-Z450, Husqvarna FC 250 / FC 450",1995 - 2025,"Bridgestone M59 Front Tires The Bridgestone M59 Tires are race-proven off-road tires designed for intermediate to soft terrain.","Designed for soft to medium terrain Developed and proven at the highest level of MX competition Optimized profile for greater stability when braking and cornering Larger casing allows more bump absorption Need your tire mounted? We’ve got you covered! Tire Mount Discount",https://www.cyclegear.com/_a/product_images/0153/3121/bridgestone_m59_front_tire.jpg,""
817890,P416048,"Kenda K785 Millville II Tires",kenda-k785-millville-ii-tires,Tires,N/A,"Dirt Bike / Off-Road","20 On Road 80 Off Road / 10 On Road 90 Off Road / Dot Dirt Tires / Dual Sport Tire",38.43,45.99,4.00,5,"Honda, Yamaha, KTM, Kawasaki, Suzuki, Husqvarna, GasGas","Honda CRF250R / CRF450R, Yamaha YZ250F / YZ450F, KTM 250 SX-F / 450 SX-F, Kawasaki KX250 / KX450, Suzuki RM-Z250 / RM-Z450, Husqvarna FC 250 / FC 450",1995 - 2025,"Kenda K785 Millville II Tires Prepare to conquer soft to intermediate terrain with the Kenda K785 Millville II! This tire isn't just an update; it's the next evolution of the legendary Millville. A new compound and tweaked knob design deliver a significant boost in traction whether accelerating, carving corners, or slamming on the brakes – and it’s still built to last.","Designed for soft to intermediate terrain New rubber compound for improved traction and durability Tread pattern provides excellent braking, straight and cornering traction Tie bar knob support to reduce knob squirm and increase durability 21"" front tires are DOT approved Need your tire mounted? We’ve got you covered! Tire Mount Discount",https://www.cyclegear.com/_a/product_images/1523/4831/kenda_k785_millville_ii_tires.jpg,""
1274115,P1109295,"Avon Spirit ST Tires",avon-spirit-st-tires,Tires,Avon Tire,"Street / Sportbike / Adventure / Dual Sport","Dot Tire / Touring Tire",129.35,164.52,5.00,1,"BMW, KTM, Honda, Yamaha, Triumph, Suzuki, Ducati, Kawasaki, Husqvarna","BMW R1200GS / R1250GS / F850GS, KTM 1290 Super Adventure / 890 Adventure, Honda Africa Twin / CRF300L, Yamaha Ténéré 700, Triumph Tiger 900 / 1200, Suzuki V-Strom 650, Kawasaki KLR650",2000 - 2025,"Avon Spirit ST Tires The Avon Spirit ST Tires cater to riders seeking enhanced control and stability. A fresh multi-compound formulation merges with cutting-edge 3D sipe technology to deliver reliable grip and sharper feedback across varied wet and dry terrains.","3D siping with interlocking three dimensional points to improve stability and grip, limit tread ﬂex, and allow the tire to warm up quickly Highly loaded silica compound combined with state of the art polymer technology for excellent wet and dry traction and handling Avon's latest technology construction design gives ultra high performance handling and stability characteristics",https://www.cyclegear.com/_a/product_images/2318/7227/avon_spirit_st_tires.jpg,""
10204044,P987403,"IRC Trail Winner GP-210 Tires",irc-trail-winner-gp-210-tires,Tires,IRC Tires,"Adventure / Dual Sport","70 On Road 30 Off Road / 80 On Road 20 Off Road / Dual Sport Tire / Dot Tire",76.76,105.95,4.70,9,"Honda, Yamaha, KTM, Kawasaki, Suzuki, Husqvarna, GasGas","Honda CRF250R / CRF450R, Yamaha YZ250F / YZ450F, KTM 250 SX-F / 450 SX-F, Kawasaki KX250 / KX450, Suzuki RM-Z250 / RM-Z450, Husqvarna FC 250 / FC 450",1995 - 2025,"IRC Trail Winner GP-210 Tires The perfect choice if you plan on doing most of your riding on the street, with the option to follow a random fire road, the IRC Trail Winner GP-210 will deliver the performance you need.","Thick nylon casing provides a stable high speed ride Unique tread pattern and profile offer predictable cornering and superior road contact Featuring the same high-grip compound used in IRC's popular street tires 70% on-road / 30% off-road bias Excellent breaking stability and control DOT approved Notes : It is recommended to change your valve stem, tube and/or rim strip when installing a new tire. Shop Here! Need your tire mounted? We’ve got you covered! Tire Mount Discount",https://www.cyclegear.com/_a/product_images/1837/4130/ircgp210_tires.jpg,""
1023467,P300955,"Bridgestone Battlax RS10 Tires",bridgestone-battlax-rs10-tires,Tires,Bridgestone,"Street / Sportbike","Hypersport Dot / Race Tire / Sportbike Tire / Dot Tire",198.00,263.82,4.40,8,"Honda, Yamaha, Kawasaki, Suzuki, BMW, Ducati, Triumph, Aprilia","Honda CBR600RR / CBR1000RR, Yamaha YZF-R6 / YZF-R1 / MT-07 / MT-09, Kawasaki Ninja 650 / ZX-6R / ZX-10R, Suzuki GSX-R600 / GSX-R1000, BMW S1000RR, Ducati Monster / Panigale",1998 - 2025,"Bridgestone Battlax RS10 Tires The Bridgestone Battlax RS10 Tires feature high-performance grip, handling, and control.","High-performance sport radials optimized for high-grip and handling performance on dry surfaces Bridgestone’s MotoGP development analysis was used to determine the placement of 3-D tread grooves to improve stability, grip and handling by optimizing block stiffness Specially formulated rubber compounds front and rear offer sure grip as well as increased durability Rear profile enables a larger contact patch for improved grip in mid to high lean angles Cap and base on rear tire adds tread stiffness for stability when braking and accelerating Rear tire has softer sidewall construction incorporated for better damping to improve handling Front tire uses a Mono-Spiral Belt constructed with stiffer steel to enhance rigidity of the tread area for upgraded response and stability 120/70ZR17 E OE tire for the Suzuki GSX-R1000R 120/70ZR17 G OE tire for the Yamaha R1M and for the Yamaha R1 / R1S 2015-2017 120/70ZR17 G OE tire for the Yamaha R1 / R1S 2018+ 120/70ZR17 L OE tire for the Kawasaki ZX-10R 120/70ZR17 M OE tire for the Honda RC213 120/70ZR17 N OE tire for the Honda CBR1000RR SP 120/70ZR17 J OE tire for the Kawasaki H2 190/50ZR17 N OE tire for the Honda CBR1000RR SP 190/55ZR17 E OE tire for the Suzuki GSX-R1000R 190/55ZR17 G OE tire for the Yamaha R1 / R1S 2015-2017 190/55ZR17 G2 OE tire for the Yamaha R1 / R1S 2018+ 190/55ZR17 L OE tire for the Kawasaki ZX-10R 190/55ZR17 M OE tire for the Honda RC213 200/55ZR17 G OE tire for the Yamaha R1M 200/55ZR17 J OE tire for the Kawasaki H2 Notes : It is recommended to change your valve stem, tube and/or rim strip when installing a new tire. Shop Here! Need your tire mounted? We’ve got you covered! Tire Mount Discount",https://www.cyclegear.com/_a/product_images/0128/8702/mc_enterprises_canyon_cage1400_concours1013.jpg,""
1314198,P416278,"Kenda K329 Scooter Tires",kenda-k329-scooter-tires,Tires,N/A,"Scooter","Dot Tire / Scooter Tire",32.95,38.99,4.90,33,"Honda, Yamaha, Vespa, Suzuki, Piaggio, Kymco","Honda PCX150 / Ruckus, Yamaha Zuma / XMAX, Vespa Primavera / GTS 300, Suzuki Burgman 400",2005 - 2025,"Kenda K329 Scooter Tires The Kenda K329 Scooter Tires offer a harmonious tread design that ensures lasting performance and reliable grip, whether navigating through rain-slicked streets or on dry asphalt.","Performance tread Enhance wet weather traction with tread sipes J speed rated Notes : It is recommended to change your valve stem, tube and/or rim strip when installing a new tire. Shop Here!",https://www.cyclegear.com/_a/product_images/0391/8121/kenda_k329_scooter_tires.jpg,""
10184788,P979993,"Bridgestone Exedra BT54 Tires",bridgestone-exedra-bt54-tires,Tires,Bridgestone,"Cafe","Sport Touring Radial Do / Sportbike Tire / Multi Compound Tire / Dot Tire",224.72,283.20,1.00,3,"Honda, Yamaha, BMW, Kawasaki, Suzuki, Triumph, Harley-Davidson","Honda Goldwing / VFR800, Yamaha FJR1300 / Tracer 9 GT, BMW R1250RT / K1600GT, Kawasaki Concours 14 / Ninja 1000SX, Suzuki GSX-S1000GT, Harley Electra Glide",2000 - 2025,"Bridgestone Exedra BT54 Tires The BT54 Tires from Bridgestone are the OE spec tires for the neo-classic Honda CB1100 motorbike. Designed for great road feel, performance and grip in a stylish package, the BT54 tires are a match to any hard-ridden sport machine.","Revised silica compound for modern performance Improved wet and dry grip Dual tread compound on rear tire for longer life and better traction when cornering Larger crown radius for greater stability and extended tread life V speed rated Tubeless Notes : It is recommended to change your valve stem, tube and/or rim strip when installing a new tire. Shop Here! Need your tire mounted? We’ve got you covered! Tire Mount Discount",https://www.cyclegear.com/_a/product_images/2185/3840/bridgestone_exedra_bt54_tires.jpg,""
10542901,P1165198,"Kenda KR20 Kanine Tires For Can-Am Spyder / Ryker",kenda-kr20-kanine-tires-for-can-am-spyder-ryker,Tires,N/A,"Street / Sportbike / Cruiser / V-Twin","Dot Tire / Touring Tire / Sportbike Tire",95.99,0.00,0.00,0,"Can-Am","Spyder / Ryker",1990 - 2025,"Kenda KR20 Kanine Tires For Can-Am Spyder / Ryker Experience a seamless transition from factory-installed to aftermarket performance with Kenda's Kanine KR20 tires, exclusively crafted for your Can-Am Spyder or Ryker. Designed to surpass the original tires in longevity and to outperform typical passenger car tires in handling, the Kanine KR20 ensures a reliable and confident ride in any weather condition.","Purpose-Built: The only aftermarket tire designed specifically for three-wheeled auto cycles Superior Performance: Delivers greater mileage than stock tires and better handling than passenger car replacements Confidence in the Wet: Increased siping helps evacuate standing water for excellent wet weather performance Fully Certified: DOT and E-Mark approved",https://www.cyclegear.com/_a/product_images/2510/2441/kenda_kr20_kanine_tires_for_can_am_spyder_ryker.jpg,""
1275717,P398658,"Metzeler Karoo Street Tires",metzeler-karoo-street-tires,Tires,Metzeler,"Adventure / Dual Sport","Dual Road Radial Dot / Dual Road Bias Dot / 80 On Road 20 Off Road / Touring Tire",132.59,174.87,4.30,69,"Honda, Yamaha, KTM, Kawasaki, Suzuki, Husqvarna, GasGas","Honda CRF250R / CRF450R, Yamaha YZ250F / YZ450F, KTM 250 SX-F / 450 SX-F, Kawasaki KX250 / KX450, Suzuki RM-Z250 / RM-Z450, Husqvarna FC 250 / FC 450",1995 - 2025,"Metzeler Karoo Street Tires The Karoo Street Tires from Metzeler blend the aggressive, blocky tread pattern of the popular Karoo 3 Tires with a sport touring profile and extra silica, resulting in the perfect road-biased ADV tire.","Outstanding on road performance from a knobby tread pattern Sport touring profile High silicompound delivers excellent grip on road, both dry and wet Excellent traction off road Precise cornering and stability throughout tires life Constant contact patch works well with sophisticated electronic systems like ABS and traction control Notes : It is recommended to change your valve stem, tube and/or rim strip when installing a new tire. Shop Here! Need your tire mounted? We’ve got you covered! Tire Mount Discount",https://www.cyclegear.com/_a/product_images/1017/7646/metzeler_karoo_st.jpg,""
1158547,P349629,"Mitas Terra Force-R Tires",mitas-terra-force-r-tires,Tires,Mitas,"Adventure / Dual Sport","90 On Road 10 Off Road / Touring Tire / Dot Tire",123.26,136.95,3.00,3,"Honda, Yamaha, KTM, Kawasaki, Suzuki, Husqvarna, GasGas","Honda CRF250R / CRF450R, Yamaha YZ250F / YZ450F, KTM 250 SX-F / 450 SX-F, Kawasaki KX250 / KX450, Suzuki RM-Z250 / RM-Z450, Husqvarna FC 250 / FC 450",1995 - 2025,"Mitas TerraForce-R Tires The TerraForce-R is formulated for optimal traction in wet and dry conditions. It is suitable for spirited sport touring with occasional hard pack off-road adventures.","Radial construction Tubeless design 90% on-road / 10% off-road STC (Strong Carcass Technology) OGT 3D (Three Dimensional Optimum Groove Technology) FEA optimized footprint Notes : It is recommended to change your valve stem, tube and/or rim strip when installing a new tire. Shop Here! Need your tire mounted? We’ve got you covered! Tire Mount Discount",https://www.cyclegear.com/_a/product_images/2161/4512/mitas_terra_force_r_tires.jpg,""
1807155,P846236,"Continental Race Attack 2 Tires",continental-race-attack-2-tires,Tires,Continental Tire,"Street / Sportbike","Road Race Dot And Non D / Sportbike Tire / Dot Tire",194.18,297.45,5.00,2,"Honda, Yamaha, Kawasaki, Suzuki, BMW, Ducati, Triumph, Aprilia","Honda CBR600RR / CBR1000RR, Yamaha YZF-R6 / YZF-R1 / MT-07 / MT-09, Kawasaki Ninja 650 / ZX-6R / ZX-10R, Suzuki GSX-R600 / GSX-R1000, BMW S1000RR, Ducati Monster / Panigale",1998 - 2025,"Continental Race Attack 2 Tires Enhance your street or track experience with the Continental Race Attack 2 Tires! Continental has gone the extra mile in designing the Race Attack 2, impressing BMW enough to select these tires as the OEM-supplied rubber for their high-performance M1000XR. Featuring a specialized black chili sport compound, these tires offer unparalleled grip, traction, and predictability in the wet or dry. With no shoulder grooves, they optimize grip during aggressive leans on corners. Whether devouring miles on the street or delivering exceptional grip and feedback on each track lap, Continental's Race Attack 2 tires are primed for top-notch performance.","Black Chili Hypersport-Compound for superior grip on road and track surfaces Carcass construction provides consistent predictability at limits No shoulder grooves for maximum grip at lean angles Medium compound Handmade in Germany Notes : It is recommended to change your valve stem, tube and/or rim strip when installing a new tire. Shop Here! Need your tire mounted? We’ve got you covered! Tire Mount Discount",https://www.cyclegear.com/_a/product_images/2082/4786/continental_tire_tire_ratk2_str12070_zr17.jpg,""
10482252,P962515,"Dunlop Dragmax Tire",dunlop-dragmax-tire,Tires,Dunlop,"Street / Sportbike / Cruiser / V-Twin","Road Race Dot And Non D / Race Tire / Sportbike Tire / Dot Tire",243.99,292.95,4.00,1,"Harley-Davidson, Honda, Yamaha, Indian, Kawasaki, Suzuki, Victory","Harley (Sportster, Softail, Dyna, Street Glide, Road King, Fat Boy), Honda Shadow / VTX, Yamaha V-Star / Bolt, Indian Scout / Chief, Kawasaki Vulcan, Suzuki Boulevard",1990 - 2025,"Dunlop Dragmax Tire Pro Street Class drag racing has reached new levels of performance in recent years, and Dunlop wants to offer a tire capable of meeting these demands. For maximum stability and feel, this radial tire utilizes Dunlop's exclusive N-TEC technology, which combines the benefits of their own aramid Jointless Belt and cut-breaker construction. This construction allows the racer to run very low tire pressures, all wrapped in the softest street compound Dunlop has ever made with a new profile that's wider and flatter than typical hypersports tires. Dunlop's ready for you to hit the strip on the Dragmax!","Dunlop's softest street compound N-TEC technology features continuously wound aramid Jointless Belt and cut-breaker construction Maximum feel and stability Racers can run very low tire pressures for optimal hookup Wider and flatter profile Minimal centrifugal growth for consistent footprint and reduced risk of de-beading Maximum Grip Technology Made in the USA Notes : It is recommended to change your valve stem, tube and/or rim strip when installing a new tire. Shop Here! Need your tire mounted? We’ve got you covered! Tire Mount Discount",https://www.cyclegear.com/_a/product_images/1720/0450/dunlop_dragmax_tire.jpg,""
157958,P42911,"Bridgestone Exedra G515 / G526 Tires",bridgestone-exedra-g515-g526-tires,Tires,Bridgestone,"Street / Sportbike","Customcruisertouring Bi / Cruiser Tire / Dot Tire",183.02,275.32,4.70,79,"Harley-Davidson, Honda, Yamaha, Indian, Kawasaki, Suzuki, Victory","Harley (Sportster, Softail, Dyna, Street Glide, Road King, Fat Boy), Honda Shadow / VTX, Yamaha V-Star / Bolt, Indian Scout / Chief, Kawasaki Vulcan, Suzuki Boulevard",1990 - 2025,"Bridgestone Exedra G515 / G526 Tires The Exedra G series provides long mileage, good stability, crisp handling and riding comfort","Uni-directional pattern for reliable performance on dry and wet surfaces Bridgestone tires are the standard OEM tires on many motorcycles Notes : It is recommended to change your valve stem, tube and/or rim strip when installing a new tire. Shop Here! Need your tire mounted? We’ve got you covered! Tire Mount Discount",https://www.cyclegear.com/_a/product_images/2067/7478/bridgestone_exedra_g515_g526_tires.jpg,""
266718,P71557,"IRC TR8 Battle Rally Series Tires",irc-tr8-battle-rally-series-tires,Tires,IRC Tires,"Dirt Bike / Off-Road","20 On Road 80 Off Road / Dot Dirt Tires / Soft Terrain / Intermediate Terrain",85.56,105.95,4.70,33,"Honda, Yamaha, KTM, Kawasaki, Suzuki, Husqvarna, GasGas","Honda CRF250R / CRF450R, Yamaha YZ250F / YZ450F, KTM 250 SX-F / 450 SX-F, Kawasaki KX250 / KX450, Suzuki RM-Z250 / RM-Z450, Husqvarna FC 250 / FC 450",1995 - 2025,"IRC TR8 Battle Rally Series Tires","Dual purpose tire designed primarily for offroad use Excellent offroad traction Built for durability and performance at affordable prices 4ply rating with 35 psi maximum load pressure D.O.T. approved FIM approved P speed rating Notes : It is recommended to change your valve stem, tube and/or rim strip when installing a new tire. Shop Here! Need your tire mounted? We’ve got you covered! Tire Mount Discount",https://www.cyclegear.com/_a/product_images/0009/0929/Irc_Tr8_Battle_Rally_Series.jpg,""
10340869,P1065592,"Dunlop Scootsmart 2 Tires",dunlop-scootsmart-2-tires,Tires,Dunlop,"Scooter","Scooter Bias / Scooter Tire / Dot Tire",84.99,102.95,5.00,1,"Honda, Yamaha, Vespa, Suzuki, Piaggio, Kymco","Honda PCX150 / Ruckus, Yamaha Zuma / XMAX, Vespa Primavera / GTS 300, Suzuki Burgman 400",2005 - 2025,"Dunlop Scootsmart 2 Tires The Dunlop Scootsmart 2 Tires feature a new compound and tread pattern design provide exceptional mileage and excellent wet weather performance. Specialized sidewall compound takes riding comfort to the next level.","New compound and tread pattern design provide exceptional mileage and excellent wet weather performance Enhanced profile design and new polyester carcass to provide more compliant handling Specialized sidewall compound to take riding comfort to the next level Silica rich compound adopted to provide solid grip on wet road surfaces",https://www.cyclegear.com/_a/product_images/2122/6013/dunlop_scootsmart_scooter_tires.jpg,""
157477,P42702,"Kenda K657 Challenger Tires",kenda-k657-challenger-tires,Tires,N/A,"Adventure / Dual Sport","Touring Tire / Dot Tire",81.87,94.99,4.50,55,"BMW, KTM, Honda, Yamaha, Triumph, Suzuki, Ducati, Kawasaki, Husqvarna","BMW R1200GS / R1250GS / F850GS, KTM 1290 Super Adventure / 890 Adventure, Honda Africa Twin / CRF300L, Yamaha Ténéré 700, Triumph Tiger 900 / 1200, Suzuki V-Strom 650, Kawasaki KLR650",2000 - 2025,"Kenda K657 Challenger Tires Corner-hugging rubber compound Tubeless Not for high load-capacity motorcycles Notes : It is recommended to change your valve stem, tube and/or rim strip when installing a new tire. Shop Here! Need your tire mounted? We’ve got you covered! Tire Mount Discount","N/A",https://www.cyclegear.com/_a/product_images/0002/8827/Kenda_K657_Challenger_Tires_Front.jpg,""
922475,P256006,"IRC M5B Evo Tires",irc-m5b-evo-tires,Tires,IRC Tires,"Dirt Bike / Off-Road","Non Dot Tire / Mud Tire / Sand Tire / Dirt Bike Tire",84.76,105.95,3.70,3,"Honda, Yamaha, KTM, Kawasaki, Suzuki, Husqvarna, GasGas","Honda CRF250R / CRF450R, Yamaha YZ250F / YZ450F, KTM 250 SX-F / 450 SX-F, Kawasaki KX250 / KX450, Suzuki RM-Z250 / RM-Z450, Husqvarna FC 250 / FC 450",1995 - 2025,"IRC M5B Evo Tires Features If you are a racer, M5B EVO Mud-Soft Tires are the ideal choice for running in the mud or through the sand Designed for soft loam and muddy tracks Self-cleaning tread and the outstanding traction ability of the IRC Mud-Soft makes it ideal for hill climb racing Tube type tires Need your tire mounted? We’ve got you covered! Tire Mount Discount","N/A",https://www.cyclegear.com/_a/product_images/1546/9598/ircm5_b_evo_tires.jpg,""
10386927,P1087819,"Mitas Enduro Trail XT Tires",mitas-enduro-trail-xt-tires,Tires,Mitas,"Adventure / Dual Sport","30 On Road 70 Off Road / Dot Tire / Intermediate Terrain / Hard Terrain",177.36,202.99,3.90,7,"Honda, Yamaha, KTM, Kawasaki, Suzuki, Husqvarna, GasGas","Honda CRF250R / CRF450R, Yamaha YZ250F / YZ450F, KTM 250 SX-F / 450 SX-F, Kawasaki KX250 / KX450, Suzuki RM-Z250 / RM-Z450, Husqvarna FC 250 / FC 450",1995 - 2025,"Mitas Enduro Trail XT Tires The Mitas Enduro Trail XT Tires address the needs of riders seeking authentic off-road performance with the flexibility to navigate the tarmac on their journey home. Derived from the original E-10 ADV product line, the XT Rear tire boasts a block-style tread pattern paired with a wide footprint profile, ensuring on-road stability during all adventures.","The XT is designed for 30% on-road / 70% off-road use on Adventure and Dual Sport motorcycles All XT tires approved for TL (Tubeless) and TT (Tube Type) applications Rear fitment options from full sized ADV bikes down to single cylinder Dual Sport machines Ideal fitment when combined with the XT+ or Rally front tires ADV specific tire profile with block style knob pattern for off-road performance DOT approved Notes : It is recommended to change your valve stem, tube and/or rim strip when installing a new tire. Shop Here! Need your tire mounted? We’ve got you covered! Tire Mount Discount",https://www.cyclegear.com/_a/product_images/2209/1355/mitas_enduro_xt_trail_tires.jpg,""
10043953,P896012,"Sedona Rock-A-Billy Tires",sedona-rock-a-billy-tires,Tires,Sedona,"Utvatv","Hard Terrain / Utv Atv Tire",209.66,232.95,0.00,0,"Can-Am, Polaris, Honda, Yamaha, Kawasaki, Arctic Cat","Can-Am Spyder / Ryker / Maverick, Polaris RZR / Ranger, Honda Pioneer / Foreman, Yamaha Grizzly",2008 - 2025,"Sedona Rock-A-Billy Tires Queue up some Stray Cats, lace up your two-tone creepers and take to the trails with the Sedona Rock-A-Billy Tires. These rugged-terrain radials excel in dirt and rock. The eight ply design is ultra tough, designed with the high speed running of big power UTVs and ATVs in mind. The Rock-A-Billy has served as the race tire of choice at the UTV Terracross Championships.","High speed rugged-terrain tread pattern Engineered for high output UTV and ATV applications 8 ply radial constsruction Aggressive tread design with integrated side lugs to grip in extreme riding conditions Revised compound for higher grip with longer treadwear Integrated rock ejectors Built in rim guard UTV Terracross Championships tire of choice: 2016 Bead-to-bead layer of puncture resistant material For off highway use only Note : Yellow balance dot to be positioned opposite the valve stem.",https://www.cyclegear.com/_a/product_images/1524/2039/sedona_rock_a_billy_tires.jpg,""
10512903,P1150179,"Pirelli Scorpion MX32 Mid Soft Tires",pirelli-scorpion-mx32-mid-soft-tires,Tires,Pirelli,"Dirt Bike / Off-Road","Soft Terrain / Intermediate Terrain / Non Dot Tire / Multi Compound Tire",116.64,156.26,0.00,0,"Honda, Yamaha, KTM, Kawasaki, Suzuki, Husqvarna, GasGas","Honda CRF250R / CRF450R, Yamaha YZ250F / YZ450F, KTM 250 SX-F / 450 SX-F, Kawasaki KX250 / KX450, Suzuki RM-Z250 / RM-Z450, Husqvarna FC 250 / FC 450",1995 - 2025,"Pirelli Scorpion MX32 Mid-Soft Tires Engineered for intermediate and soft motocross tracks, the Pirelli Scorpion MX32 Mid Soft tire delivers consistent performance when the dirt is loose. Its tread pattern is designed for excellent traction during acceleration cornering and braking, offering riders confidence lap after lap. A championship-proven choice for your next moto.","Designed for soft to intermediate terrain - dirt, mud, sand or loamy surfaces Front uses a new sidewall compound and stiffer structure that provides a better feeling and improved handling Rear features a new tread compound and softer vertical cap designed to improve wear regularity and traction, ensuring consistent performance and durability Improved knob pattern for improved braking stability and lateral grip in corners Factory yellow Pirelli label and high visibility sidewall design Directional design offers maximum performance Enhanced tear resistance Tube Type (TT) Sold individually Need your tire mounted? We’ve got you covered! Tire Mount Discount",https://www.cyclegear.com/_a/product_images/2450/2353/pirelli_scorpion_mx32_mid_soft_tires.jpg,""
1314150,P416231,"Kenda K761 Scooter Tires",kenda-k761-scooter-tires,Tires,N/A,"Scooter","80 On Road 20 Off Road / Scooter Tire / Dual Sport Tire / Dot Tire",42.67,57.99,4.70,6,"Honda, Yamaha, KTM, Kawasaki, Suzuki, Husqvarna, GasGas","Honda CRF250R / CRF450R, Yamaha YZ250F / YZ450F, KTM 250 SX-F / 450 SX-F, Kawasaki KX250 / KX450, Suzuki RM-Z250 / RM-Z450, Husqvarna FC 250 / FC 450",1995 - 2025,"Kenda K761 Scooter Tires The Kenda K761 Scooter Tires were made for scooter riders looking to venture beyond the pavement. The tread is designed for excellent grip and durability in both wet and dry conditions, from asphalt to your favorite fire roads.","Recommended for 80% on-road / 20% off-road usage Chunky, aggressive design that is perfect for gravel / fire roads Tubeless DOT approved",https://www.cyclegear.com/_a/product_images/0391/7197/kenda_k761_tt_dual_spt_fr.jpg,""
10579718,P1136435,"Maxxis Carnivore RT Tires",maxxis-carnivore-rt-tires,Tires,Maxxis Tires,"Utvatv","Mud Tire / Hard Terrain / Utv Atv Tire",207.10,218.00,0.00,0,"Can-Am, Polaris, Honda, Yamaha, Kawasaki, Arctic Cat","Can-Am Spyder / Ryker / Maverick, Polaris RZR / Ranger, Honda Pioneer / Foreman, Yamaha Grizzly",2008 - 2025,"Maxxis Carnivore RT Tires The Carnivore RT matches the durability of the standard Carnivore light truck-inspired all-terrain tire with its 8-ply construction. However, it surpasses the standard version with its triple square shoulder blocks and aggressive tread pattern, making it ideal for tackling muddy and rocky terrain.","All terrain performance 8 ply rated radial construction Excellent traction in mud and rocky terrain Triple square shoulder blocks for maximum grip and steering control Superb tread wear Tread depth: 33/32"" For off highway use only Note: Tire only. Wheel not included.",https://www.cyclegear.com/_a/product_images/2398/1505/maxxis_tires_carnivore_tire.jpg,""
1083515,P323941,"Pirelli MT16 Tires",pirelli-mt16-tires,Tires,Pirelli,"Dirt Bike / Off-Road","Off Highway Non Dot Inc / Dirt Bike Tire / Intermediate Terrain / Non Dot Tire",127.88,171.34,5.00,3,"Honda, Yamaha, KTM, Kawasaki, Suzuki, Husqvarna, GasGas","Honda CRF250R / CRF450R, Yamaha YZ250F / YZ450F, KTM 250 SX-F / 450 SX-F, Kawasaki KX250 / KX450, Suzuki RM-Z250 / RM-Z450, Husqvarna FC 250 / FC 450",1995 - 2025,"Pirelli MT16 Tires","Intermediate compound designed to provide traction on a wide range of surfaces Long life makes it a perfect choice for weekend warriors and competitive riders Need your tire mounted? We’ve got you covered! Tire Mount Discount",https://www.cyclegear.com/_a/product_images/0166/8417/pirelli_mt16_tires.jpg,""
951142,P267688,"Shinko 016 Verge 2X Tires",shinko-016-verge-2x-tires,Tires,Shinko Tires,"Adventure / Dual Sport","Touring Tire / Dot Tire",164.01,192.95,4.00,20,"BMW, KTM, Honda, Yamaha, Triumph, Suzuki, Ducati, Kawasaki, Husqvarna","BMW R1200GS / R1250GS / F850GS, KTM 1290 Super Adventure / 890 Adventure, Honda Africa Twin / CRF300L, Yamaha Ténéré 700, Triumph Tiger 900 / 1200, Suzuki V-Strom 650, Kawasaki KLR650",2000 - 2025,"Shinko 016 Verge 2X Rear Tires Shinko 016 Verge 2X dual compound technology gives you best of both worlds, superior traction when needed, with all the mileage.","Dual compound Superior traction and mileage Siping allows for added wet traction and longevity Full steel belted rear tire and Aramid belted front for high-speed handling. Tread profile designed for quick transitions and more lean angle Notes : It is recommended to change your valve stem, tube and/or rim strip when installing a new tire. Shop Here! Need your tire mounted? We’ve got you covered! Tire Mount Discount",https://www.cyclegear.com/_a/product_images/0083/0670/shinko016_verge2_x_front_tires.jpg,""
922479,P987404,"IRC GP-21 / 22 Tires",irc-gp-21-22-tires,Tires,IRC Tires,"Adventure / Dual Sport / Dirt Bike / Off-Road","70 On Road 30 Off Road / Dot Dirt Tires / Dual Sport Tire / Dot Tire",67.16,88.95,0.00,0,"Honda, Yamaha, KTM, Kawasaki, Suzuki, Husqvarna, GasGas","Honda CRF250R / CRF450R, Yamaha YZ250F / YZ450F, KTM 250 SX-F / 450 SX-F, Kawasaki KX250 / KX450, Suzuki RM-Z250 / RM-Z450, Husqvarna FC 250 / FC 450",1995 - 2025,"IRC GP-21 / GP-22 Tires The IRC GP-21 / GP-22 Tires provide natural handling both on the street and dirt. Features Aggressive, trail oriented 70% on-road / 30% off-road bias Excellent breaking stability and control Original equipment on the Honda CRF250L DOT approved Notes : It is recommended to change your valve stem, tube and/or rim strip when installing a new tire. Shop Here! Need your tire mounted? We’ve got you covered! Tire Mount Discount","N/A",https://www.cyclegear.com/_a/product_images/1837/3620/ircgp21_tires.jpg,""
10506447,P1147489,"Plews Tyres MX2 Matterly GP Medium / All Terrain Tires",plews-tyres-mx2-matterly-gp-medium-all-terrain-tires,Tires,Plews Tyres,"Dirt Bike / Off-Road","Intermediate Terrain / Non Dot Tire / Dirt Bike Tire",57.55,58.99,5.00,1,"Honda, Yamaha, KTM, Kawasaki, Suzuki, Husqvarna, GasGas","Honda CRF250R / CRF450R, Yamaha YZ250F / YZ450F, KTM 250 SX-F / 450 SX-F, Kawasaki KX250 / KX450, Suzuki RM-Z250 / RM-Z450, Husqvarna FC 250 / FC 450",1995 - 2025,"Plews Tyres MX2 Matterly GP Medium / All Terrain Tires Experience the MX2 Matterly GP, a motocross tire engineered to conquer intermediate terrains with exceptional precision, grip, and longevity. It incorporates a globally optimized compound, striking a fine balance between enduring performance and competitive edge traction. The directional front pattern affords riders assured handling, as the aggressive rear tread design digs deeply into diverse surfaces. MX2 Matterly GP is crafted for supreme comfort, ensuring rider control is not sacrificed, presenting top-tier performance that comes at a value accessible to racers.","Engineered for intermediate motocross terrain Advanced compound developed by world-leading chemists Directional front tire delivers responsive handling and front-end feel Aggressive rear tread provides exceptional traction and drive Carcass construction designed for enhanced comfort and control Built for race performance and long-term durability Priced to support competitive riders at all levels Inspired by the iconic Matterly Basin GP track",https://www.cyclegear.com/_a/product_images/2436/9461/plews_tyres_mx2_matterly_gp_front_medium_front.jpg,""
1152595,P421950,"Shinko SR 723 Scooter Tires",shinko-sr-723-scooter-tires,Tires,Shinko Tires,"Scooter","Scooter Tire / Dot Tire",61.16,71.95,4.00,2,"Honda, Yamaha, Vespa, Suzuki, Piaggio, Kymco","Honda PCX150 / Ruckus, Yamaha Zuma / XMAX, Vespa Primavera / GTS 300, Suzuki Burgman 400",2005 - 2025,"Shinko SR 723 Scooter Tires","Great for all weather performance 4-ply rating DOT approved P speed rating (93 mph) Notes : It is recommended to change your valve stem, tube and/or rim strip when installing a new tire. Shop Here!",https://www.cyclegear.com/_a/product_images/1359/3887/shinko_sr723_scooter_tires.jpg,""
1127130,P126375,"Metzeler 6 Days Extreme Tires",metzeler-6-days-extreme-tires,Tires,Metzeler,"Dirt Bike / Off-Road","Dual Onoff Dot / 10 On Road 90 Off Road / Non Dot Tire / Dot Dirt Tires",111.25,141.95,4.60,7,"Honda, Yamaha, KTM, Kawasaki, Suzuki, Husqvarna, GasGas","Honda CRF250R / CRF450R, Yamaha YZ250F / YZ450F, KTM 250 SX-F / 450 SX-F, Kawasaki KX250 / KX450, Suzuki RM-Z250 / RM-Z450, Husqvarna FC 250 / FC 450",1995 - 2025,"Metzeler 6 Days Extreme Tires","6 Days Extreme Rear Tire is the ultimate off-road tire developed with World Champion factory riders for the most extreme conditions New High Resistance Polyester carcass-material with X-ply construction for superior structural characteristics and excellent puncture resistance Knob distribution and geometry designed to offer outstanding grip and traction with high resistance both in dry and wet condition, form soft/loose terrains to hard 90/90-21 TT Hard option features a different tread pattern and compound that is specifically for hardpack, stone and rocky conditions Note: Some sizes are not DOT approved. Those sizes are marked NON-DOT. Need your tire mounted? We’ve got you covered! Tire Mount Discount",https://www.cyclegear.com/_a/product_images/0376/1548/metzeler6_days_extreme_tires.jpg,""
10043825,P895990,"Sedona Buzz Saw R/T Tires",sedona-buzz-saw-rt-tires,Tires,Sedona,"Utvatv","Intermediate Terrain / Utv Atv Tire",152.06,168.95,5.00,2,"Can-Am, Polaris, Honda, Yamaha, Kawasaki, Arctic Cat","Can-Am Spyder / Ryker / Maverick, Polaris RZR / Ranger, Honda Pioneer / Foreman, Yamaha Grizzly",2008 - 2025,"Sedona Buzz Saw R/T Tires The Buzz Saw R/T Tire is a rugged-terrain tire designed for full size ATV and UTV applications. With high speed running in mind, the Buzz Saw relies on six ply radial construction and is engineered for responsive handling, good stability and a smooth ride. High quality rubber compounds and a 7/8 inch tread depth ensure long life over many hard miles.","Light truck-inspired rugged-terrain tread pattern Design for high speed running in full size ATV and UTV applications 6 ply radial construction Smooth, quiet ride Puncture resistant Lightweight design for reduced rotating mass 7/8” deep tread design High-grade rubber compound offers long tread life For off highway use only",https://www.cyclegear.com/_a/product_images/1524/1376/sedona_buzz_saw_rt_tire.jpg,""
10042303,P895457,"Dunlop TT93 GP Pro Mini Race Tires",dunlop-tt93-gp-pro-mini-race-tires,Tires,Dunlop,"Scooter","Scooter Bias / Scooter Tire / Dot Tire",134.99,161.95,5.00,1,"Honda, Yamaha, Vespa, Suzuki, Piaggio, Kymco","Honda PCX150 / Ruckus, Yamaha Zuma / XMAX, Vespa Primavera / GTS 300, Suzuki Burgman 400",2005 - 2025,"Dunlop TT93 GP Pro Mini Race Tires Dunlop's admission to the popularity in mini-moto racing. With a priority in performance, Dunlop delivered a true winner in the TT93GP Pro Tires.","Semi-slick tread pattern designed to give maximum grip on dry road surfaces Tread pattern stiffness optimized for instant handling response and road feel More grip than the popular Dunlop TT93 GP it replaces Tubeless DOT Approved Notes : It is recommended to change your valve stem, tube and/or rim strip when installing a new tire. Shop Here!",https://www.cyclegear.com/_a/product_images/1522/5584/dunlop_tt93_gp_pro_mini_race_tires.jpg,""
922635,P43300,"IRC GS-45Z1 Tires",irc-gs-45z1-tires,Tires,IRC Tires,"Dirt Bike / Off-Road","Dirt Bike Tire / Intermediate Terrain / Non Dot Tire",50.36,66.95,3.70,6,"Honda, Yamaha, KTM, Kawasaki, Suzuki, Husqvarna, GasGas","Gs",1995 - 2025,"IRC GS-45Z1 Tires","Tough tires for smaller machines GS-45 are original equipment on the Honda CRF80/CRF100 & Kawasaki KLX110 Need your tire mounted? We’ve got you covered! Tire Mount Discount",https://www.cyclegear.com/_a/product_images/1932/2521/IRC_Intermediate_Terrain_Rear.jpg,""
270609,P72233,"Shinko 421 Off Road Scooter Tires",shinko-421-off-road-scooter-tires,Tires,Shinko Tires,"Scooter","Scooter Tire / Dot Tire",41.61,48.95,4.90,33,"Honda, Yamaha, KTM, Kawasaki, Suzuki, Husqvarna, GasGas","Honda CRF250R / CRF450R, Yamaha YZ250F / YZ450F, KTM 250 SX-F / 450 SX-F, Kawasaki KX250 / KX450, Suzuki RM-Z250 / RM-Z450, Husqvarna FC 250 / FC 450",1995 - 2025,"Shinko 421 Off Road Scooter Tires A tough nylon carcass with dimpled knobs provides traction in a variety of terrains.","Ideal for mini bikes and scooters Open tread pattern cleans out well in muddy conditions Tube type DOT approved Not intended for extended highway use Notes : It is recommended to change your valve stem, tube and/or rim strip when installing a new tire. Shop Here!",https://www.cyclegear.com/_a/product_images/0009/1636/Shinko_Mini_Bike_Trail.jpg,""
10046654,P897328,"IRC VX-10 Tires",irc-vx-10-tires,Tires,IRC Tires,"Dirt Bike / Off-Road","Dirt Bike Tire / Intermediate Terrain / Hard Terrain / Non Dot Tire",31.96,42.95,5.00,5,"Honda, Yamaha, KTM, Kawasaki, Suzuki, Husqvarna, GasGas","Honda CRF250R / CRF450R, Yamaha YZ250F / YZ450F, KTM 250 SX-F / 450 SX-F, Kawasaki KX250 / KX450, Suzuki RM-Z250 / RM-Z450, Husqvarna FC 250 / FC 450",1995 - 2025,"IRC VX-10 Tires The VX-10 tires from IRC were designed to provide large-tire performance for small wheel sizes. They optimized the number of knobs on the shoulders and center of the tires and adjusted their height and angle within the treat pattern to create a new small tire standard. This all new compound improves durability, stability and performance throughout a wide variety of terrain.","All-new compound with increased durability, stability and performance Tread pattern provides big performance in small sizes Mini motocross tire specific design Tube Type Need your tire mounted? We’ve got you covered! Tire Mount Discount",https://www.cyclegear.com/_a/product_images/1528/7897/ircvx10_tires.jpg,""
922491,P256020,"IRC MB90 Tires",irc-mb90-tires,Tires,IRC Tires,"Scooter","Dot Tire / Scooter Tire",37.95,40.95,4.80,6,"Honda, Yamaha, Vespa, Suzuki, Piaggio, Kymco","Honda PCX150 / Ruckus, Yamaha Zuma / XMAX, Vespa Primavera / GTS 300, Suzuki Burgman 400",2005 - 2025,"IRC MB90 Tires IRC MB90 Motorcycle Tire has a superb grip with high-mileage durability.","Intended for use on small cc scooters Suited for varying weather conditions J-rated for speeds up to 62 mph Tubeless (TL) Blackwall Bias construction 4-ply rating Notes : It is recommended to change your valve stem, tube and/or rim strip when installing a new tire. Shop Here!",https://www.cyclegear.com/_a/product_images/2069/4801/ircmb90_tire.jpg,""
992697,P326576,"Bridgestone Battlax BT-023 Sport Touring Tires",bridgestone-battlax-bt-023-sport-touring-tires,Tires,Bridgestone,"Adventure / Dual Sport / Street / Sportbike","100 On Road 0 Off Road / Sportbike Tire / Touring Tire / Dot Tire",110.41,156.95,4.80,9,"Honda, Yamaha, KTM, Kawasaki, Suzuki, Husqvarna, GasGas","Touring",1995 - 2025,"Bridgestone Battlax BT-023 Sport Touring Tires","Full spec Sport Touring Radial offering consistent performance between touring and sport riding Tread pattern and rubber compound deliver long mileage, high-level of wet performance, a comfortable ride and good grip Silica plus an RC polymer (assists silica effect and controls rubber properties) enhances wet performance and wear life Blackwall Tubeless (TL) (W)-rated for speeds up to 168+ mph OEM Applications: Type F - Yamaha FJR1300 2013-2014, FZ-07 2014 (Front) Type G - Honda NC700X 2012-2015 Type M - Yamaha FZ-07 2014 (Rear) 160/60ZR17 69W TL will not fit Triumph Speed Twin due to chain clearance Notes : It is recommended to change your valve stem, tube and/or rim strip when installing a new tire. Shop Here! Need your tire mounted? We’ve got you covered! Tire Mount Discount",https://www.cyclegear.com/_a/product_images/0170/8998/bridgestone_battlax_bt023_sport_touring_tires.jpg,""
594670,P148975,"Michelin Trial X Light Tires",michelin-trial-x-light-tires,Tires,Michelin Tires,"Dirt Bike / Off-Road","Non Dot Tire / Dirt Bike Tire / Trials Tire / Hard Terrain",170.99,222.95,5.00,2,"Honda, Yamaha, KTM, Kawasaki, Suzuki, Husqvarna, GasGas","Honda CRF250R / CRF450R, Yamaha YZ250F / YZ450F, KTM 250 SX-F / 450 SX-F, Kawasaki KX250 / KX450, Suzuki RM-Z250 / RM-Z450, Husqvarna FC 250 / FC 450",1995 - 2025,"Michelin Trial X Light Tires","Technology developed through more than 25 World Championships Updated casing design improves lateral stability in corners, compared with earlier Michelin trials tires Compatible with low air-pressure settings Redesigned bead area increases sidewall rigidity to reduce tire movement on the rim Maximized contact patch casing for better grip on loose surfaces and cornering More flexible tread area for better grip on obstacles and rocks Need your tire mounted? We’ve got you covered! Tire Mount Discount",https://www.cyclegear.com/_a/product_images/0035/0109/michelin_trial_x_light_tire_rear.jpg,""
949965,P266846,"Dunlop Geomax MX3SF Front Tire",dunlop-geomax-mx3sf-front-tire,Tires,Dunlop,"Dirt Bike / Off-Road","Off Highway Non Dot Inc / Dirt Bike Tire / Intermediate Terrain / Soft Terrain",103.99,145.95,5.00,4,"Honda, Yamaha, KTM, Kawasaki, Suzuki, Husqvarna, GasGas","Honda CRF250R / CRF450R, Yamaha YZ250F / YZ450F, KTM 250 SX-F / 450 SX-F, Kawasaki KX250 / KX450, Suzuki RM-Z250 / RM-Z450, Husqvarna FC 250 / FC 450",1995 - 2025,"Dunlop MX3SF Front Tire","Directional Tread Pattern: Offers great traction and steering feel for a wide range of riders who have differing riding styles Enhanced Carcass Tension Control System (CTCS): Tuned carcass flexibility offers enhanced feel and steering accuracy Staggered Middle Blocks: Alternating mid-shoulder knobs in the MX32 have been angled differently and are sized differently to add side grip and promote light, responsive steering while being less prone to grabbing in ruts Elimination of tie-bar design: The tie bars have been eliminated to reduce the resistance toward bending within blocks This enhances steering feel and promotes stability in muddy conditions Chiseled Shoulder Block: Derived from the MX31, this chiseled block shape penetrates the surface to enhance side grip Knob Placement: Improved knob placement and angling reduces knob stress Need your tire mounted? We’ve got you covered! Tire Mount Discount",https://www.cyclegear.com/_a/product_images/2143/5980/dunlop_geomax_mx3_s_tires.jpg,""
10386877,P1087808,"Mitas Terra Force EX MH Super Soft Tires",mitas-terra-force-ex-mh-super-soft-tires,Tires,Mitas,"Dirt Bike / Off-Road","20 On Road 80 Off Road / 10 On Road 90 Off Road / Dot Dirt Tires / Dot Tire",84.10,95.99,5.00,3,"Honda, Yamaha, KTM, Kawasaki, Suzuki, Husqvarna, GasGas","Honda CRF250R / CRF450R, Yamaha YZ250F / YZ450F, KTM 250 SX-F / 450 SX-F, Kawasaki KX250 / KX450, Suzuki RM-Z250 / RM-Z450, Husqvarna FC 250 / FC 450",1995 - 2025,"Mitas Terra Force EX MH Super Soft Tires Experience maximum traction and renowned durability with the Mitas Terra Force EX Tires. These tires boast multiple rubber compound and carcass options, coupled with tread designs tailored to specific terrains. The rear tire features full-height knobs, making it race-ready and DOT certified for an exceptional performance on and off the road.","Tread designed for optimum performance in medium to hard terrain Competition tire, DOT legal for use on Enduro and Dual Sport Motorcycles Tube Type Application Notes : It is recommended to change your valve stem, tube and/or rim strip when installing a new tire. Shop Here! Need your tire mounted? We’ve got you covered! Tire Mount Discount",https://www.cyclegear.com/_a/product_images/2209/1661/mitas_terra_force_exmh_super_soft_tires.jpg,""
10043836,P895991,"Sedona Coyote Tires",sedona-coyote-tires,Tires,Sedona,"Utvatv","Intermediate Terrain / Utv Atv Tire",122.36,135.95,4.80,4,"Can-Am, Polaris, Honda, Yamaha, Kawasaki, Arctic Cat","Can-Am Spyder / Ryker / Maverick, Polaris RZR / Ranger, Honda Pioneer / Foreman, Yamaha Grizzly",2008 - 2025,"Sedona Coyote Tires Sedona's Coyote Tires are ready to handle the wiliest of trails. Packing the latest tech in ATV and UTV tire construction, the Coyote Tires balance reduced with with puncture resistance and smooth ride characteristics. Depending on size, the Coyote Tires use either six ply bias or eight ply radial tire construction. The all-terrain tread design uses wider lug spacing to increase bite over rocks, roots and ruts. A built-in rim guard and siping on the tread lugs boost durability and performance.","Ultra-durable, puncture-resistant ""New-Tech"" construction ""Smooth-Ride"" Technology and aggressive tread design for excellent traction and a smooth ride in all terrain Integrated side lugs for added traction in deep ruts and rocks Siped tread lugs for added traction and durability Built-in rim guard for added wheel protection Available in 6 ply bias or 8 ply radial construction For off highway use only",https://www.cyclegear.com/_a/product_images/1524/1478/sedona_coyote_tires.jpg,""
1125414,P338211,"Duro HF903 / HF904 Median Dual Sport Tires",duro-hf903-hf904-median-dual-sport-tires,Tires,N/A,"Cruiser / V-Twin","70 On Road 30 Off Road / 60 On Road 40 Off Road / Cruiser Tire / Dual Sport Tire",77.95,104.95,4.10,10,"Harley-Davidson","Harley (Sportster, Softail, Dyna, Street Glide, Road King, Fat Boy), Honda Shadow / VTX, Yamaha V-Star / Bolt, Indian Scout / Chief, Kawasaki Vulcan, Suzuki Boulevard",1990 - 2025,"Duro HF903 / HF904 Median Dual Sport Tires The HF903 / HF904 series tires are a dual-purpose, DOT-approved tire made for 60% street and 40% dirt use. Excellent on dirt, gravel, rough roads and your wallet.","60% on-road / 40% off-road bias (per Duro) Features, design and rider experience favors approximately 70% on-road / 30% off-road bias S-rated for speeds up to 112 mph Bias ply construction Tube type (TT) Blackwall DOT approved Notes : It is recommended to change your valve stem, tube and/or rim strip when installing a new tire. Shop Here! Need your tire mounted? We’ve got you covered! Tire Mount Discount",https://www.cyclegear.com/_a/product_images/0184/0546/duro_tires_hf903_median_dual_sport_front_tire.jpg,""
1152579,P347308,"Shinko SR 426 Scooter Tires",shinko-sr-426-scooter-tires,Tires,Shinko Tires,"Scooter","Scooter Tire / Dot Tire",66.26,77.95,5.00,13,"Honda, Yamaha, Vespa, Suzuki, Piaggio, Kymco","Honda PCX150 / Ruckus, Yamaha Zuma / XMAX, Vespa Primavera / GTS 300, Suzuki Burgman 400",2005 - 2025,"Shinko SR 426 Scooter Tires The Shinko 426 Tires will scoot you over pot holes, gravel and busted city streets. The world is an imperfect place.","Ruggedly lugged tread pattern DOT approved 4 ply construction Replacement sizing for Yamaha Zuma Notes : It is recommended to change your valve stem, tube and/or rim strip when installing a new tire. Shop Here!",https://www.cyclegear.com/_a/product_images/1359/4567/shinko_sr426_scooter_tires.jpg,""
270664,P72253,"Shinko 240 Classic White Wall Tires",shinko-240-classic-white-wall-tires,Tires,Shinko Tires,"Cruiser / V-Twin","Cruiser Tire / Harley Tire / Whitewall Tire / Vintage Tire",141.06,165.95,4.70,88,"Harley-Davidson","Harley Sportster / Harley Fxfxr / Harley Street / Harley Touring / Harley V Rod / Harley Softail / Harley Dyna / Harley Dyna Fat Bo / Harley Dyna Street / Harley Dyna Super / Harley Dyna Switch / Harley Softail Del / Harley Softail Deu / Harley Softail Fat / Harley Softail Her / Harley Softail Nig / Harley Sportster 1 / Harley Sportster 8 / Harley Sportster I / Harley Touring Ele / Harley Touring Roa / Harley Touring Str",1990 - 2025,"Shinko Classic 240 Whitewall Tire A classic design with modern construction and modern performance.","Compounded for high mileage Aramid belt offsets tread distortion for better grip and durability H rated tube type 4 ply nylon carcass DWS = Double White Stripe Front/rear = can be used in either location Notes : It is recommended to change your valve stem, tube and/or rim strip when installing a new tire. Shop Here! Need your tire mounted? We’ve got you covered! Tire Mount Discount",https://www.cyclegear.com/_a/product_images/0009/1769/Shinko_Classic_240_Whitewall_Tire.jpg,""
10184786,P979992,"Bridgestone Exedra G-Series G508 Touring Tires",bridgestone-exedra-g-series-g508-touring-tires,Tires,Bridgestone,"Cruiser / V-Twin","Customcruisertouring Bi / Multi Compound Tire / Dot Tire / Cruiser Tire",196.42,274.12,5.00,2,"Harley-Davidson, Honda, Yamaha, Indian, Kawasaki, Suzuki, Victory","Touring",1990 - 2025,"Bridgestone Exedra G-Series G508 Touring Tires The Bridgestone G508 Tire is a member of Bridgestone's long-wearing Exedra touring series. The G508 is the original equipment rear tire of the Honda CMX250 Rebel.","Tube type design Bias construction OE tire for Honda CMX250 Rebel 2009-14 Pairs with Exedra L303-A front tire Notes : It is recommended to change your valve stem, tube and/or rim strip when installing a new tire. Shop Here! Need your tire mounted? We’ve got you covered! Tire Mount Discount",https://www.cyclegear.com/_a/product_images/1919/5222/bridgestone_exedra_g_series_g508_touring_tires.jpg,""
10566857,P1174728,"Mitas Enduro Trail ADV 2 Tires",mitas-enduro-trail-adv-2-tires,Tires,Mitas,"Adventure / Dual Sport","Dual Sport Tire / 70 On Road 30 Off Road / Dot Tire / Touring Tire",148.27,170.99,2.50,2,"Honda, Yamaha, KTM, Kawasaki, Suzuki, Husqvarna, GasGas","Honda CRF250R / CRF450R, Yamaha YZ250F / YZ450F, KTM 250 SX-F / 450 SX-F, Kawasaki KX250 / KX450, Suzuki RM-Z250 / RM-Z450, Husqvarna FC 250 / FC 450",1995 - 2025,"Mitas Enduro Trail ADV 2 Tires The Mitas Enduro Trail ADV 2 tire is crafted for the modern explorer who demands strong performance on the tarmac and the ability to handle uncharted paths with ease. With a 70% on-road and 30% off-road tread pattern, drawn from the acclaimed Mitas ENDURO TRAIL+ design, it provides exceptional self-cleaning properties on light to medium terrains. This tire is a go-to choice for riders seeking versatility across various landscapes. Equipped with high silica content, the Enduro Trail ADV 2 tire delivers outstanding wet grip, empowering riders with the confidence to navigate rainy conditions safely. Its advanced carcass design ensures remarkable stability and comfort even at higher speeds, offering a seamless experience on highways or curvy backroads alike. Whether undertaking long hauls or short excursions, the Enduro Trail ADV 2 tire maintains consistent performance for a balance of adventure and reliability.","Classified for 70% on-road use, offering exceptional performance and confidence on both paved and off-road terrains Multi-compound tread technology with a chevron pattern guarantees superior grip and durability in all conditions Recommended for Dual-Purpose Adventure Touring motorcycles Notes : It is recommended to change your valve stem, tube and/or rim strip when installing a new tire. Shop Here! Need your tire mounted? We’ve got you covered! Tire Mount Discount",https://www.cyclegear.com/_a/product_images/2543/0074/mitas_enduro_trail_adv2_tires.jpg,""
10043810,P895986,"Sedona Bazooka Tires",sedona-bazooka-tires,Tires,Sedona,"Utvatv","Hard Terrain / Utv Atv Tire",80.06,88.95,0.00,0,"Can-Am, Polaris, Honda, Yamaha, Kawasaki, Arctic Cat","Can-Am Spyder / Ryker / Maverick, Polaris RZR / Ranger, Honda Pioneer / Foreman, Yamaha Grizzly",2008 - 2025,"Sedona Bazooka Tires With more ""chew"" and arguably better flavor than your favorite bubble gum, the Sedona Bazooka Tires pack a pedigree designed for sporty track work. The signature ""X"" tread pattern excels on groomed surfaces but also provides all-terrain bite for trails and cross country use. The Bazooka Tires use four ply construction with high silica concentrations for improved traction and long tread life. The only thing missing is the comic strip.","All-terrain ""X"" tread for trail, cross country and track riding 4 ply bias construction Race-grade high-silica rubber compound boosts traction and increases tread life Premium compound and construction methods Large sidewall lugs for enhanced cornering For off highway use only",https://www.cyclegear.com/_a/product_images/1524/0798/sedona_bazooka_tires.jpg,""
10051977,P899567,"GBC Dirt Devil A/T Tires",gbc-dirt-devil-at-tires,Tires,N/A,"Utvatv","Utv Atv Tire / Intermediate Terrain",89.96,99.95,0.00,0,"Honda, Yamaha, KTM, Kawasaki, Suzuki, Husqvarna, GasGas","Honda CRF250R / CRF450R, Yamaha YZ250F / YZ450F, KTM 250 SX-F / 450 SX-F, Kawasaki KX250 / KX450, Suzuki RM-Z250 / RM-Z450, Husqvarna FC 250 / FC 450",1995 - 2025,"GBC Dirt Devil A/T Tires The GBC Dirt Devil All Terrain Tires are designed for the mud and utility specific functions. With deep v-shaped treads, these tires surpass others in the mud and gravel.","All-terrain mud and utility design Excels on dirt, gravel, hard pack and light mud Deep V-shaped treads dig into loose terrain 6 ply bias construction For off highway use only Note : Tire only. Wheel not included.",https://www.cyclegear.com/_a/product_images/1535/1725/gbc_tire_dirt_devil_at_rear_bias6_ply_lr395_lbs_dirtdevil_at_rear_1800x1800.jpg,""
1325895,P421955,"Shinko SR 425 Scooter Tires",shinko-sr-425-scooter-tires,Tires,Shinko Tires,"Scooter","Scooter Tire / Dot Tire",43.31,50.95,4.50,11,"Honda, Yamaha, Vespa, Suzuki, Piaggio, Kymco","Honda PCX150 / Ruckus, Yamaha Zuma / XMAX, Vespa Primavera / GTS 300, Suzuki Burgman 400",2005 - 2025,"Shinko SR 425 Scooter Tires The Shinko SR 425 Scooter Tires are a performance oriented scooter tire in a wide range of popular scooter sizes.","Front and rear applications 4 ply nylon carcass DOT approved Notes : It is recommended to change your valve stem, tube and/or rim strip when installing a new tire. Shop Here!",https://www.cyclegear.com/_a/product_images/1359/3785/shinko_tires_shinko_sr425.jpg,""
10043858,P895994,"Sedona Cyclone Rear Tires",sedona-cyclone-rear-tires,Tires,Sedona,"Utvatv","Sand Tire / Utv Atv Tire",119.65,132.94,5.00,1,"Can-Am, Polaris, Honda, Yamaha, Kawasaki, Arctic Cat","Can-Am Spyder / Ryker / Maverick, Polaris RZR / Ranger, Honda Pioneer / Foreman, Yamaha Grizzly",2008 - 2025,"Sedona Cyclone Rear Tires The Cyclone Tire from Sedona is a no-compromises sand tire for rear wheel ATV applications. Eight stonking paddles and a reinforced four ply construction are ready to create propulsion in all forms of sand - wet, dry and volcanic. Support ridges on the backside of the paddles add support and stability when side hilling. The lightweight design reduces rotating mass and aids acceleration. Left- and right-side specific designs ensure the utmost traction.","Bias ply sand tire for traction, flotation, predictable turning and side hilling Excels in dry light sand, wet heavy sand and volcanic sand Proven dune tire with R&D from the major sand parks in the USA Premium rubber compound is strong yet flexible and light Long lasting treadwear Lightweight overall design 8 large paddles 4 ply construction Back support ridges for controlled slides on ridge-back dunes For off highway use only",https://www.cyclegear.com/_a/product_images/1524/1580/sedona_cyclone_rear_bias4_pr_cyclone_rear.jpg,""
10386884,P1087809,"Mitas Terra Force EF Super Tires",mitas-terra-force-ef-super-tires,Tires,Mitas,"Dirt Bike / Off-Road","20 On Road 80 Off Road / Dot Dirt Tires / Dot Tire / Soft Terrain",93.86,107.99,5.00,1,"Honda, Yamaha, KTM, Kawasaki, Suzuki, Husqvarna, GasGas","Honda CRF250R / CRF450R, Yamaha YZ250F / YZ450F, KTM 250 SX-F / 450 SX-F, Kawasaki KX250 / KX450, Suzuki RM-Z250 / RM-Z450, Husqvarna FC 250 / FC 450",1995 - 2025,"Mitas Terra Force EF Super Tires The Mitas Terra Force EF Tires seamlessly merge the original Terra Force front carcass with a new tread pattern specifically crafted for soft and intermediate terrain. This innovative design has undergone thorough development and testing by elite hard enduro racers from around the world.","Tread designed for optimum performance in soft to intermediate conditions Competition tire, DOT legal for use on Enduro and Dual Sport Motorcycles 20% on-road / 80% off-road Tube Type Application Notes : It is recommended to change your valve stem, tube and/or rim strip when installing a new tire. Shop Here! Need your tire mounted? We’ve got you covered! Tire Mount Discount",https://www.cyclegear.com/_a/product_images/2209/1525/mitas_terra_force_ef_super_tires.jpg,""
270634,P72242,"Shinko 524 / 525 Series Soft / Intermediate Tires",shinko-524-525-series-soft-intermediate-tires,Tires,Shinko Tires,"Dirt Bike / Off-Road","Dirt Bike Tire / Intermediate Terrain / Soft Terrain / Non Dot Tire",59.46,69.95,4.70,7,"Honda, Yamaha, KTM, Kawasaki, Suzuki, Husqvarna, GasGas","Honda CRF250R / CRF450R, Yamaha YZ250F / YZ450F, KTM 250 SX-F / 450 SX-F, Kawasaki KX250 / KX450, Suzuki RM-Z250 / RM-Z450, Husqvarna FC 250 / FC 450",1995 - 2025,"Shinko 524 / 525 Soft-Intermediate Dirt Tires The 524/525 front and rear combo is ideal for soft to intermediate terrain.","Reinforced knobs resist tearing and chunking High carbon compound Need your tire mounted? We’ve got you covered! Tire Mount Discount",https://www.cyclegear.com/_a/product_images/0009/1706/Shinko_525_Soft-Intermediate_Rear_Tire.jpg,""
10204052,P987406,"IRC NR77U Tires",irc-nr77u-tires,Tires,IRC Tires,"Street / Sportbike","Sportbike Tire / Dot Tire",58.36,76.95,0.00,0,"Honda, Yamaha, Kawasaki, Suzuki, BMW, Ducati, Triumph, Aprilia","Honda CBR600RR / CBR1000RR, Yamaha YZF-R6 / YZF-R1 / MT-07 / MT-09, Kawasaki Ninja 650 / ZX-6R / ZX-10R, Suzuki GSX-R600 / GSX-R1000, BMW S1000RR, Ducati Monster / Panigale",1998 - 2025,"IRC NR77U Tires Specifically designed to fit your Honda Grom, these IRC NR77U Tires offer the performance you're after.","Special construction and compound for high speed performance Excellent grip on various road surfaces Sizes to fit Honda Grom Tubeless design Notes : It is recommended to change your valve stem, tube and/or rim strip when installing a new tire. Shop Here! Need your tire mounted? We’ve got you covered! Tire Mount Discount",https://www.cyclegear.com/_a/product_images/1837/3501/ircnr77_tires.jpg,""
1812615,P849376,"Dunlop AT81 Enduro Cross Tires",dunlop-at81-enduro-cross-tires,Tires,Dunlop,"Dirt Bike / Off-Road","Off Highway Non Dot Inc / Dirt Bike Tire / Hard Terrain / Intermediate Terrain",147.99,178.95,5.00,1,"Honda, Yamaha, KTM, Kawasaki, Suzuki, Husqvarna, GasGas","Honda CRF250R / CRF450R, Yamaha YZ250F / YZ450F, KTM 250 SX-F / 450 SX-F, Kawasaki KX250 / KX450, Suzuki RM-Z250 / RM-Z450, Husqvarna FC 250 / FC 450",1995 - 2025,"Dunlop AT81 Enduro Cross Tires Dunlop’s vast championship experience and development expertise has been infused into the next generation of off-road tires: the Dunlop AT81 Enduro Cross.","AT81 rear tread block shape and distribution plus DIRTuitive Grip Design (DGD) knobs help the tire penetrate down through the surface dirt for extra traction across a broad range of off-road applications Newly formulated high-wear-resistant rear tire compound offers enhanced chipping, tearing and wear appearance AT81 EX rear tire carcass features two nylon plies Lateral grooves on the shoulder knobs provide additional biting edges and also allow the knobs to be more flexible Rear center blocks are arranged in-line to provide a larger contact patch for maximum traction Dunlop’s “plush pad” recess design between tread blocks enhances compliance for bump absorption and ride comfort Front tire construction includes two plies of nylon wrapped with a third ply of polyester for a strong base Need your tire mounted? We’ve got you covered! Tire Mount Discount",https://www.cyclegear.com/_a/product_images/1411/9017/dunlop_at81_ex_tires.jpg,""
10184713,P979972,"IRC VX40 Tires",irc-vx40-tires,Tires,IRC Tires,"Dirt Bike / Off-Road","Dirt Bike Tire / Non Dot Tire / Hard Terrain / Intermediate Terrain",84.76,111.95,5.00,1,"Honda, Yamaha, KTM, Kawasaki, Suzuki, Husqvarna, GasGas","Honda CRF250R / CRF450R, Yamaha YZ250F / YZ450F, KTM 250 SX-F / 450 SX-F, Kawasaki KX250 / KX450, Suzuki RM-Z250 / RM-Z450, Husqvarna FC 250 / FC 450",1995 - 2025,"IRC VX40 Tires VX40 Tires from IRC deliver an optimized knob spacing for a bigger contact patch with the ground. The VX40s offer better grip and handling in intermediate to hard pack on trails or groomed tracks. New rubber compound balance both performance as well as durability. For a highly stable, highly flexible ride, the VX-40 Tires are constructed with a lightweight two-ply + breaker ply casing.","Designed for intermediate to hard terrain Optimized knob spacing for increased contact patch Revised rubber compounds balance grip and durability Constructed with a lightweight 2-ply + breaker ply casing for high stability and flexibility TT/TL design Need your tire mounted? We’ve got you covered! Tire Mount Discount",https://www.cyclegear.com/_a/product_images/1821/9076/ircvx40_tires.jpg,""
10219208,P996072,"Duro HF918 Tires",duro-hf918-tires,Tires,N/A,"Cruiser / V-Twin / Adventure / Dual Sport","Cruiser Tire / Touring Tire / Dot Tire",108.95,0.00,4.80,6,"Harley-Davidson, Honda, Yamaha, Indian, Kawasaki, Suzuki, Victory","Harley (Sportster, Softail, Dyna, Street Glide, Road King, Fat Boy), Honda Shadow / VTX, Yamaha V-Star / Bolt, Indian Scout / Chief, Kawasaki Vulcan, Suzuki Boulevard",1990 - 2025,"Duro HF918 Tires","Enhanced water evacuation comes from a superior tread design Directional pattern enhances cornering ability Durable rubber compound is excellent for puncture resistance H-rated for speeds up to 130 mph Bias construction Tubeless design Notes : It is recommended to change your valve stem, tube and/or rim strip when installing a new tire. Shop Here! Need your tire mounted? We’ve got you covered! Tire Mount Discount",https://www.cyclegear.com/_a/product_images/2000/9164/duro_hf918_tires.jpg,""
1304606,P412499,"Dunlop Geomax MX33 Tires",dunlop-geomax-mx33-tires,Tires,Dunlop,"Dirt Bike / Off-Road","Dirt Bike Tire / Intermediate Terrain / Non Dot Tire",37.05,51.95,4.50,13,"Honda, Yamaha, KTM, Kawasaki, Suzuki, Husqvarna, GasGas","Honda CRF250R / CRF450R, Yamaha YZ250F / YZ450F, KTM 250 SX-F / 450 SX-F, Kawasaki KX250 / KX450, Suzuki RM-Z250 / RM-Z450, Husqvarna FC 250 / FC 450",1995 - 2025,"Dunlop Geomax MX33 Tires","Advanced Apex Design for enhanced shock absorption Block-in-block featured on front and rear tires to aid in linear tracking and improved steering Improved compound for enhanced durability Multiple Block Distribution provides more blocks in the rear pattern which increases the contact patch and aids in slide control Need your tire mounted? We’ve got you covered! Tire Mount Discount",https://www.cyclegear.com/_a/product_images/0382/7706/dunlop_geomax_mx33_tires.jpg,""
10584781,P1184560,"Mitas Touring Force SC 2 Scooter Tires",mitas-touring-force-sc-2-scooter-tires,Tires,Mitas,"Scooter","Dot Tire / Scooter Tire",53.32,61.99,0.00,0,"Honda, Yamaha, BMW, Kawasaki, Suzuki, Triumph, Harley-Davidson","Touring",2000 - 2025,"Mitas Touring Force SC 2 Scooter Tires The Mitas Touring Force SC 2 is the improved successor to the original Mitas Touring Force scooter tire. Upping the level of performance, the Touring Force SC 2 Tire features an improved pattern design to facilitate an improved ride, boosted grip, and improved overall service life. Specialized tread geometry facilitates efficient water displacement to maintain traction in diverse weather conditions for sports and classic scooter applications. The high-strength carcass construction of the Mitas Touring Force SC 2 ensures structural stability and handling precision. The Mitas Touring Force SC 2 incorporates a unique tread compound that reduces acoustic noise and improves rolling resistance for riders seeking comfort and efficiency.","​ Urban Commuting Performance: Optimized for all paved surfaces and diverse city weather conditions Precision Handling: High-stability carcass ensures steering accuracy on straightaways and through corners Advanced Compound: Specialized material reduces road noise and improves rolling resistance All-Weather Traction: Unique tread pattern provides rapid water displacement for wet-road safety Enhanced Durability: Refined design extends tire life while maintaining consistent grip levels Smooth Performance: Engineered for predictability and comfort in demanding urban environments Compatibility: Fits a wide range of sports and classic scooters Compatibility: Engineered as the high-performance successor to the original Mitas TOURING FORCE-SC Notes : It is recommended to change your valve stem, tube and/or rim strip when installing a new tire. Shop Here! Need your tire mounted? We’ve got you covered! Tire Mount Discount",https://www.cyclegear.com/_a/product_images/2572/0768/mitas_touring_force_sc2_scooter_tires.jpg,""
10184765,P979985,"Bridgestone Exedra L303A Front Tires",bridgestone-exedra-l303a-front-tires,Tires,Bridgestone,"Cruiser / V-Twin","Customcruisertouring Bi / Cruiser Tire / Dot Tire",161.17,224.92,5.00,4,"Harley-Davidson, Honda, Yamaha, Indian, Kawasaki, Suzuki, Victory","Harley (Sportster, Softail, Dyna, Street Glide, Road King, Fat Boy), Honda Shadow / VTX, Yamaha V-Star / Bolt, Indian Scout / Chief, Kawasaki Vulcan, Suzuki Boulevard",1990 - 2025,"Bridgestone Exedra L303A Front Tires The Bridgestone L303A Tire is a member of Bridgestone's long-wearing Exedra touring series. The L303A is the original equipment front tire of the Honda CMX250 Rebel.","Tube type design Bias construction OE tire for Honda CMX250 Rebel 2009-14 Pairs with Exedra G508 rear tire Notes : It is recommended to change your valve stem, tube and/or rim strip when installing a new tire. Shop Here! Need your tire mounted? We’ve got you covered! Tire Mount Discount",https://www.cyclegear.com/_a/product_images/1821/0772/bridgestone_exedra_l303_a_front_tires.jpg,""
30.1,P1060978,"System 3 Off-Road DX440 Tires",system-3-off-road-dx440-tires,Tires,System 3 Off-Road,"Utvatv","Utv Atv Tire / Hard Terrain / Intermediate Terrain / Soft Terrain",220.69,245.21,0.00,0,"Honda, Yamaha, KTM, Kawasaki, Suzuki, Husqvarna, GasGas","Honda CRF250R / CRF450R, Yamaha YZ250F / YZ450F, KTM 250 SX-F / 450 SX-F, Kawasaki KX250 / KX450, Suzuki RM-Z250 / RM-Z450, Husqvarna FC 250 / FC 450",1995 - 2025,"System 3 Off-Road DX440 Tire The System 3 Off-Road DX440 is built using a generation 2 carcass and a streamlined profile to be light weight with less rolling resistance for a ""faster"" tire. The decrease in weight also helps redusce driveline stress to your unit. Built for all-terrain condition it will continue to bite through sand, mud, or rock and keep you moving along.","Lighter weight and less rolling resistance Flexible carcass and medium compound excels on hard packed and semi loose terrains 8-ply radial durability and superior bump absorption Non directional, multi angle tread blocks and sharp shoulder angle offers precision handling Super deep rim guard offers unmatched wheel lip protection Technical Specifications: Tire Size Ply Overall Diameter (Inches) Tread Depth (Inches) Max PSI Max Load Capacity @18 PSI Tire Weight (Pounds) 30x10R-14 8 30.1 0.50 24 1341 34.0 32x10R-15 8 32.1 0.50 24 1491 37.0 33x10R-15 8 33.2 0.50 24 1599 39.2 35x10R-15 8 35.3 0.50 24 1719 43.7",https://www.cyclegear.com/_a/product_images/2106/2721/system3_off_road_dx440_tire.jpg,""
10204040,P987401,"IRC VX30 Tires",irc-vx30-tires,Tires,IRC Tires,"Dirt Bike / Off-Road","Dirt Bike Tire / Non Dot Tire / Intermediate Terrain / Soft Terrain",84.76,111.95,0.00,0,"Honda, Yamaha, KTM, Kawasaki, Suzuki, Husqvarna, GasGas","Honda CRF250R / CRF450R, Yamaha YZ250F / YZ450F, KTM 250 SX-F / 450 SX-F, Kawasaki KX250 / KX450, Suzuki RM-Z250 / RM-Z450, Husqvarna FC 250 / FC 450",1995 - 2025,"IRC VX30 Tires The IRC VX-30 Tires are the perfect do-it-all tires for intermediate to soft terrain.","Optimized knob taper angle increases contact patch for better handling and grip Updated rubber compound to increase acceleration and breaking traction, as well as durability and longevity Developed for soft-intermediate terrain 2ply+Breaker ply provides excellent stability and bump absorption performance Need your tire mounted? We’ve got you covered! Tire Mount Discount",https://www.cyclegear.com/_a/product_images/1837/4487/ircvx30_tires.jpg,""
10395539,P1093391,"Atturo Trail Blade X/T Tires",atturo-trail-blade-xt-tires,Tires,Atturo Tires,"Utvatv","Soft Terrain / Intermediate Terrain / Hard Terrain / Utv Atv Tire",207.11,219.99,0.00,0,"Honda, Yamaha, KTM, Kawasaki, Suzuki, Husqvarna, GasGas","Honda CRF250R / CRF450R, Yamaha YZ250F / YZ450F, KTM 250 SX-F / 450 SX-F, Kawasaki KX250 / KX450, Suzuki RM-Z250 / RM-Z450, Husqvarna FC 250 / FC 450",1995 - 2025,"Atturo Tires Trail Blade X/T SXS Tire The tire presents an advanced design using a combination of siping patterns and stud pins to maximize grip. Ample shoulder blocks bolster stability and handling, ensuring reliable performance on diverse terrains. The aggressive tread on the sidewall grants extra traction, perfect for off-road excursions. It includes a rim protector to shield against curb damage, and is built with durable 8-ply steel belted construction for extended durability and resilience.","Siping and stud pins Large shoulder blocks Versatile hybrid pattern Aggressive sidewall tread Integrated rim protector 8PR steel belted construction Max PSI: 38 Tread depth 1/32: 18 Sold each",https://www.cyclegear.com/_a/product_images/2228/4151/atturo_tires_trail_blade_xtsxs_tire.jpg,""
10566836,P1174721,"Metzeler Sportec 01 RS Tires",metzeler-sportec-01-rs-tires,Tires,Metzeler,"Street / Sportbike / Cruiser / V-Twin","Dot Tire / Multi Compound Tire / Sportbike Tire",207.72,273.98,0.00,0,"Harley-Davidson, Honda, Yamaha, Indian, Kawasaki, Suzuki, Victory","Harley (Sportster, Softail, Dyna, Street Glide, Road King, Fat Boy), Honda Shadow / VTX, Yamaha V-Star / Bolt, Indian Scout / Chief, Kawasaki Vulcan, Suzuki Boulevard",1990 - 2025,"Metzeler Sportec 01 RS Tires The Sportec 01 RS tire brings unparalleled performance to the pavement, serving street riders and track enthusiasts alike with an enhanced grip over its counterpart, the standard Sportec 01. This tire elevates the supersport tire category, offering a blend of cutting-edge performance with unwavering wet weather functionality. Equipped with Dynatread™ technology, it boasts an adaptive tread design that responds dynamically to varying speeds and load conditions. The intelligently designed sipes flex at high speeds, effectively transforming the tire to increase the rubber contact patch on the road for better traction. When navigating through city streets, in rain, or at lower speeds, the tread's grooves adeptly channel water away, maintaining exceptional wet grip. The Sportec 01 RS is an ideal choice for spirited street riders who demand that extra bit of grip when venturing onto the track.","The sharpest evolution of SPORTEC™ 01 for riders demanding highest level of grip on the road Enriched road racing expertise delivering Metzeler high performance on road and track High-contrast sidewall design that elevates the tires character Features Dynatread™, the adaptive tread design technology Notes : It is recommended to change your valve stem, tube and/or rim strip when installing a new tire. Shop Here! Need your tire mounted? We’ve got you covered! Tire Mount Discount",https://www.cyclegear.com/_a/product_images/2542/9700/metzeler_sportec01_rs_tires.jpg,""
10584794,P1184559,"Mitas Touring Force SC Scooter Tires",mitas-touring-force-sc-scooter-tires,Tires,Mitas,"Scooter","Dot Tire / Scooter Tire",52.84,60.99,0.00,0,"Honda, Yamaha, BMW, Kawasaki, Suzuki, Triumph, Harley-Davidson","Touring",2000 - 2025,"Mitas Touring Force SC Scooter Tires They might be small, but the Mitas Touring Force SC Tires are truly mighty. Touring Force SC's utilizes a unique tread compound to ensure reliable grip across various weather conditions while the structural design is aimed at efficient water displacement. The Mitas Touring Force SC features a robust carcass construction that maintains stability and precision during straight-line travel, in aggressive cornering, under heavy loads, and over potholes, train tracks, and urban detritus. Larger 15"" and 16"" diameter options allows the Mitas Touring Force SC to support modern maxi scooters and high-performance three-wheeled machines. This tire is o riginal equipment for the Piaggio Beverly 400. Available in standard and reinforced sidewall versions to suit ever rider's needs.","​ Urban Commuting Performance: Specialized tread compound engineered for predictable handling and safety on all paved city roads All-Weather Grip: Unique rubber formulation ensures reliable traction and effective water displacement in diverse weather conditions Stability And Precision: Strong carcass design provides high stability and steering accuracy during straight-line riding and cornering Maximum Comfort: Developed for sports and classic scooter riders seeking a smooth and comfortable urban riding experience Extended Service Life: High-performance compound offers excellent durability and long-lasting wear for daily commuters Compatibility: Designed for all types of sports and classic scooters, including modern maxi scooters and powerful three-wheelers Includes: Available in 15-inch sizes featuring the advanced TOURING FORCE pattern Compatibility: Selected as the OEM fitment for the Piaggio Beverly 400 Notes : It is recommended to change your valve stem, tube and/or rim strip when installing a new tire. Shop Here! Need your tire mounted? We’ve got you covered! Tire Mount Discount",https://www.cyclegear.com/_a/product_images/2572/0649/mitas_touring_force_sc_scooter_tires.jpg,""
1818508,P853446,"Avon Roadrider Mk II Tires",avon-roadrider-mk-ii-tires,Tires,Avon Tire,"Adventure / Dual Sport / Cafe / Street / Sportbike / Cruiser / V-Twin","Cruiser Tire / Sportbike Tire / Touring Tire / Dot Tire",152.24,205.85,4.90,14,"Harley-Davidson, Honda, Yamaha, Indian, Kawasaki, Suzuki, Victory","Harley (Sportster, Softail, Dyna, Street Glide, Road King, Fat Boy), Honda Shadow / VTX, Yamaha V-Star / Bolt, Indian Scout / Chief, Kawasaki Vulcan, Suzuki Boulevard",1990 - 2025,"Avon Roadrider Mk II Tires The Avon Roadrider MK II Tires are revised with features and performance that outshine its well-regarded Roadrider Mk I predecessor. Maintaining classic British restraint, the tread pattern is slightly more chiseled than before, but front and rear tread designs continue to mirror one another for a cohesive overall appearance. Once past the Roadrider Mk II's aesthetics, sport, sport-touring and cruiser riders will benefit from a silica-rich compound and aggressive shoulder contour for excellent stiction in wet and dry conditions.","High silica compound for excellent wet and dry performance Symmetrical front and rear tread designs Interrupted center groove to prevents tramlining Enhanced sidewall offers better resistance to ozone degradation Embossed Union Jack sidewall treatment Tubeless (TL) Bias ply construction Notes : It is recommended to change your valve stem, tube and/or rim strip when installing a new tire. Shop Here! Need your tire mounted? We’ve got you covered! Tire Mount Discount",https://www.cyclegear.com/_a/product_images/1423/9901/avon_roadrider_mk_ii_tires.jpg,""
10223002,P998043,"Bridgestone Exedra G721 / G722 Tires",bridgestone-exedra-g721-g722-tires-1,Tires,Bridgestone,"Cruiser / V-Twin / Adventure / Dual Sport","Customcruisertouring Bi / Cruiser Tire / Dot Tire",232.65,324.70,4.50,10,"Harley-Davidson, Honda, Yamaha, Indian, Kawasaki, Suzuki, Victory","Harley (Sportster, Softail, Dyna, Street Glide, Road King, Fat Boy), Honda Shadow / VTX, Yamaha V-Star / Bolt, Indian Scout / Chief, Kawasaki Vulcan, Suzuki Boulevard",1990 - 2025,"Bridgestone Exedra G721 / G722 Tires","The Exedra G series provides long mileage, good stability, crisp handling and riding comfort G700 series is the popular original equipment choice OEM replacement tire H-rated for speeds up to 130 mph Notes : It is recommended to change your valve stem, tube and/or rim strip when installing a new tire. Shop Here! Need your tire mounted? We’ve got you covered! Tire Mount Discount",https://www.cyclegear.com/_a/product_images/2018/5828/bridgestone_exedra_g721_g722_tires.jpg,""
1000036,P821918,"Bridgestone TW34 Trail Wing Rear Tires",bridgestone-tw34-trail-wing-rear-tires,Tires,Bridgestone,"Adventure / Dual Sport / Dirt Bike / Off-Road","Dual Road Bias Dot / 60 On Road 40 Off Road / 50 On Road 50 Off Road / Dot Dirt Tires",206.56,288.27,4.00,4,"Honda, Yamaha, KTM, Kawasaki, Suzuki, Husqvarna, GasGas","Honda CRF250R / CRF450R, Yamaha YZ250F / YZ450F, KTM 250 SX-F / 450 SX-F, Kawasaki KX250 / KX450, Suzuki RM-Z250 / RM-Z450, Husqvarna FC 250 / FC 450",1995 - 2025,"Bridgestone TW34 Trail Wing Rear Tires","A 4-ply front/rear combination designed primarily for dual sport use Special dimpled tread pattern means many edges, which helps maximize traction Unique front/rear combination provides balanced highway and offroad performance 4-ply construction for long-wearing durability Self-cleaning tread blocks still give a traction edge for muddy and loose terrains DOT approved OE replacement for Yamaha TW200 Notes : It is recommended to change your valve stem, tube and/or rim strip when installing a new tire. Shop Here! Need your tire mounted? We’ve got you covered! Tire Mount Discount",https://www.cyclegear.com/_a/product_images/1344/6316/bridgestone_tw34_trail_wing_rear_tires.jpg,""
1313204,P416041,"Kenda K775 / K786 Washougal II Tires",kenda-k775-k786-washougal-ii-tires,Tires,N/A,"Dirt Bike / Off-Road","10 On Road 90 Off Road / Dot Dirt Tires / Dual Sport Tire / Dirt Bike Tire",31.90,39.99,4.90,11,"Honda, Yamaha, KTM, Kawasaki, Suzuki, Husqvarna, GasGas","Honda CRF250R / CRF450R, Yamaha YZ250F / YZ450F, KTM 250 SX-F / 450 SX-F, Kawasaki KX250 / KX450, Suzuki RM-Z250 / RM-Z450, Husqvarna FC 250 / FC 450",1995 - 2025,"Kenda K775 / K786 Washougal II Tires With improved dual compound rubber, the Kenda K775/K786 Washougal II tires offer improved durability while maintaining the cornering and traction the original Washougal tires were known for. The tread pattern is new as well, providing maximum traction and efficiency over a wide variety of intermediate terrain.","Rear tire has a standard compound in the center for durability, and a soft race compound in shoulder area for cornering stability and traction Front tire has a single compound Improved rear tread pattern over previous generation Tube Type 21"" front tire is DOT approved Need your tire mounted? We’ve got you covered! Tire Mount Discount",https://www.cyclegear.com/_a/product_images/0391/1716/kenda_k775_wash_ii_stky_frt.jpg,""
10204042,P1033014,"IRC JX8 Gekkota Tires",irc-jx8-gekkota-tires,Tires,IRC Tires,"Dirt Bike / Off-Road","Hard Terrain / Intermediate Terrain / Non Dot Tire / Dirt Bike Tire",132.76,182.95,4.70,10,"Honda, Yamaha, KTM, Kawasaki, Suzuki, Husqvarna, GasGas","Honda CRF250R / CRF450R, Yamaha YZ250F / YZ450F, KTM 250 SX-F / 450 SX-F, Kawasaki KX250 / KX450, Suzuki RM-Z250 / RM-Z450, Husqvarna FC 250 / FC 450",1995 - 2025,"IRC JX8 Gekkota Tires The JX8 Gekkota tire was developed and tested with help of top Hard Enduro and Endurocross riders in the most extreme conditions to develop another gummy tire option for single track riders and top pro Hard Enduro/Endurocross riders. IRC updated the carcass structure to 3ply construction to enhance overall rigidity to provide excellent stability going through challenging obstacles. By adding IRC’s well known super gummy compound onto the tread, the JX8 has maximum grip and has a stiffer sidewall to add flexibility for straight drive stability. Extra rubber support on the bottom of the center knobs optimizes rigidity to deliver next-level longevity performance as a gummy tire. Take this goldilocks tire for a spin and push your riding to the next level.","Gummy Gekkota compound provides optimal grip and extra bump absorption in all conditions Updated carcass structure to 3ply construction to enhance overall rigidity to provide excellent stability going through challenging obstacles. Tall blocks provide larger contact patch/flexibility for maximum traction Tube type Hard enduro tire 64M speed rating Need your tire mounted? We’ve got you covered! Tire Mount Discount",https://www.cyclegear.com/_a/product_images/2084/3757/ircjx8_gekkota_tires.jpg,""
157838,P42818,"Bridgestone M22 / M23 Tires",bridgestone-m22-m23-tires,Tires,Bridgestone,"Dirt Bike / Off-Road","Off Highway Non Dot Inc / Dirt Bike Tire / Hard Terrain / Non Dot Tire",95.10,132.72,0.00,0,"Honda, Yamaha, KTM, Kawasaki, Suzuki, Husqvarna, GasGas","Honda CRF250R / CRF450R, Yamaha YZ250F / YZ450F, KTM 250 SX-F / 450 SX-F, Kawasaki KX250 / KX450, Suzuki RM-Z250 / RM-Z450, Husqvarna FC 250 / FC 450",1995 - 2025,"Bridgestone M22 / M23 Hard Terrain Tires","Specifically designed for hard terrain Race proven front and rear tread compounds for long life and maximum grip Tread knob shape and spacing specially designed for traction and stability 4-ply nylon casing construction for offroad durability Tube Type Need your tire mounted? We’ve got you covered! Tire Mount Discount",https://www.cyclegear.com/_a/product_images/0002/9184/bridgestone_m22_m23_tires_front.jpg,""
1813427,P849968,"Dunlop K505 Tires",dunlop-k505-tires,Tires,Dunlop,"Cafe / Cruiser / V-Twin","Customcruisertouring Bi / Cruiser Tire / Dot Tire",192.74,261.95,5.00,3,"Harley-Davidson, Honda, Yamaha, Indian, Kawasaki, Suzuki, Victory","Harley (Sportster, Softail, Dyna, Street Glide, Road King, Fat Boy), Honda Shadow / VTX, Yamaha V-Star / Bolt, Indian Scout / Chief, Kawasaki Vulcan, Suzuki Boulevard",1990 - 2025,"Dunlop K505 Tires The Dunlop K505 Motorcycle Tires are Original Equipment Manufacturer (OEM) replacements for certain motorcycles. They meet the rigorous specs and characteristics that motorcycle manufacturers demand for the bikes that roll out of the factory.","OEM replacement for some Honda motorcycles Notes : It is recommended to change your valve stem, tube and/or rim strip when installing a new tire. Shop Here! Need your tire mounted? We’ve got you covered! Tire Mount Discount",https://www.cyclegear.com/_a/product_images/1414/2509/dunlop_k505_tires.jpg,""
10328138,P986887,"Metzeler Roadtec Scooter Tires",metzeler-roadtec-scooter-tires,Tires,Metzeler,"Scooter","Scooter Radial Bias / Scooter Radial / Scooter Bias / Multi Compound Tire",49.12,64.74,0.00,0,"Honda, Yamaha, Vespa, Suzuki, Piaggio, Kymco","Honda PCX150 / Ruckus, Yamaha Zuma / XMAX, Vespa Primavera / GTS 300, Suzuki Burgman 400",2005 - 2025,"Metzler Roadtec Scooter Tires These Metzler Roadtec Scooter Tires feature a host of innovations, to keep you confident and safe on your daily commute.","Short wide contact patch for longer wear and a safer feeling when leaning Transversal grooves provide better mechanical grip on medium and low friction surfaces when braking Differentiated multi-pitch sequence to disrupt any resonance noise effects ""Brush effect"" improves interaction with ABS system Efficient water drainage Sipes increase traction, improve stability while braking and help the tire warm up more quickly Progressive groove distance increases grip and stability in a lean Saber-shaped grooves provide outstanding water drainage and wear regularity Single compound front Rear tire features dual compound, side strip with high silica content for leaning confidence and the middle stripe balanced with Carbon-Black and Silica for a chemical grip on wet and dry Notes : It is recommended to change your valve stem, tube and/or rim strip when installing a new tire. Shop Here!",https://www.cyclegear.com/_a/product_images/1835/2870/metzeler_roadtec_scooter_tires.jpg,""
270266,P72117,"Shinko 611 Front Tires",shinko-611-front-tires,Tires,Shinko Tires,"Cruiser / V-Twin","Cruiser Tire / Harley Tire / Dot Tire",124.06,145.95,4.70,26,"Harley-Davidson","Harley (Sportster, Softail, Dyna, Street Glide, Road King, Fat Boy), Honda Shadow / VTX, Yamaha V-Star / Bolt, Indian Scout / Chief, Kawasaki Vulcan, Suzuki Boulevard",1990 - 2025,"Shinko 611 Front Tires The Shinko 611 front tires are a great match with the Shinko 718 Rear tire.","Directional tread design for excellent adhesion in both wet and dry conditions Aramid belt for added stability under high loads Tubeless 4 ply nylon carcass for the 611 (except 21"") H-rated for speeds up to 130 mph Notes : It is recommended to change your valve stem, tube and/or rim strip when installing a new tire. Shop Here! Need your tire mounted? We’ve got you covered! Tire Mount Discount",https://www.cyclegear.com/_a/product_images/0048/3807/shinko611_front_tires.jpg,""
10584712,P1184524,"Kenda K3213 Cross Trail Tire",kenda-k3213-cross-trail-tire,Tires,N/A,"Utvatv","Intermediate Terrain / Hard Terrain / Non Dot Tire / Utv Atv Tire",182.74,214.99,0.00,0,"BMW, KTM, Honda, Yamaha, Triumph, Suzuki, Ducati, Kawasaki, Husqvarna","BMW R1200GS / R1250GS / F850GS, KTM 1290 Super Adventure / 890 Adventure, Honda Africa Twin / CRF300L, Yamaha Ténéré 700, Triumph Tiger 900 / 1200, Suzuki V-Strom 650, Kawasaki KLR650",2000 - 2025,"Kenda K3213 Cross Trail Tire The Kenda Cross Trail tire is engineered to conquer any challenge the trail may present. Serving as the original equipment tire for select UTV models, it offers reliable performance straight from the manufacturer. The tire features innovative 3SMA 3-step multi-angle technology to ensure consistent traction, braking ability, and tread flexibility throughout its lifespan. Its 8-ply carcass construction enhances puncture resistance for a sturdy ride. The tire's strategic variable depth knob siping augments its grip on demanding terrains, while the advanced staggered shoulder block design reduces overall weight and provides superior traction in softer ground conditions.","3SMA (3 step multi-angle) technology ensues optimal traction through the life span of the tire, braking performance and tread flex 8 ply carcass construction for puncture resistance Strategically placed variable depth knob siping to enhance grip in the toughest terrains Advanced staggered shoulder block designed to reduce weight, while also maximizing traction in loose terrain 16mm tread depth 8-ply Sold each",https://www.cyclegear.com/_a/product_images/2571/7742/kenda_k3213_cross_trail_tire_1800x1800.jpg,""
1000029,P290842,"Bridgestone Battle Wing BW501 / BW502 Radial Tires",bridgestone-battle-wing-bw501-bw502-radial-tires,Tires,Bridgestone,"Adventure / Dual Sport","Dual Road Radial Dot / Dual Road Bias Dot / 90 On Road 10 Off Road / Dual Sport Tire",123.71,166.95,4.50,10,"Honda, Yamaha, KTM, Kawasaki, Suzuki, Husqvarna, GasGas","Honda CRF250R / CRF450R, Yamaha YZ250F / YZ450F, KTM 250 SX-F / 450 SX-F, Kawasaki KX250 / KX450, Suzuki RM-Z250 / RM-Z450, Husqvarna FC 250 / FC 450",1995 - 2025,"Bridgestone Battle Wing BW501 / BW502 Radial Tires","Front tire features a high-grip compound and an updated profile to enhance handling and contact feel Silica-enriched compound (rear) offers exceptional level of grip on both wet and dry surfaces Mono-Spiral Belt construction (rear) offers high-speed stability and excellent shock absorption Tread pattern design minimizes road noise V-rated for speeds up to 149 mph Popular OE choice for many ADV bike makes and models See list below for OE fitment OEM Applications: Type B - BMW R1200GS 2007-2012, Suzuki DL1000 2002-2012 Type D - Suzuki DL1000 2014 Type E - Yamaha Super Tenere 2012-2014 Type F - Honda VFR1200X 2016 110/80R19 59V TL (Type G) - BMW F650GS 2009-2014 140/80R17 69V TL (Type G) - BMW F650GS 2009-2014 90/90-21 54V TT (Type G) - BMW F800GS 2009-2014, Triumph Tiger 800 2012-2015 150/70R17 69V TT (Type G) - BMW F800GS 2009-2014, Triumph Tiger 800 2012-2015 Type J - Suzuki DL1000 2014 Notes : It is recommended to change your valve stem, tube and/or rim strip when installing a new tire. Shop Here! Need your tire mounted? We’ve got you covered! Tire Mount Discount",https://www.cyclegear.com/_a/product_images/0111/6738/bridgestone_battle_wing_bw501_bw502_radial_tires.jpg,""
1314207,P416282,"Kenda K6702 Cataclysm Tires",kenda-k6702-cataclysm-tires,Tires,N/A,"Cruiser / V-Twin","Cruiser Tire / Harley Tire / Multi Compound Tire / Dot Tire",77.23,100.99,4.60,47,"Harley-Davidson","Harley Sportster / Harley Fxfxr / Harley Street / Harley Touring / Harley V Rod / Harley Softail / Harley Dyna / Harley Dyna Fat Bo / Harley Dyna Street / Harley Dyna Super / Harley Dyna Switch / Harley Softail Del / Harley Softail Deu / Harley Softail Fat / Harley Softail Her / Harley Softail Nig / Harley Sportster 1 / Harley Sportster 8 / Harley Sportster I / Harley Touring Ele / Harley Touring Roa / Harley Touring Str",1990 - 2025,"Need your tire mounted? We’ve got you covered! Tire Mount Discount","N/A",https://www.cyclegear.com/_a/product_images/0391/8172/kenda_k6702_cataclysm_tires.jpg,""
1152605,P421993,"Shinko SR 714 Moped Tires",shinko-sr-714-moped-tires,Tires,Shinko Tires,"Scooter","Scooter Tire / Dot Tire",40.76,47.95,5.00,11,"Honda, Yamaha, Vespa, Suzuki, Piaggio, Kymco","Honda PCX150 / Ruckus, Yamaha Zuma / XMAX, Vespa Primavera / GTS 300, Suzuki Burgman 400",2005 - 2025,"Shinko SR 714 Moped Tires Durable, long-lasting replacement moped tires in a common OEM size.","4-ply construction DOT approved Front or rear fitment Notes : It is recommended to change your valve stem, tube and/or rim strip when installing a new tire. Shop Here!",https://www.cyclegear.com/_a/product_images/1359/2597/shinko_sr714_moped_tires.jpg,""
922444,P987407,"IRC GS-23 Tires",irc-gs-23-tires,Tires,IRC Tires,"Cruiser / V-Twin","Cruiser Tire / Dot Tire",175.96,215.95,5.00,1,"Harley-Davidson, Honda, Yamaha, Indian, Kawasaki, Suzuki, Victory","Gs",1990 - 2025,"IRC GS-23 Tires The IRC GS-23 Tires bring performance and rigidity to your cruiser.","Provides excellent grip in all road conditions Sturdy carcass and excellent wear characteristics Available in standard black wall and wide white wall (WWW) options OEM tire for Suzuki VL/VZ800 Notes : It is recommended to change your valve stem, tube and/or rim strip when installing a new tire. Shop Here! Need your tire mounted? We’ve got you covered! Tire Mount Discount",https://www.cyclegear.com/_a/product_images/1837/3314/irc_gs23_tires.jpg,""
10328161,P821921,"Metzeler ME77 Rear Tires",metzeler-me77-rear-tires,Tires,Metzeler,"Adventure / Dual Sport / Cruiser / V-Twin","Sport Touring Bias Dot / Cruiser Tire / Harley Tire / Touring Tire",68.22,89.90,4.50,8,"Harley-Davidson","Harley (Sportster, Softail, Dyna, Street Glide, Road King, Fat Boy), Honda Shadow / VTX, Yamaha V-Star / Bolt, Indian Scout / Chief, Kawasaki Vulcan, Suzuki Boulevard",1990 - 2025,"Metzeler ME77 Rear Tires","Classic rib front tread pattern Reliable cornering with great straight-line stability Easy handling Available in a tubeless design and can be used with a Metzeler tube on a tube-type rim 4.60-16 is S-rated for speeds up to 112 mph 4.00-18 is H-rated for speeds up to 130 mph Notes : It is recommended to change your valve stem, tube and/or rim strip when installing a new tire. Shop Here! Need your tire mounted? We’ve got you covered! Tire Mount Discount",https://www.cyclegear.com/_a/product_images/1344/6467/metzeler_me77_tires.jpg,""
454426,P194085,"Pirelli MT66 Route 66 Tires",pirelli-mt66-route-66-tires,Tires,Pirelli,"Cruiser / V-Twin","Customcruisertouring Bi / Cruiser Tire / Harley Tire / Dot Tire",69.34,93.86,4.70,207,"Harley-Davidson","Harley Sportster / Harley Fxfxr / Harley Street / Harley Touring / Harley V Rod / Harley Softail / Harley Dyna / Harley Dyna Fat Bo / Harley Dyna Street / Harley Dyna Super / Harley Dyna Switch / Harley Softail Del / Harley Softail Deu / Harley Softail Fat / Harley Softail Her / Harley Softail Nig / Harley Sportster 1 / Harley Sportster 8 / Harley Sportster I / Harley Touring Ele / Harley Touring Roa / Harley Touring Str",1990 - 2025,"Pirelli MT66 Route 66 Tires","Developed for cruiser and touring bikes Designed for wet grip, exceptional handling, riding comfort and durability Light weight improves suspension's ability to absorb road irregularities, increasing rider comfort and stability Exceptional performance for the price Durable 4-ply nylon construction Tube Type (TT) and Tubeless (TL) sizes available Note: Tires will ship with black lettering. Raised white lettering no longer available. Notes : It is recommended to change your valve stem, tube and/or rim strip when installing a new tire. Shop Here! Need your tire mounted? We’ve got you covered! Tire Mount Discount",https://www.cyclegear.com/_a/product_images/0370/5866/pirelli_mt66_route66_tires.jpg,""
1199295,P368606,"Bridgestone BattleCross X10 Tires",bridgestone-battlecross-x10-tires,Tires,Bridgestone,"Dirt Bike / Off-Road","Off Highway Non Dot Inc / Dirt Bike Tire / Sand Tire / Mud Tire",73.43,102.48,5.00,2,"Honda, Yamaha, KTM, Kawasaki, Suzuki, Husqvarna, GasGas","Honda CRF250R / CRF450R, Yamaha YZ250F / YZ450F, KTM 250 SX-F / 450 SX-F, Kawasaki KX250 / KX450, Suzuki RM-Z250 / RM-Z450, Husqvarna FC 250 / FC 450",1995 - 2025,"Bridgestone BattleCross X10 Tires The Bridgestone BattleCross X10 features an aggressive, technical tread pattern for holding traction in muddy or sandy conditions.","Designed for muddy and sandy terrain Developed and proven at the highest level of MX competition Optimized profile for greater stability when braking and cornering Need your tire mounted? We’ve got you covered! Tire Mount Discount",https://www.cyclegear.com/_a/product_images/0269/6337/bridgestone_battle_cross_x10_tires.jpg,""
10579736,P1181575,"Dunlop Geomax MX34 Factory Spec Tires",dunlop-geomax-mx34-factory-spec-tires,Tires,Dunlop,"Dirt Bike / Off-Road","Soft Terrain / Intermediate Terrain / Non Dot Tire / Dirt Bike Tire",140.99,175.95,0.00,0,"Honda, Yamaha, KTM, Kawasaki, Suzuki, Husqvarna, GasGas","Honda CRF250R / CRF450R, Yamaha YZ250F / YZ450F, KTM 250 SX-F / 450 SX-F, Kawasaki KX250 / KX450, Suzuki RM-Z250 / RM-Z450, Husqvarna FC 250 / FC 450",1995 - 2025,"Dunlop Geomax MX34 Factory Spec Tires Experience professional-grade performance with the Dunlop MX34 Factory Spec Tires, crafted with the same carcass and single-radius profile utilized by the elites in the sport. This Spec version delivers unrivaled stability and precise feedback, excelling even under the most demanding track conditions. Designed for those who seek the utmost in traction and control, the MX34 Factory Spec is engineered to shave vital seconds off your lap times, ensuring you stay ahead of the competition.","Proprietary Ultra-High Molecular Mass compound increases knob strength to penetrate deep into soft soil Single-radius profile provides a rounder shape for more consistent feel and predictable slide control Advanced Apex design features a taller profile for improved responsiveness and harsh landing support Stiffer carcass construction enhances stability and maintains performance during high-speed sections Advanced mud evacuation technology keeps the tread clear for maximum hook up in sloppy conditions Next-generation Progressive Cornering Block Technology (PCBT) improves cornering grip and feel",https://www.cyclegear.com/_a/product_images/2566/0304/dunlop_geomax_mx34_factory_spec_tires.jpg,""
159611,P43608,"Maxxis Maxxcross Desert IT M7304D / M7305D Tires",maxxis-maxxcross-desert-it-m7304d-m7305d-tires,Tires,Maxxis Tires,"Dirt Bike / Off-Road","Off Highway Non Dot Inc / Dirt Bike Tire / Hard Terrain / Non Dot Tire",115.80,151.00,4.80,12,"Honda, Yamaha, KTM, Kawasaki, Suzuki, Husqvarna, GasGas","Honda CRF250R / CRF450R, Yamaha YZ250F / YZ450F, KTM 250 SX-F / 450 SX-F, Kawasaki KX250 / KX450, Suzuki RM-Z250 / RM-Z450, Husqvarna FC 250 / FC 450",1995 - 2025,"Maxxis Maxxcross Desert IT M7304D / M7305D Tires Desert riders will rejoice in the long-lasting, high performance Maxxcross Desert IT.","Specially designed compound increases durability in rocky or desert conditions by reducing chipping and cutting Tall knob design improves traction when racing in sandy conditions Stiffer carcass design minimizes flex, reducing the chance of pinched tubes Need your tire mounted? We’ve got you covered! Tire Mount Discount",https://www.cyclegear.com/_a/product_images/0001/5177/maxxis_maxx_cross_desert_itm7304_dm7305_d_tires_front.jpg,""
10502816,P1145090,"Pro Taper MXT-04 Mini Tires",pro-taper-mxt-04-mini-tires,Tires,Pro Taper,"Dirt Bike / Off-Road","Intermediate Terrain / Hard Terrain / Non Dot Tire / Dirt Bike Tire",29.99,0.00,0.00,0,"Honda, Yamaha, KTM, Kawasaki, Suzuki, Husqvarna, GasGas","Honda CRF250R / CRF450R, Yamaha YZ250F / YZ450F, KTM 250 SX-F / 450 SX-F, Kawasaki KX250 / KX450, Suzuki RM-Z250 / RM-Z450, Husqvarna FC 250 / FC 450",1995 - 2025,"Pro Taper MXT-04 Mini Tires Built to shred, the MXT 04 Mini tires deliver next-level toughness and versatile performance, ready to conquer anything from the track to the trails.","​ Designed for intermediate to hard terrain Asymmetrically molded tread blocks High stability during hard braking and acceleration Knob and groove tread design offers exceptional braking and stability Tube type (TT) design Bias ply construction Non directional tread pattern",https://www.cyclegear.com/_a/product_images/2424/5968/pro_taper_mxt04_mini_tires.jpg,""
949470,P266538,"Bridgestone Trail Wing TW Scooter Tires",bridgestone-trail-wing-tw-scooter-tires,Tires,Bridgestone,"Scooter","Scooter Radial Bias / Scooter Tire / Dot Tire",83.14,116.04,5.00,8,"BMW, KTM, Honda, Yamaha, Triumph, Suzuki, Ducati, Kawasaki, Husqvarna","BMW R1200GS / R1250GS / F850GS, KTM 1290 Super Adventure / 890 Adventure, Honda Africa Twin / CRF300L, Yamaha Ténéré 700, Triumph Tiger 900 / 1200, Suzuki V-Strom 650, Kawasaki KLR650",2000 - 2025,"Bridgestone Trail Wing TW Scooter Tires","Front and rear applications A 2-ply front/rear combination designed primarily for dual sport use Special dimpled tread pattern means many edges, which helps maximize traction Unique front/rear combination provides balanced highway and offroad performance 2-ply construction for long-wearing durability Self-cleaning tread blocks still give a traction edge for muddy and loose terrains Notes : It is recommended to change your valve stem, tube and/or rim strip when installing a new tire. Shop Here!",https://www.cyclegear.com/_a/product_images/0081/4598/bridgestone_trail_wing_tw_tire.jpg,""
10491051,P1137825,"Pro Taper MXT-04 Tires",pro-taper-mxt-04-tires,Tires,Pro Taper,"Dirt Bike / Off-Road","Intermediate Terrain / Hard Terrain / Non Dot Tire / Dirt Bike Tire",79.99,0.00,4.70,11,"Honda, Yamaha, KTM, Kawasaki, Suzuki, Husqvarna, GasGas","Honda CRF250R / CRF450R, Yamaha YZ250F / YZ450F, KTM 250 SX-F / 450 SX-F, Kawasaki KX250 / KX450, Suzuki RM-Z250 / RM-Z450, Husqvarna FC 250 / FC 450",1995 - 2025,"Pro Taper MXT-04 Tires The MXT 04 tires present a new level of performance across varied terrains, offering exceptional durability suitable for off-road racing and riding adventures.","​ Designed for intermediate to hard terrain Asymmetrically molded tread blocks High stability during hard braking and acceleration Knob and groove tread design offers exceptional braking and stability M speed rating Tube type design Bias ply construction Non directional tread pattern",https://www.cyclegear.com/_a/product_images/2424/5424/pro_taper_mxt04_tires.jpg,""
765269,P194520,"Kenda K772 Parker DT Tires",kenda-k772-parker-dt-tires,Tires,N/A,"Dirt Bike / Off-Road","20 On Road 80 Off Road / 10 On Road 90 Off Road / Dot Dirt Tires / Dual Sport Tire",75.64,88.99,4.50,2,"Honda, Yamaha, KTM, Kawasaki, Suzuki, Husqvarna, GasGas","Honda CRF250R / CRF450R, Yamaha YZ250F / YZ450F, KTM 250 SX-F / 450 SX-F, Kawasaki KX250 / KX450, Suzuki RM-Z250 / RM-Z450, Husqvarna FC 250 / FC 450",1995 - 2025,"Kenda K772 Parker DT Tires","Casing/compound designed for the toughest desert terrain 6-ply rating offers 30% more cut resistance Natural rubber compound for extended tread wear and reduced knob chunking D.O.T. approved. Need your tire mounted? We’ve got you covered! Tire Mount Discount",https://www.cyclegear.com/_a/product_images/1523/0021/kenda_k772_parker_dt_tires.jpg,""
999712,P290539,"IRC Road Winner RX-02 Tires",irc-road-winner-rx-02-tires,Tires,IRC Tires,"Adventure / Dual Sport / Street / Sportbike","Sportbike Tire / Dot Tire",134.07,156.95,4.00,2,"BMW, KTM, Honda, Yamaha, Triumph, Suzuki, Ducati, Kawasaki, Husqvarna","BMW R1200GS / R1250GS / F850GS, KTM 1290 Super Adventure / 890 Adventure, Honda Africa Twin / CRF300L, Yamaha Ténéré 700, Triumph Tiger 900 / 1200, Suzuki V-Strom 650, Kawasaki KLR650",2000 - 2025,"IRC Road Winner RX-02 Tires The RX-01 is known as an all-around sport biasply tire and is a favorite of riders, especially on smaller displacement bikes. The RX-02 keeps the basic concept of the RX-01 and adds in a number of technical upgrades to increase handling from the rider's perspective. RX-02 wet performance is increased 10% where as rear tire anti-wear performance is improved 20% compared with RX-01. Notes : It is recommended to change your valve stem, tube and/or rim strip when installing a new tire. Shop Here! Need your tire mounted? We’ve got you covered! Tire Mount Discount","N/A",https://www.cyclegear.com/_a/product_images/0111/3314/irc_tires_tire_rx0270_h.jpg,""
1000028,P290802,"Bridgestone TW31 Trail Wing Front Tires",bridgestone-tw31-trail-wing-front-tires,Tires,Bridgestone,"Adventure / Dual Sport / Dirt Bike / Off-Road","Dual Road Bias Dot / 60 On Road 40 Off Road / 50 On Road 50 Off Road / Dot Dirt Tires",169.71,236.85,4.00,4,"Honda, Yamaha, KTM, Kawasaki, Suzuki, Husqvarna, GasGas","Honda CRF250R / CRF450R, Yamaha YZ250F / YZ450F, KTM 250 SX-F / 450 SX-F, Kawasaki KX250 / KX450, Suzuki RM-Z250 / RM-Z450, Husqvarna FC 250 / FC 450",1995 - 2025,"Bridgestone TW31 Trail Wing Front Tire","A 4-ply front/rear combination designed primarily for dual sport use Special dimpled tread pattern means many edges, which helps maximize traction Unique front/rear combination provides balanced highway and offroad performance 4-ply construction for long-wearing durability Self-cleaning tread blocks still give a traction edge for muddy and loose terrains DOT approved OE replacement for Yamaha TW200 Notes : It is recommended to change your valve stem, tube and/or rim strip when installing a new tire. Shop Here! Need your tire mounted? We’ve got you covered! Tire Mount Discount",https://www.cyclegear.com/_a/product_images/0111/6218/bridgestone_tw31_trail_wing_front_tires.jpg,""
10386922,P1087817,"Mitas Terra Force EF Super Soft Tires",mitas-terra-force-ef-super-soft-tires,Tires,Mitas,"Dirt Bike / Off-Road","20 On Road 80 Off Road / Dot Dirt Tires / Dot Tire / Soft Terrain",141.78,161.99,5.00,1,"Honda, Yamaha, KTM, Kawasaki, Suzuki, Husqvarna, GasGas","Honda CRF250R / CRF450R, Yamaha YZ250F / YZ450F, KTM 250 SX-F / 450 SX-F, Kawasaki KX250 / KX450, Suzuki RM-Z250 / RM-Z450, Husqvarna FC 250 / FC 450",1995 - 2025,"Mitas Terra Force EF Super Soft Tires The Mitas Terra Force EF Tires seamlessly merge the original Terra Force front carcass with a new tread pattern specifically crafted for soft and intermediate terrain. This innovative design has undergone thorough development and testing by elite hard enduro racers from around the world.","Tread designed for optimum performance in soft to intermediate conditions Competition tire, DOT legal for use on Enduro and Dual Sport Motorcycles 20% on-road / 80% off-road Tube Type Application Notes : It is recommended to change your valve stem, tube and/or rim strip when installing a new tire. Shop Here! Need your tire mounted? We’ve got you covered! Tire Mount Discount",https://www.cyclegear.com/_a/product_images/2209/1406/mitas_terra_force_ef_super_soft_tires.jpg,""
10386944,P1087821,"Mitas Terra Force MX SM Tires",mitas-terra-force-mx-sm-tires,Tires,Mitas,"Dirt Bike / Off-Road","Non Dot Tire / Soft Terrain / Intermediate Terrain / Dual Sport Tire",58.19,66.99,1.00,1,"Honda, Yamaha, KTM, Kawasaki, Suzuki, Husqvarna, GasGas","Honda CRF250R / CRF450R, Yamaha YZ250F / YZ450F, KTM 250 SX-F / 450 SX-F, Kawasaki KX250 / KX450, Suzuki RM-Z250 / RM-Z450, Husqvarna FC 250 / FC 450",1995 - 2025,"Mitas Terra Force MX SM Tires Derived directly from racing and extensive development in the renowned sands of the MXGP Motocross series, the Mitas Terra Force MX Tires stand as a testament to their performance pedigree.","Featuring a new carcass designed from testing and development in US Supercross Tread and profile designed for predictable handling in soft to medium terrain Compounds optimized for class leading durability and wear Sizing options for full size and Mini MX applications Additional front sizes for off-road, GP style racing Tube Type Application and Mitas Mousse fit optimized Notes : It is recommended to change your valve stem, tube and/or rim strip when installing a new tire. Shop Here! Need your tire mounted? We’ve got you covered! Tire Mount Discount",https://www.cyclegear.com/_a/product_images/2209/1321/mitas_terra_force_mxsm_tires.jpg,""
10006033,P875418,"Dunlop DT3-R Flat Track Tires",dunlop-dt3-r-flat-track-tires,Tires,Dunlop,"Cruiser / V-Twin / Street / Sportbike / Dirt Bike / Off-Road","Customcruisertouring Ra / Race Tire / Dot Dirt Tires / Supermoto Tire",148.71,192.95,3.00,4,"Harley-Davidson, Honda, Yamaha, Indian, Kawasaki, Suzuki, Victory","Harley (Sportster, Softail, Dyna, Street Glide, Road King, Fat Boy), Honda Shadow / VTX, Yamaha V-Star / Bolt, Indian Scout / Chief, Kawasaki Vulcan, Suzuki Boulevard",1990 - 2025,"Dunlop DT3-R Flat Track Tires Dunlop's DT3-R Tires are the benchmark when it comes to flat track racing for professionals and amateurs. Why not rip some slides to the finish line on the official tire of American Flat Track?","Classic and aggressive tread pattern looks great on street trackers, scramblers and vintage flat track bikes OEM tire for the Indian FTR1200 Official tire of American Flat Track Notes : It is recommended to change your valve stem, tube and/or rim strip when installing a new tire. Shop Here! Need your tire mounted? We’ve got you covered! Tire Mount Discount",https://www.cyclegear.com/_a/product_images/1472/7340/dunlop_dt3_r_tires.jpg,""
1813175,P849858,"Dunlop D604 Adventure Scooter Tires",dunlop-d604-adventure-scooter-tires,Tires,Dunlop,"Scooter","Scooter Bias / 80 On Road 20 Off Road / Scooter Tire / Dual Sport Tire",65.99,91.95,4.40,8,"Honda, Yamaha, KTM, Kawasaki, Suzuki, Husqvarna, GasGas","Honda CRF250R / CRF450R, Yamaha YZ250F / YZ450F, KTM 250 SX-F / 450 SX-F, Kawasaki KX250 / KX450, Suzuki RM-Z250 / RM-Z450, Husqvarna FC 250 / FC 450",1995 - 2025,"Dunlop D604 Adventure Scooter Tires The Dunlop D604 ADV Touring Tires are well suited for highways with the option to explore gravel roads and fire roads. The D604 ADV Touring Tire is designed to stay within budget without staying inside the lines.","80% on-road / 20% off-road Well suited for highways as well as gravel and fire roads DOT approved Notes : It is recommended to change your valve stem, tube and/or rim strip when installing a new tire. Shop Here! Need your tire mounted? We’ve got you covered! Tire Mount Discount",https://www.cyclegear.com/_a/product_images/1414/2560/dunlop_tire_d604_tires.jpg,""
10566837,P1174720,"Metzeler Sportec 01 Tires",metzeler-sportec-01-tires,Tires,Metzeler,"Street / Sportbike","Dot Tire / Multi Compound Tire / Sportbike Tire",164.35,216.73,0.00,0,"Honda, Yamaha, Kawasaki, Suzuki, BMW, Ducati, Triumph, Aprilia","Honda CBR600RR / CBR1000RR, Yamaha YZF-R6 / YZF-R1 / MT-07 / MT-09, Kawasaki Ninja 650 / ZX-6R / ZX-10R, Suzuki GSX-R600 / GSX-R1000, BMW S1000RR, Ducati Monster / Panigale",1998 - 2025,"Metzeler Sportec 01 Tires Building upon its predecessor, the M9 tire, the Metzeler Sportec 01 stands as the apex of Metzeler's supersport tires designed for spirited street riding regardless of weather conditions. Equipped with Dynatread™ technology, the Sportec 01's adaptive tread design enables its sipes to adjust and conform. During high speed riding, the sipes contract to maximize rubber contact with the pavement. Conversely, under lighter loads or at slower speeds, such as in wet conditions or urban traffic, the grooves effectively disperse water to maintain traction. Hence, the Sportec 01 excels in both dry and rainy climates, offering you a dependable tire for daily commutes or exhilarating weekend jaunts.","Precise and responsive steering for accurate line holding and a strong front-end feel Developed to perform on wet roads with supersport-level feeling High-contrast sidewall design that elevates the tires character Features Dynatread™, the adaptive tread design technology Patented distinctive supersport tread design Notes : It is recommended to change your valve stem, tube and/or rim strip when installing a new tire. Shop Here! Need your tire mounted? We’ve got you covered! Tire Mount Discount",https://www.cyclegear.com/_a/product_images/2542/9496/metzeler_sportec01_tires.jpg,""
454117,P126176,"Pirelli Scorpion MX32 Mid Soft Tires",pirelli-scorpion-mx32-mid-soft-tires-1,Tires,Pirelli,"Dirt Bike / Off-Road","Dirt Bike Tire / Intermediate Terrain / Soft Terrain / Non Dot Tire",49.30,59.23,4.90,7,"Honda, Yamaha, KTM, Kawasaki, Suzuki, Husqvarna, GasGas","Honda CRF250R / CRF450R, Yamaha YZ250F / YZ450F, KTM 250 SX-F / 450 SX-F, Kawasaki KX250 / KX450, Suzuki RM-Z250 / RM-Z450, Husqvarna FC 250 / FC 450",1995 - 2025,"Pirelli Scorpion MX32 Mid-Soft Tires","Performance tire with excellent durability Directional front design offers maximum braking performance Mid shoulder lugs for better traction Offers maximum steering precision, especially on softer terrain Excellent grip and predictability Rear provides superior straightline traction on a wide range of terrain Excellent durability, with long knob life MXMS front tire based upon feedback and development from Stephan Everts and Mickael Pichon to win the MX1 World Championship Available in a Stadium variant with an updated compound optimized for Supercross race conditions Tube Type (TT) Need your tire mounted? We’ve got you covered! Tire Mount Discount",https://www.cyclegear.com/_a/product_images/2450/2353/pirelli_scorpion_mx32_mid_soft_tires.jpg,""
1311559,P415430,"Dunlop K180 Flat Track Tires",dunlop-k180-flat-track-tires,Tires,Dunlop,"Cruiser / V-Twin / Street / Sportbike / Adventure / Dual Sport / Dirt Bike / Off-Road","Scooter Bias / Off Highway Non Dot Inc / Customcruisertouring Bi / 80 On Road 20 Off Road",53.99,74.95,4.90,14,"Harley-Davidson, Honda, Yamaha, Indian, Kawasaki, Suzuki, Victory","Harley (Sportster, Softail, Dyna, Street Glide, Road King, Fat Boy), Honda Shadow / VTX, Yamaha V-Star / Bolt, Indian Scout / Chief, Kawasaki Vulcan, Suzuki Boulevard",1990 - 2025,"Dunlop K180 Tires The Dunlop K180 Tire is DOT approved with a tread pattern perfect for street trackers, scramblers and vintage flat track bikes. Flat track bikes typically have a 19"" wheel and tire size and the multiple size options of the K180 Tires avoid the need for a wheel swap","Classic and aggressive tread pattern P rated for speeds up to 93mph OEM tire for the Suzuki VanVan 200 Fits the Yamaha TW200 DOT approved Notes : It is recommended to change your valve stem, tube and/or rim strip when installing a new tire. Shop Here! Need your tire mounted? We’ve got you covered! Tire Mount Discount",https://www.cyclegear.com/_a/product_images/1412/7692/dunlop_k180_af.jpg,""
1104919,P209954,"Shinko 270 Super Classic White Wall Tires",shinko-270-super-classic-white-wall-tires,Tires,Shinko Tires,"Cruiser / V-Twin","Cruiser Tire / Harley Tire / Whitewall Tire / Vintage Tire",128.31,150.95,4.80,10,"Harley-Davidson","Harley Sportster / Harley Fxfxr / Harley Street / Harley Touring / Harley V Rod / Harley Softail / Harley Dyna / Harley Dyna Fat Bo / Harley Dyna Street / Harley Dyna Super / Harley Dyna Switch / Harley Softail Del / Harley Softail Deu / Harley Softail Fat / Harley Softail Her / Harley Softail Nig / Harley Sportster 1 / Harley Sportster 8 / Harley Sportster I / Harley Touring Ele / Harley Touring Roa / Harley Touring Str",1990 - 2025,"Shinko 270 Super Classic Whitewall Tire The Super Classic features a sawtooth design blended with modern construction and modern performance.","Full 4 ply rated nylon carcass for extended wear with a classic appearance Tube type Notes : It is recommended to change your valve stem, tube and/or rim strip when installing a new tire. Shop Here! Need your tire mounted? We’ve got you covered! Tire Mount Discount",https://www.cyclegear.com/_a/product_images/0048/3799/shinko270_super_classic_white_wall_tire.jpg,""
1152591,P347314,"Shinko SR 550 White Wall Scooter Tires",shinko-sr-550-white-wall-scooter-tires,Tires,Shinko Tires,"Scooter","Scooter Tire / Whitewall Tire / Dot Tire",55.21,64.95,4.50,13,"Honda, Yamaha, Vespa, Suzuki, Piaggio, Kymco","Honda PCX150 / Ruckus, Yamaha Zuma / XMAX, Vespa Primavera / GTS 300, Suzuki Burgman 400",2005 - 2025,"Shinko SR 550 White Wall Scooter Tires The SR 550 from Shinko is a white wall scooter tire in vintage sizes and tread patterns.","Durable 4 ply construction DOT approved J speed rating (62 mph) Whitewall only Notes : It is recommended to change your valve stem, tube and/or rim strip when installing a new tire. Shop Here!",https://www.cyclegear.com/_a/product_images/1359/4414/shinko_sr550_white_wall_scooter_tires.jpg,""
10321036,P1054907,"Motoz Xtreme Hybrid Tires",motoz-xtreme-hybrid-tires,Tires,Motoz,"Dirt Bike / Off-Road","20 On Road 80 Off Road / 10 On Road 90 Off Road / Dot Dirt Tires / Dot Tire",140.99,0.00,0.00,0,"Honda, Yamaha, KTM, Kawasaki, Suzuki, Husqvarna, GasGas","Honda CRF250R / CRF450R, Yamaha YZ250F / YZ450F, KTM 250 SX-F / 450 SX-F, Kawasaki KX250 / KX450, Suzuki RM-Z250 / RM-Z450, Husqvarna FC 250 / FC 450",1995 - 2025,"Motoz Xtreme Hybrid Tires For a technical single-track tire that can handle soft and slick conditions, look no further. The Xtreme Hybrid features the Motoz Hybrid design, giving you a mix of moto and trials performance in a DOT approved package.","15% on-road / 85% off-road Intermediate / soft terrain tread pattern Hybrid natural / synthetic rubber compound Reinforced sidewalls to allow for lower inflation pressure Flexible tread Concave and Lock system for increased traction Tread blocks with deep sipes for extra trials-like grip Reversible rear tread design DOT approved Tube type Notes : It is recommended to change your valve stem, tube and/or rim strip when installing a new tire. Shop Here! Need your tire mounted? We’ve got you covered! Tire Mount Discount",https://www.cyclegear.com/_a/product_images/2084/5508/motoz_xtreme_hybrid_tires.jpg,""
10222990,P998038,"Bridgestone Exedra G701 / G702 Tires",bridgestone-exedra-g701-g702-tires,Tires,Bridgestone,"Cruiser / V-Twin / Adventure / Dual Sport","Customcruisertouring Bi / Dot Tire / Cruiser Tire",253.70,0.00,4.70,3,"Harley-Davidson, Honda, Yamaha, Indian, Kawasaki, Suzuki, Victory","Harley (Sportster, Softail, Dyna, Street Glide, Road King, Fat Boy), Honda Shadow / VTX, Yamaha V-Star / Bolt, Indian Scout / Chief, Kawasaki Vulcan, Suzuki Boulevard",1990 - 2025,"Bridgestone Exedra G701 / G702 Tires","The Exedra G series provides long mileage, good stability, crisp handling and riding comfort Whitewall is approximately 1-1/4″ Notes : It is recommended to change your valve stem, tube and/or rim strip when installing a new tire. Shop Here! Need your tire mounted? We’ve got you covered! Tire Mount Discount",https://www.cyclegear.com/_a/product_images/2019/8680/bridgestone_exedra_g701_g702_tires.jpg,""
1815372,P851564,"Pirelli MX32 Mid Hard Tires",pirelli-mx32-mid-hard-tires,Tires,Pirelli,"Dirt Bike / Off-Road","Dirt Bike Tire / Hard Terrain / Intermediate Terrain / Non Dot Tire",65.62,82.19,4.00,1,"Honda, Yamaha, KTM, Kawasaki, Suzuki, Husqvarna, GasGas","Honda CRF250R / CRF450R, Yamaha YZ250F / YZ450F, KTM 250 SX-F / 450 SX-F, Kawasaki KX250 / KX450, Suzuki RM-Z250 / RM-Z450, Husqvarna FC 250 / FC 450",1995 - 2025,"Pirelli MX32 Mid Hard Terrain Tires The Pirelli Scorpion MX32 are high performance tires designed for excellent durability and performance in medium to hard terrain.","Engineered to provide outstanding performance for professional riders in World FIM Motocross, AMA Motocross and Supercross championships Provides a high-level of dynamic performance by maximizing cornering grip and traction while providing remarkable durability and resistance against cuts and tearing Front tri-ply carcass creates a strong and stiff structure that reduces deformities and rollover Rear tri-ply carcass, less flexible sidewalls, increased knob strength and a larger contact patch, improves traction in whoops and on square-edged bumps Dense knob layout provides a large and stable contact patch for improved cornering grip, traction and stability Rear tire features a reversible tread pattern to prolong tire life and consistency Robust compound promotes the transfer of power to the ground and prevents overheating Replaces the MX32 Pro Blackwall Available in a Stadium variant with an updated compound optimized for Supercross race conditions Tube type (TT) Need your tire mounted? We’ve got you covered! Tire Mount Discount",https://www.cyclegear.com/_a/product_images/1418/4340/pirelli_mx32_mid_hard_tires.jpg,""
1067162,P315700,"Michelin StarCross 5 Medium Terrain Tires",michelin-starcross-5-medium-terrain-tires,Tires,Michelin Tires,"Dirt Bike / Off-Road","Off Highway Non Dot Inc / Intermediate Terrain / Dirt Bike Tire / Non Dot Tire",64.99,79.99,4.50,8,"Honda, Yamaha, KTM, Kawasaki, Suzuki, Husqvarna, GasGas","Honda CRF250R / CRF450R, Yamaha YZ250F / YZ450F, KTM 250 SX-F / 450 SX-F, Kawasaki KX250 / KX450, Suzuki RM-Z250 / RM-Z450, Husqvarna FC 250 / FC 450",1995 - 2025,"Michelin StarCross 5 Medium Terrain Tires The Michelin StarCross 5 tires were designed using feedback from riders of all levels, from amateurs to world champions, often riding in extreme conditions, who shared their experiences in the field with Michelin Motorsports and Michelin’s world-class research and development team.The Michelin StarCross 5 range breaks new ground for Michelin in the world of Off-Road/Motocross tires. Compared to its predecessors (Michelin StarCross 3/4), the Michelin StarCross 5 line is based on a new casing design that delivers several significant performance improvements. The new casing design incorporates stronger, higher density materials that reduce weight up to 15 percent without compromising strength or durability. The casing construction also features Michelin’s all-new Comfort Casing Technology (CCT), which provides exceptional shock absorption that reduces rider fatigue.","Experienced motocross rider or occasional rider riding motocross for fun, StarCross 5 is the high-performance motocross tire designed to allow you to face any terrain Tested and approved by riders from pros to occasional motocross rider Designed to give the ultimate performance Adapted to each type of terrain, bike and use Larger size range for a wider scope of usage including new sizes designed for cross-country Blackwall Need your tire mounted? We’ve got you covered! Tire Mount Discount",https://www.cyclegear.com/_a/product_images/1417/4626/michelin_star_cross_mini_tires.jpg,""
158820,P43291,"IRC Trial Winner TR-011 Tires",irc-trial-winner-tr-011-tires,Tires,IRC Tires,"Dirt Bike / Off-Road","Dirt Bike Tire / Trials Tire / Non Dot Tire",112.76,140.95,4.80,4,"Honda, Yamaha, KTM, Kawasaki, Suzuki, Husqvarna, GasGas","Honda CRF250R / CRF450R, Yamaha YZ250F / YZ450F, KTM 250 SX-F / 450 SX-F, Kawasaki KX250 / KX450, Suzuki RM-Z250 / RM-Z450, Husqvarna FC 250 / FC 450",1995 - 2025,"IRC TR-011 Trial Winner Tires Features Developed for street use without sacrificing any trials performance Features a dual rubber compound Sidewalls have a harder compound for strength Center tread is softer to give you maximum grip Tube Type Need your tire mounted? We’ve got you covered! Tire Mount Discount","N/A",https://www.cyclegear.com/_a/product_images/0001/4183/irctr11_tires_rear.jpg,""
1083304,P323962,"Pirelli Scorpion XC MH Hard-Intermediate Terrain Tires",pirelli-scorpion-xc-mh-hard-intermediate-terrain-tires,Tires,Pirelli,"Dirt Bike / Off-Road","Off Highway Non Dot Inc / 10 On Road 90 Off Road / Dot Dirt Tires / Dual Sport Tire",113.24,148.61,4.80,6,"Honda, Yamaha, KTM, Kawasaki, Suzuki, Husqvarna, GasGas","Honda CRF250R / CRF450R, Yamaha YZ250F / YZ450F, KTM 250 SX-F / 450 SX-F, Kawasaki KX250 / KX450, Suzuki RM-Z250 / RM-Z450, Husqvarna FC 250 / FC 450",1995 - 2025,"Pirelli Scorpion XC MH Hard-Intermediate Terrain Tires The Pirelli Scorpion XC Tires are constructed with a polyester carcass for a durable and light weight construction. Designed with an aggressive tread pattern on the front tire for optimized steering and on the rear tire for superior traction.","Medium / hard terrain R and M speed-rated Note: Due to a rolling change in production, some sizes are no longer DOT approved. DOT approved sizes will have M/C noted in the size . Offroad only sizes will have NHS noted in the size. Notes : It is recommended to change your valve stem, tube and/or rim strip when installing a new tire. Shop Here! Need your tire mounted? We’ve got you covered! Tire Mount Discount",https://www.cyclegear.com/_a/product_images/0166/7833/pirelli_scorpion_xcmh_tires.jpg,""
1647013,P722977,"Continental Road Attack 3 CR Tires",continental-road-attack-3-cr-tires,Tires,Continental Tire,"Street / Sportbike","Sport Touring Radial Do / Sportbike Tire / Multi Compound Tire / Dot Tire",220.93,338.45,5.00,2,"Honda, Yamaha, BMW, Kawasaki, Suzuki, Triumph, Harley-Davidson","Honda Goldwing / VFR800, Yamaha FJR1300 / Tracer 9 GT, BMW R1250RT / K1600GT, Kawasaki Concours 14 / Ninja 1000SX, Suzuki GSX-S1000GT, Harley Electra Glide",2000 - 2025,"Continental Road Attack 3 Tires","Optimized for classic sportbikes with narrow rims Performance oriented pattern design for better drainage in wet conditions Wet grip optimized compound TractionSkin mold release-free manufacturing virtually puts an end to tire break-in MultiGrip temperature controlled curing of the tire during the production process creates harder center and softer, grippier sides Eligible for Continental's free 3 year roadside warranty Need your tire mounted? We’ve got you covered! Tire Mount Discount",https://www.cyclegear.com/_a/product_images/1018/6295/continental_road_attack3_cr_tires.jpg,""
1790997,P836178,"Michelin Enduro Xtrem Rear Tires",michelin-enduro-xtrem-rear-tires,Tires,Michelin Tires,"Dirt Bike / Off-Road","Dirt Bike Tire / Hard Terrain / Non Dot Tire",215.96,249.99,0.00,0,"Honda, Yamaha, KTM, Kawasaki, Suzuki, Husqvarna, GasGas","Honda CRF250R / CRF450R, Yamaha YZ250F / YZ450F, KTM 250 SX-F / 450 SX-F, Kawasaki KX250 / KX450, Suzuki RM-Z250 / RM-Z450, Husqvarna FC 250 / FC 450",1995 - 2025,"Michelin Enduro Xtrem Rear Tires Outstanding performance on a wide range of challenging surfaces. Extremely pliable tread rubber compound that is derived from the legendary MICHELIN Trials tires. Features Winner of 2019 Red Bull Erzberg Rodeo, top five sweep at Hixpania Hard Enduro, and American Hard Enduro Need your tire mounted? We’ve got you covered! Tire Mount Discount","N/A",https://www.cyclegear.com/_a/product_images/1380/6119/michelin_tires_enduro_xtrem14080_mc70_mrtt.jpg,""
10223003,P998044,"Bridgestone Battlecross E50 Tires",bridgestone-battlecross-e50-tires,Tires,Bridgestone,"Dirt Bike / Off-Road","Off Highway Non Dot Inc / Dual Onoff Dot / 20 On Road 80 Off Road / 10 On Road 90 Off Road",121.40,169.99,5.00,1,"Honda, Yamaha, KTM, Kawasaki, Suzuki, Husqvarna, GasGas","Honda CRF250R / CRF450R, Yamaha YZ250F / YZ450F, KTM 250 SX-F / 450 SX-F, Kawasaki KX250 / KX450, Suzuki RM-Z250 / RM-Z450, Husqvarna FC 250 / FC 450",1995 - 2025,"Bridgestone Battlecross E50 Tires","Tread pattern guarantees high performance off-road Increased cornering grip Increased traction Upgraded mounting/rim fitting ease Flexible performance over versatile terrains DOT approved Need your tire mounted? We’ve got you covered! Tire Mount Discount",https://www.cyclegear.com/_a/product_images/1982/5141/bridgestone_battlecross_e50_tires.jpg,""
158130,P42920,"Bridgestone Hoop Tires",bridgestone-hoop-tires,Tires,Bridgestone,"Scooter / Cruiser / V-Twin","Scooter Radial / Scooter Bias / Scooter Tire / Dot Tire",53.74,74.99,4.40,7,"Harley-Davidson, Honda, Yamaha, Indian, Kawasaki, Suzuki, Victory","Harley (Sportster, Softail, Dyna, Street Glide, Road King, Fat Boy), Honda Shadow / VTX, Yamaha V-Star / Bolt, Indian Scout / Chief, Kawasaki Vulcan, Suzuki Boulevard",1990 - 2025,"Bridgestone Hoop Tires","High-quality replacement tires Replacement applications can be used front or rear Notes : It is recommended to change your valve stem, tube and/or rim strip when installing a new tire. Shop Here!",https://www.cyclegear.com/_a/product_images/2072/8766/bridgestone_hoop_tires.jpg,""
1325957,P422004,"Shinko Reactor II Drag Slick",shinko-reactor-ii-drag-slick,Tires,Shinko Tires,"Cruiser / V-Twin / Street / Sportbike","Non Dot Tire / Race Tire",216.71,254.95,0.00,0,"Harley-Davidson, Honda, Yamaha, Indian, Kawasaki, Suzuki, Victory","Harley (Sportster, Softail, Dyna, Street Glide, Road King, Fat Boy), Honda Shadow / VTX, Yamaha V-Star / Bolt, Indian Scout / Chief, Kawasaki Vulcan, Suzuki Boulevard",1990 - 2025,"Shinko Reactor 2 Drag Slick Experience the rush of acceleration with the Shinko Reactor 2, a wrinkle wall drag slick that's meticulously crafted for the drag strip. Shinko Reactor 2 provides an exceptional traction advantage, thanks to its sticky tread compound that's laser-focused on maximum hook-up to shave precious tenths off your elapsed time. Designed to accommodate the majority of sport bike rear wheels, Shinko Reactor 2 delivers a sizable contact patch to ensure you're at the forefront when it's time to launch.","Wrinkle wall construction for massive off-the-line traction Specialized tread compound designed for maximum grip 26” x 7” x 17” size fits most common sport bike rear wheels Approximate equivalent size: 180/65-17 Recommended rim width 5-1/2” to 7-1/2” NHS (Not for Highway Service) Track use only Note: Non-DOT tire designed for closed-course drag racing only.",https://www.cyclegear.com/_a/product_images/2580/0311/shinko_reactor_ii_drag_slick.jpg,""
10454386,P993284,"Continental ContiScoot Scooter Tires",continental-contiscoot-scooter-tires,Tires,Continental Tire,"Scooter","Scooter Bias / Scooter Tire / Dot Tire",50.21,75.95,5.00,4,"Honda, Yamaha, Vespa, Suzuki, Piaggio, Kymco","Honda PCX150 / Ruckus, Yamaha Zuma / XMAX, Vespa Primavera / GTS 300, Suzuki Burgman 400",2005 - 2025,"Continental Conti Scoot Scooter Tires","Excellent wet grip with drainage and wet-optimized compound Short braking distance with maximum grip and safety on dry and wet surfaces Easy handling in city traffic Highest comfort even on rocky surfaces High mileage with uniform wear which provides a high performance over the lifetime of the tire Available in ""Reinforced"" for heavyweight touring bikes, two-up riding, or when required by OEM specifications Need your tire mounted? We’ve got you covered! Tire Mount Discount",https://www.cyclegear.com/_a/product_images/1960/2838/continental_tire_contiscoot_motorcycle_tire.jpg,""
10035728,P893263,"Duro HF243 Tires",duro-hf243-tires,Tires,N/A,"Utvatv","Soft Terrain / Utv Atv Tire",101.96,123.95,5.00,1,"Honda, Yamaha, KTM, Kawasaki, Suzuki, Husqvarna, GasGas","Honda CRF250R / CRF450R, Yamaha YZ250F / YZ450F, KTM 250 SX-F / 450 SX-F, Kawasaki KX250 / KX450, Suzuki RM-Z250 / RM-Z450, Husqvarna FC 250 / FC 450",1995 - 2025,"Duro HF243 Tires The Duro HF243 Tires are a popular tread design that's great for swamp touring and running up the dunes. Rugged construction resists punctures. The HF243 is also a great snow tire.","Ideal performance in swampy mud, sand and snow Open paddle and knob pattern digs deep and prevents packing 2 to 4 ply construction (depending on size) For off highway use only",https://www.cyclegear.com/_a/product_images/1518/6175/duro_hf243_tires.jpg,""
950839,P267448,"Bridgestone TW101 / TW152 Trail Wing Tires",bridgestone-tw101-tw152-trail-wing-tires,Tires,Bridgestone,"Adventure / Dual Sport / Street / Sportbike / Cruiser / V-Twin","Dual Road Radial Dot / 80 On Road 20 Off Road / Dual Sport Tire / Dot Tire",189.55,211.47,3.90,10,"Harley-Davidson, Honda, Yamaha, Indian, Kawasaki, Suzuki, Victory","Harley (Sportster, Softail, Dyna, Street Glide, Road King, Fat Boy), Honda Shadow / VTX, Yamaha V-Star / Bolt, Indian Scout / Chief, Kawasaki Vulcan, Suzuki Boulevard",1990 - 2025,"Bridgestone TW101 / TW152 Trail Wing Tires","Four-ply front/rear combination designed for dual-sport use Special dimpled tread pattern means many edges to maximize traction Long-wearing durability Self-cleaning tread blocks give a traction edge for muddy and loose terrain DOT approved OEM Application: Type A - BMW F650 1997-2007 Type E - Suzuki V-Strom DL650 2014 Type F - Yamaha SCR950 2017 Notes : It is recommended to change your valve stem, tube and/or rim strip when installing a new tire. Shop Here! Need your tire mounted? We’ve got you covered! Tire Mount Discount",https://www.cyclegear.com/_a/product_images/0275/3084/bridgestone_tw101_e_bolt_sk_unotfoundin_tr.jpg,""
999991,P290796,"Bridgestone BattleCross X30 Tires",bridgestone-battlecross-x30-tires,Tires,Bridgestone,"Dirt Bike / Off-Road","Off Highway Non Dot Inc / Dirt Bike Tire / Intermediate Terrain / Soft Terrain",65.26,91.08,5.00,4,"Honda, Yamaha, KTM, Kawasaki, Suzuki, Husqvarna, GasGas","Honda CRF250R / CRF450R, Yamaha YZ250F / YZ450F, KTM 250 SX-F / 450 SX-F, Kawasaki KX250 / KX450, Suzuki RM-Z250 / RM-Z450, Husqvarna FC 250 / FC 450",1995 - 2025,"Bridgestone BattleCross X30 Intermediate Terrain Tires The Bridgestone Battle Cross X30 Tires provide solid acceleration, traction, durability, and cornering performance in intermediate terrain.","Designed for intermediate terrain Developed and proven at the highest level of MX competition Optimized profile for greater stability when braking and cornering Need your tire mounted? We’ve got you covered! Tire Mount Discount",https://www.cyclegear.com/_a/product_images/0111/5050/bridgestone_battle_cross_x30_intermediate_terrain_tires.jpg,""
10010457,P896289,"Quad Boss QBT447 Utility Tires",quad-boss-qbt447-utility-tires,Tires,Quad Boss,"Utvatv","Intermediate Terrain / Utv Atv Tire",96.99,0.00,0.00,0,"Can-Am, Polaris, Honda, Yamaha, Kawasaki, Arctic Cat","Can-Am Spyder / Ryker / Maverick, Polaris RZR / Ranger, Honda Pioneer / Foreman, Yamaha Grizzly",2008 - 2025,"Quad Boss QBT447 Utility Tires The Quad Boss 447 Utility Tires serve a wide range of rolls from utility running to intermediate-duty off-roading. Designed for optimal performance on intermediate-to-loose terrain, this tire's staggered center tread pattern keeps you moving mile after mile.","Directional all-terrain utility tread pattern Tough 6 ply bias construction 3/4"" tread depth Wraparound shoulder lugs give extra sidewall protection and excellent cornering bite Directional tread pattern excels in loose-to-intermediate terrains Sculptured lugs provide additional traction For off highway use only",https://www.cyclegear.com/_a/product_images/1524/9655/quad_boss_qbt447_utility_tires.jpg,""
158857,P43301,"IRC iX-05H Tires",irc-ix-05h-tires,Tires,IRC Tires,"Dirt Bike / Off-Road","Dirt Bike Tire / Hard Terrain / Intermediate Terrain / Non Dot Tire",59.96,78.95,5.00,2,"Honda, Yamaha, KTM, Kawasaki, Suzuki, Husqvarna, GasGas","Honda CRF250R / CRF450R, Yamaha YZ250F / YZ450F, KTM 250 SX-F / 450 SX-F, Kawasaki KX250 / KX450, Suzuki RM-Z250 / RM-Z450, Husqvarna FC 250 / FC 450",1995 - 2025,"IRC iX-05H Tires The IX-05G tires from IRC are a light-weight motocross tire developed with IRC's racing and off-road experience in mind. Their race-proven tread design paired with Mono-Flex tire technology provides excellent performance on hard to intermediate terrain.","Race-proven tread design Light-weight motocross tire Designed for hard to intermediate terrain Tube type Need your tire mounted? We’ve got you covered! Tire Mount Discount",https://www.cyclegear.com/_a/product_images/0001/4274/irc_ix05h_intermediate_to_hard_terrain_front.jpg,""
454555,P126355,"Metzeler Lasertec Bias Sport Touring Tires",metzeler-lasertec-bias-sport-touring-tires,Tires,Metzeler,"Adventure / Dual Sport / Cruiser / V-Twin","Sport Touring Bias Dot / Touring Tire / Dot Tire",132.77,162.95,4.90,42,"Harley-Davidson, Honda, Yamaha, Indian, Kawasaki, Suzuki, Victory","Touring",1990 - 2025,"Metzeler Lasertec Bias Sport Touring Tires","Proven tread patterns for all-weather riding Tread pattern design provides excellent water drainage that reduces hydroplaning, enhancing wet performance for safe riding in all weather conditions New compounds ensure higher braking performance on both wet and dry surfaces Classic tread pattern is designed to prevent irregular wear and cupping Multi-Radius Contour Design is tuned specifically for the bias-tire touring segment and provides radial-type handling High silica content of the new compounds helps provide outstanding grip in all weather conditions and reduces rolling resistance to improve mileage H-rated for speeds up to 130 mph V-rated for speeds up to 149 mph Notes : 140/80VB17 69V TL MG is specifically for Moto Guzzi models. Notes : It is recommended to change your valve stem, tube and/or rim strip when installing a new tire. Shop Here! Need your tire mounted? We’ve got you covered! Tire Mount Discount",https://www.cyclegear.com/_a/product_images/0013/7997/Metzeler_Lasertec_Bias_Sport_Touring_Front_Tire.jpg,""
10033555,P892207,"Kenda K572 Road Go Tires",kenda-k572-road-go-tires,Tires,N/A,"Utvatv","Hard Terrain / Utv Atv Tire",95.40,105.99,0.00,0,"Can-Am, Polaris, Honda, Yamaha, Kawasaki, Arctic Cat","Can-Am Spyder / Ryker / Maverick, Polaris RZR / Ranger, Honda Pioneer / Foreman, Yamaha Grizzly",2008 - 2025,"Kenda K572 Road Go Tires The Road Go Tires from Kenda are designed for hard surface applications. The low void ratio means a lot of rubber reaches the road for high G acceleration, braking and handling. The Road Go is even E-marked for on-road use in Europe. You bring the air. The Road Go Tires bring the boogie.","Designed for harder surfaces Excels in wet weather 4 ply bias construction Low void tread pattern for reduced road noise and improved traction Low rolling resistance Quiet and supple ride Not DOT approved For off highway use only",https://www.cyclegear.com/_a/product_images/1514/8939/kenda_k572_road_go_tires.jpg,""
1325961,P422007,"Shinko 216 SX Ultra Soft Rear Tires",shinko-216-sx-ultra-soft-rear-tires,Tires,Shinko Tires,"Dirt Bike / Off-Road","10 On Road 90 Off Road / Dot Dirt Tires / Dual Sport Tire / Dirt Bike Tire",131.71,154.95,0.00,0,"Honda, Yamaha, KTM, Kawasaki, Suzuki, Husqvarna, GasGas","Honda CRF250R / CRF450R, Yamaha YZ250F / YZ450F, KTM 250 SX-F / 450 SX-F, Kawasaki KX250 / KX450, Suzuki RM-Z250 / RM-Z450, Husqvarna FC 250 / FC 450",1995 - 2025,"Shinko 216 SX Ultra Soft Rear Tires The Shinko 216 SX Ultra Soft Tires are a DOT-approved off-road tire with a soft compound formula designed to dominate.","Split tread pattern expels packed dirt from tread blocks Lightweight, flexible, durable carcass FIM approved 13mm lug height DOT approved Rear fitments Need your tire mounted? We’ve got you covered! Tire Mount Discount",https://www.cyclegear.com/_a/product_images/1359/1492/shinko216_sx_ultra_soft_rear_tires.jpg,""
10042574,P416075,"Kenda K774 Ibex Tires",kenda-k774-ibex-tires,Tires,N/A,"Dirt Bike / Off-Road","Hard Terrain / Intermediate Terrain / Soft Terrain / Dirt Bike Tire",62.37,68.99,5.00,1,"Honda, Yamaha, KTM, Kawasaki, Suzuki, Husqvarna, GasGas","Honda CRF250R / CRF450R, Yamaha YZ250F / YZ450F, KTM 250 SX-F / 450 SX-F, Kawasaki KX250 / KX450, Suzuki RM-Z250 / RM-Z450, Husqvarna FC 250 / FC 450",1995 - 2025,"Need your tire mounted? We’ve got you covered! Tire Mount Discount","N/A",https://www.cyclegear.com/_a/product_images/1523/0293/kenda_k774_ibex_tires.jpg,""
1791006,P836181,"Michelin StarCross 5 Mini Tires",michelin-starcross-5-mini-tires,Tires,Michelin Tires,"Dirt Bike / Off-Road","Off Highway Non Dot Inc / Dirt Bike Tire / Hard Terrain / Intermediate Terrain",44.99,52.99,5.00,2,"Honda, Yamaha, KTM, Kawasaki, Suzuki, Husqvarna, GasGas","Honda CRF250R / CRF450R, Yamaha YZ250F / YZ450F, KTM 250 SX-F / 450 SX-F, Kawasaki KX250 / KX450, Suzuki RM-Z250 / RM-Z450, Husqvarna FC 250 / FC 450",1995 - 2025,"Michelin Star Cross 5 Mini Tires Michelin brings the performance of the StarCross 5 tire to world of 10-, 12- and 14-inch wheeled machines. Suited best to hard soil or mixed conditions, the StarCross 5 Mini Tires are a solid match to a very broad range of terrain. The StarCross 5 Mini Tires provide grip and feel to riders on trails and MX tracks alike. Staggered intermediate tread blocks create communicative handling and traction at all degrees of lean angle on your 110 or minimoto.","Mini sizing now available: 10"", 12"" and 14"" Compound and tread are suited to mixed or consistently harder riding surfaces Supreme grip and feel at all lean angles Need your tire mounted? We’ve got you covered! Tire Mount Discount",https://www.cyclegear.com/_a/product_images/1380/5975/michelin_star_cross_mini_tires.jpg,""
10032679,P891846,"Maxxis Bighorn 2.0 Tires",maxxis-bighorn-20-tires,Tires,Maxxis Tires,"Utvatv","Utv Atv Tire / Hard Terrain",201.40,212.00,0.00,0,"Can-Am, Polaris, Honda, Yamaha, Kawasaki, Arctic Cat","Can-Am Spyder / Ryker / Maverick, Polaris RZR / Ranger, Honda Pioneer / Foreman, Yamaha Grizzly",2008 - 2025,"Maxxis Bighorn 2.0 Tires The Bighorn 2.0 tires from Maxxis pack all the style and traction. The Bighorn 2.0 Tires keep the tread pattern of the original Bighorn while slimmer lugs reduce mass. Radial construction provides better shock absorption, allowing for a smoother ride. The non-directional pattern provides predictable cornering and claws over roots and rocks for optimum climbing confidence. The Bighorn 2.0 boasts a 6-ply rating (unless noted), offering the durability that UTV fans have grown to respect from the Bighorn Tires.","Durable 6 ply construction (unless noted) Radial design offers a significantly smoother ride over rough trails Designed for hard-pack, intermediate, soft terrain and sandy applications Excels in mud and sand Select sizes available in 4 ply For off highway use only",https://www.cyclegear.com/_a/product_images/1514/1612/maxxis_bighorn20_tires.jpg,""
10506507,P1147524,"Plews Tyres MX1 Hawkstone GP Rear Soft Tires",plews-tyres-mx1-hawkstone-gp-rear-soft-tires,Tires,Plews Tyres,"Dirt Bike / Off-Road","Soft Terrain / Non Dot Tire / Dirt Bike Tire",61.10,64.99,5.00,1,"Honda, Yamaha, KTM, Kawasaki, Suzuki, Husqvarna, GasGas","Honda CRF250R / CRF450R, Yamaha YZ250F / YZ450F, KTM 250 SX-F / 450 SX-F, Kawasaki KX250 / KX450, Suzuki RM-Z250 / RM-Z450, Husqvarna FC 250 / FC 450",1995 - 2025,"Plews Tyres MX1 Hawkstone GP Rear Soft Tires The MX1 Hawkstone GP tire is engineered to excel in the most challenging sand and mud environments. Its lightweight construction ensures unmatched agility while the aggressive tread pattern delivers powerful traction in soft terrain. Developed with input from leading chemists, its advanced rubber compound strikes an optimal balance between durability and grip. This tire features enhanced shoulder support and a specialized polyester carcass to offer remarkable lateral stability during challenging off-cambers, deep ruts, and on jump faces. Ideal for competitive racers seeking an edge in loose conditions, the MX1 Hawkstone GP is built for victory and competitively priced to support the racing community.","Optimized for sand and mud terrain performance Lightweight construction enhances agility and speed Sharp, aggressive tread for superior grip in deep conditions Increased block height for maximum traction off the line Reinforced shoulders improve lateral stability on off-cambers and jumps Polyester carcass with custom ply layout for control and comfort Globally developed compound for durability and race-day grip Built tough to endure the rigors of off-road racing Race-focused performance at rider-friendly pricing",https://www.cyclegear.com/_a/product_images/2436/9903/plews_tyres_mx1_hawkstone_gp_rear_soft_tires_1800x1800.jpg,""
1645439,P919612,"Michelin Scorcher 21 Tires",michelin-scorcher-21-tires,Tires,Michelin Tires,"Cruiser / V-Twin","Cruiser Tire / Harley Tire / Dot Tire",166.99,222.95,4.90,207,"Harley-Davidson","Harley Sportster / Harley Fxfxr / Harley Street / Harley Touring / Harley V Rod / Harley Softail / Harley Dyna / Harley Dyna Fat Bo / Harley Dyna Street / Harley Dyna Super / Harley Dyna Switch / Harley Softail Del / Harley Softail Deu / Harley Softail Fat / Harley Softail Her / Harley Softail Nig / Harley Sportster 1 / Harley Sportster 8 / Harley Sportster I / Harley Touring Ele / Harley Touring Roa / Harley Touring Str",1990 - 2025,"Michelin Scorcher 21 Tires The Michelin Scorcher 21 Tires are designed from the ground up as original equipment tires used exclusively on Harley-Davidson Street Rod motorcycles. The tires feature a style and tread pattern used on generations of HD with advanced compounds, wet weather technology and radial design that significantly boosts the performance factor for modern performance and modern expectations.","Original equipment tires on Harley-Davidson Street Rod motorcycles Radial construction for sporty feel and urban agility Michelin Carbon Black compound formulation Traditional cruiser tread pattern with upgraded compound and engineering Modeled after Michelin Hypersport road tires Features the exclusive co-branded tread design from the popular Michelin Scorcher 31 Tire Lightweight feel and exceptional stability at all speeds Silica Rain Technology uses a mix of silica-rich rubber compounds to provide outstanding grip on wet surfaces and ensure long, even wear Bold ""Harley-Davidson"" script on the sidewall Notes : It is recommended to change your valve stem, tube and/or rim strip when installing a new tire. Shop Here! Need your tire mounted? We’ve got you covered! Tire Mount Discount",https://www.cyclegear.com/_a/product_images/1587/1001/michelin_scorcher21_tires.jpg,""
1841699,P1170888,"Bridgestone Battlax AdventureCross AX41T Tires",bridgestone-battlax-adventurecross-ax41t-tires,Tires,Bridgestone,"Adventure / Dual Sport","Dual Onoff Dot / Dual Sport Tire / Dot Tire / 40 On Road 60 Off Road",172.10,240.19,4.40,46,"Honda, Yamaha, KTM, Kawasaki, Suzuki, Husqvarna, GasGas","Honda CRF250R / CRF450R, Yamaha YZ250F / YZ450F, KTM 250 SX-F / 450 SX-F, Kawasaki KX250 / KX450, Suzuki RM-Z250 / RM-Z450, Husqvarna FC 250 / FC 450",1995 - 2025,"Bridgestone Battlax Adventure Cross AX41 Tires The Bridgestone Battlax AdventureCross AX41T Tire is designed specifically to replace the OEM tires on the 2020 Honda Africa Twin.","70% on-road / 30% off-road Newly designed tread Compound provides excellent grip in all conditions Offered in Tube Type (TT) and Tubeless (TL) variants Notes : It is recommended to change your valve stem, tube and/or rim strip when installing a new tire. Shop Here! Need your tire mounted? We’ve got you covered! Tire Mount Discount",https://www.cyclegear.com/_a/product_images/2531/9119/bridgestone_battlax_adventure_cross_ax41_t_tires.jpg,""
10222961,P998017,"Metzeler Sidecar Tires",metzeler-sidecar-tires,Tires,Metzeler,"Cruiser / V-Twin / Adventure / Dual Sport","Dot Tire / Harley Tire / Touring Tire",165.89,218.84,0.00,0,"Harley-Davidson","Harley (Sportster, Softail, Dyna, Street Glide, Road King, Fat Boy), Honda Shadow / VTX, Yamaha V-Star / Bolt, Indian Scout / Chief, Kawasaki Vulcan, Suzuki Boulevard",1990 - 2025,"Metzeler Sidecar Tires","Flat profile designed for vintage sidecar use Tube type Notes : It is recommended to change your valve stem, tube and/or rim strip when installing a new tire. Shop Here! Need your tire mounted? We’ve got you covered! Tire Mount Discount",https://www.cyclegear.com/_a/product_images/2023/0572/metzeler_sidecar_tire.jpg,""
10321039,P1054910,"Motoz Mountain Hybrid Gummy Rear Tires",motoz-mountain-hybrid-gummy-rear-tires,Tires,Motoz,"Dirt Bike / Off-Road","30 On Road 70 Off Road / 20 On Road 80 Off Road / Dot Dirt Tires / Dot Tire",171.99,0.00,0.00,0,"Honda, Yamaha, KTM, Kawasaki, Suzuki, Husqvarna, GasGas","Honda CRF250R / CRF450R, Yamaha YZ250F / YZ450F, KTM 250 SX-F / 450 SX-F, Kawasaki KX250 / KX450, Suzuki RM-Z250 / RM-Z450, Husqvarna FC 250 / FC 450",1995 - 2025,"Motoz Mountain Hybrid Gummy Rear Tires The Mountain Hybrid Gummy is an ultra-soft version of the original hybrid tire, the Mountain Hybrid. Offering the same motocross / trials DNA as the original, the Gummy BFM compound adds even more traction to the rear of your machine. This design concept works on a flexible tread concave and lock system, to give increased traction while avoiding punctures at low inflation pressures. The Motoz Mountain Hybrid tire climbs like a trials tire, but handles corners, creek crossings, sand, and rocks like a regular DOT off-road tire. Constructed like a trials tire, but with reinforced sidewalls to allow lower inflation pressure when riding in off-road and mountain conditions.","25% on-road / 75% off-road use Intermediate terrain tread pattern Ultra-soft BFM Gummy compound Hybrid natural / synthetic rubber construction Reinforced sidewalls to allow for lower inflation pressure Flexible tread Concave and Lock system for increased traction Tread blocks with deep sipes for extra trials-like grip Reversible rear tread design DOT approved Tube type Notes : It is recommended to change your valve stem, tube and/or rim strip when installing a new tire. Shop Here! Need your tire mounted? We’ve got you covered! Tire Mount Discount",https://www.cyclegear.com/_a/product_images/2085/0370/motoz_mountain_hybrid_gummy_rear_tires.jpg,""
10386953,P1087824,"Mitas Terra Force EX MH Super Tires",mitas-terra-force-ex-mh-super-tires,Tires,Mitas,"Dirt Bike / Off-Road","20 On Road 80 Off Road / 10 On Road 90 Off Road / Dot Dirt Tires / Dot Tire",78.47,89.99,5.00,3,"Honda, Yamaha, KTM, Kawasaki, Suzuki, Husqvarna, GasGas","Honda CRF250R / CRF450R, Yamaha YZ250F / YZ450F, KTM 250 SX-F / 450 SX-F, Kawasaki KX250 / KX450, Suzuki RM-Z250 / RM-Z450, Husqvarna FC 250 / FC 450",1995 - 2025,"Mitas Terra Force EX MH Super Tires The Mitas Terra Force EX Tires incorporate various rubber compound and carcass options, complemented by terrain-specific tread designs, ensuring optimal traction and renowned durability. With a full-height knob on the rear tire, it is race-ready and DOT certified for exceptional performance.","Tread designed for optimum performance in medium to hard terrain Competition tire, DOT legal for use on Enduro and Dual Sport Motorcycles Tube Type Application Notes : It is recommended to change your valve stem, tube and/or rim strip when installing a new tire. Shop Here! Need your tire mounted? We’ve got you covered! Tire Mount Discount",https://www.cyclegear.com/_a/product_images/2209/0216/mitas_terra_force_exmh_super_tires.jpg,""
158006,P392197,"Bridgestone G721 Exedra Tires",bridgestone-g721-exedra-tires,Tires,Bridgestone,"Cruiser / V-Twin","Customcruisertouring Bi / Cruiser Tire / Dot Tire",175.82,222.57,4.70,3,"Harley-Davidson, Honda, Yamaha, Indian, Kawasaki, Suzuki, Victory","Harley (Sportster, Softail, Dyna, Street Glide, Road King, Fat Boy), Honda Shadow / VTX, Yamaha V-Star / Bolt, Indian Scout / Chief, Kawasaki Vulcan, Suzuki Boulevard",1990 - 2025,"Bridgestone G721 Exedra Tires","The Exedra G series provides long mileage, good stability, crisp handling and riding comfort G700 series is the popular original equipment choice on many of the Japanese cruisers Tubeless (TL) Notes : It is recommended to change your valve stem, tube and/or rim strip when installing a new tire. Shop Here! Need your tire mounted? We’ve got you covered! Tire Mount Discount",https://www.cyclegear.com/_a/product_images/2003/2318/bridgestone_g721_exedra_tires.jpg,""
1088537,P326568,"Bridgestone Battlax Hypersport S21 Tires",bridgestone-battlax-hypersport-s21-tires,Tires,Bridgestone,"Street / Sportbike","Hypersport Dot / Race Tire / Sportbike Tire / Dot Tire",164.02,189.34,4.70,49,"Honda, Yamaha, Kawasaki, Suzuki, BMW, Ducati, Triumph, Aprilia","Honda CBR600RR / CBR1000RR, Yamaha YZF-R6 / YZF-R1 / MT-07 / MT-09, Kawasaki Ninja 650 / ZX-6R / ZX-10R, Suzuki GSX-R600 / GSX-R1000, BMW S1000RR, Ducati Monster / Panigale",1998 - 2025,"Bridgestone Battlax Hypersport S21 Tires The Bridgestone Battlax S21 Tires are ultra high-performance radials designed and developed to get the best out of the latest sport bikes.","Dry grip and wear life significantly improved without sacrificing wet performance 3D cross grooves designed to optimize rigidity and improve contact with the road Dual compound front tire (3LC) with revised profile generates higher grip at lower lean angles Triple compound rear tire (5LC) with revised profile provides improved stability and durability New enhanced Micro-contact-patch compound (EMC) technology used for both front and rear shoulder compounds EMC increases grip potential and improves thermal stability to make sure the tire performance remains consistent as temps go up Tubeless (TL) Blackwall (W) - rated for speeds up to 168+ MPH 120/70ZR17 E OE fitment for Honda CBR1000RR 2017 120/70ZR17 G OE fitment for Suzuki GSX-S750 2017 120/70ZR17 J OE fitment for Yamaha R6 2017 180/55ZR17 G OE fitment for Suzuki GSX-S750 2017 180/55ZR17 J OE fitment for Yamaha R6 2017 190/50ZR17 E OE fitment for Honda CBR1000RR 2017 Notes : It is recommended to change your valve stem, tube and/or rim strip when installing a new tire. Shop Here! Need your tire mounted? We’ve got you covered! Tire Mount Discount",https://www.cyclegear.com/_a/product_images/2641/8699/bridgestone_battlax_hypersport_s21_tires.jpg,""
765313,P194522,"Kenda K413 Scooter Tires",kenda-k413-scooter-tires-1,Tires,N/A,"Scooter","Multi Compound Tire / Dot Tire / Scooter Tire",35.14,45.99,4.10,24,"Honda, Yamaha, Vespa, Suzuki, Piaggio, Kymco","Honda PCX150 / Ruckus, Yamaha Zuma / XMAX, Vespa Primavera / GTS 300, Suzuki Burgman 400",2005 - 2025,"Kenda K413 Scooter Tires The Kenda Tires K413 Scooter Tires are designed to provide maximum performance.","Race inspired tread pattern gives great traction on wet and dry surfaces Must have for any sport scooter application 4-ply rating Notes : It is recommended to change your valve stem, tube and/or rim strip when installing a new tire. Shop Here!",https://www.cyclegear.com/_a/product_images/2077/8792/kenda_k413_scooter.jpg,""
270643,P421967,"Shinko 520 Series Intermediate / Hard Tires",shinko-520-series-intermediate-hard-tires,Tires,Shinko Tires,"Dirt Bike / Off-Road","Dirt Bike Tire / Hard Terrain / Intermediate Terrain / Non Dot Tire",67.11,78.95,5.00,1,"Honda, Yamaha, KTM, Kawasaki, Suzuki, Husqvarna, GasGas","Honda CRF250R / CRF450R, Yamaha YZ250F / YZ450F, KTM 250 SX-F / 450 SX-F, Kawasaki KX250 / KX450, Suzuki RM-Z250 / RM-Z450, Husqvarna FC 250 / FC 450",1995 - 2025,"Shinko 520 Series Intermediate / Hard Tires The 520 Series Tire is design to shred intermediate and hard terrain with a carbon-rich compound and directional tread design. Reinforced knobs resist chunking and tearing.","Formulated for intermediate and hard surfaces High carbon blend for extended wear Economically priced ""DC"" model uses a dual compound construction for longer tread life Need your tire mounted? We’ve got you covered! Tire Mount Discount",https://www.cyclegear.com/_a/product_images/1359/5621/shinko520_series_intermediate_hard_tires.jpg,""
270708,P72281,"Shinko 003 Stealth Ultra-Soft Tires",shinko-003-stealth-ultra-soft-tires,Tires,Shinko Tires,"Street / Sportbike","Race Tire / Sportbike Tire / Dot Tire",149.56,175.95,5.00,9,"Honda, Yamaha, Kawasaki, Suzuki, BMW, Ducati, Triumph, Aprilia","Honda CBR600RR / CBR1000RR, Yamaha YZF-R6 / YZF-R1 / MT-07 / MT-09, Kawasaki Ninja 650 / ZX-6R / ZX-10R, Suzuki GSX-R600 / GSX-R1000, BMW S1000RR, Ducati Monster / Panigale",1998 - 2025,"Shinko 003 Stealth Ultra-Soft Tires The Stealth Radial has a slick/dimple design great for production racing, drag racing, or sport riding.","Soft compound for rapid warmup, gives racing slick like performance Great for drag racing and track use W-speed rated (168 mph) Aramid belted DOT approved Notes : It is recommended to change your valve stem, tube and/or rim strip when installing a new tire. Shop Here! Need your tire mounted? We’ve got you covered! Tire Mount Discount",https://www.cyclegear.com/_a/product_images/0011/9426/Shinko_003_Stealth_Ultra-Soft_Front_Tire.jpg,""
10052009,P899571,"GBC XC Master Tires",gbc-xc-master-tires,Tires,N/A,"Utvatv","Hard Terrain / Utv Atv Tire",77.89,86.54,0.00,0,"Can-Am, Polaris, Honda, Yamaha, Kawasaki, Arctic Cat","Can-Am Spyder / Ryker / Maverick, Polaris RZR / Ranger, Honda Pioneer / Foreman, Yamaha Grizzly",2008 - 2025,"GBC XC Master Tires Looking for a tire for cross country and groomes trail, GBC has you covered with the XC Master Tires. These six ply bias constructed tires with the “X” shaped lug pattern are tough and puncture resistant with excellent tread depth and feedback. Ready for racing applications and recreational ride, this tire has it handled.","Cross country MX design X-knob tread pattern Front tires with directional angled side lugs Puncture resistant 6 ply design GNCC race ready For off highway use only Note : Tire only. Wheel not included.",https://www.cyclegear.com/_a/product_images/1535/1878/gbc_tire_xc_master_front_bias_lr235_lbs_xc_master_front_1800x1800.jpg,""
999985,P290787,"Bridgestone M203 / M204 Tires",bridgestone-m203-m204-tires,Tires,Bridgestone,"Dirt Bike / Off-Road","Off Highway Non Dot Inc / Intermediate Terrain / Dirt Bike Tire / Non Dot Tire",49.98,88.95,0.00,0,"Honda, Yamaha, KTM, Kawasaki, Suzuki, Husqvarna, GasGas","Honda CRF250R / CRF450R, Yamaha YZ250F / YZ450F, KTM 250 SX-F / 450 SX-F, Kawasaki KX250 / KX450, Suzuki RM-Z250 / RM-Z450, Husqvarna FC 250 / FC 450",1995 - 2025,"Bridgestone M203 / M204 Tires","Revolutionary tire-design technology provides comfort and bite in a broad range of soft to intermediate terrain applications M203 (front) increases grip traction, stability and braking power with a directional pattern rotation M204 (rear) includes tall tread blocks with shoulder steps for stability and durability on a wide range of soil conditions Improved grip and traction matched with proper sizing adapts to the demands of today's powerful 4-stroke engines Need your tire mounted? We’ve got you covered! Tire Mount Discount",https://www.cyclegear.com/_a/product_images/0135/6157/bridgestone_tire_m203_front.jpg,""
157979,P290909,"Bridgestone TW9 Trail Wing Front Tires",bridgestone-tw9-trail-wing-front-tires,Tires,Bridgestone,"Adventure / Dual Sport / Dirt Bike / Off-Road","Dual Road Bias Dot / 30 On Road 70 Off Road / Dot Dirt Tires / Intermediate Terrain",94.14,131.39,4.00,4,"Honda, Yamaha, KTM, Kawasaki, Suzuki, Husqvarna, GasGas","Honda CRF250R / CRF450R, Yamaha YZ250F / YZ450F, KTM 250 SX-F / 450 SX-F, Kawasaki KX250 / KX450, Suzuki RM-Z250 / RM-Z450, Husqvarna FC 250 / FC 450",1995 - 2025,"Bridgestone TW9 Trail Wing Front Tires","Four-ply front/rear combination designed for dual-sport use Special dimpled tread pattern means many edges to maximize traction Long-wearing durability Self-cleaning tread blocks give a traction edge for muddy and loose terrains 3.00-23 is the OE replacement for the 1979-1981 Honda XL500S DOT approved Notes : It is recommended to change your valve stem, tube and/or rim strip when installing a new tire. Shop Here! Need your tire mounted? We’ve got you covered! Tire Mount Discount",https://www.cyclegear.com/_a/product_images/0111/8274/bridgestone_tw9_trail_wing_front_tires.jpg,""
1313275,P895600,"Kenda K257D Klassic Tires",kenda-k257d-klassic-tires,Tires,N/A,"Dirt Bike / Off-Road","Dirt Bike Tire / Hard Terrain / Intermediate Terrain / Soft Terrain",36.05,51.95,4.10,10,"Honda, Yamaha, KTM, Kawasaki, Suzuki, Husqvarna, GasGas","Honda CRF250R / CRF450R, Yamaha YZ250F / YZ450F, KTM 250 SX-F / 450 SX-F, Kawasaki KX250 / KX450, Suzuki RM-Z250 / RM-Z450, Husqvarna FC 250 / FC 450",1995 - 2025,"Need your tire mounted? We’ve got you covered! Tire Mount Discount","N/A",https://www.cyclegear.com/_a/product_images/1522/9392/kenda_k257_d_klassic_tires.jpg,""
158526,P43161,"Dunlop K330 Buell Blast Tires",dunlop-k330-buell-blast-tires,Tires,Dunlop,"Street / Sportbike / Cruiser / V-Twin","Customcruisertouring Bi / Sportbike Tire / Dot Tire",145.56,181.95,4.80,4,"Buell","Harley (Sportster, Softail, Dyna, Street Glide, Road King, Fat Boy), Honda Shadow / VTX, Yamaha V-Star / Bolt, Indian Scout / Chief, Kawasaki Vulcan, Suzuki Boulevard",1990 - 2025,"Dunlop K330 Buell Blast Tires","Bias ply Blackwall Tubeless (TL) S-rated for speeds up to 112 mph Notes : It is recommended to change your valve stem, tube and/or rim strip when installing a new tire. Shop Here! Need your tire mounted? We’ve got you covered! Tire Mount Discount",https://www.cyclegear.com/_a/product_images/0003/6042/Dunlop_K330_Buell_Blast_Tires.jpg,""
10386969,P1087834,"Mitas Enduro Trail Rally MH Tires",mitas-enduro-trail-rally-mh-tires,Tires,Mitas,"Dirt Bike / Off-Road","20 On Road 80 Off Road / 10 On Road 90 Off Road / Dot Dirt Tires / Dot Tire",140.91,160.99,0.00,0,"Honda, Yamaha, KTM, Kawasaki, Suzuki, Husqvarna, GasGas","Honda CRF250R / CRF450R, Yamaha YZ250F / YZ450F, KTM 250 SX-F / 450 SX-F, Kawasaki KX250 / KX450, Suzuki RM-Z250 / RM-Z450, Husqvarna FC 250 / FC 450",1995 - 2025,"Mitas Enduro Trail Rally MH Tires The Mitas Enduro Trail Rally Tires meet the needs of riders craving the utmost in aggressive off-road performance for high-speed Rally Raid ADV use. Part of the Rally product line, these tires are the result of rigorous testing and development with world-class riders in the Dakar Rally. Engineered with a flexible reinforced carcass and a soft compound, the Enduro Trail Rally tires maximize off-road potential. Offering unparalleled traction, these tires provide the ultimate off-road experience without the need to switch to Enduro model tires.","The Rally tires are designed for Rally and competition use on adventure, dual sport and off road motorcycles Mitas Rally tires are approved for TT (Tube Type) use only DOT Road Legal Enduro influenced tire profile & knob pattern balancing maximum off-highway traction stability in medium to hard terrain Note: Comes with yellow line instead of the green line pictured Notes : It is recommended to change your valve stem, tube and/or rim strip when installing a new tire. Shop Here! Need your tire mounted? We’ve got you covered! Tire Mount Discount",https://www.cyclegear.com/_a/product_images/2208/7139/mitas_enduro_trail_rally_mh_super_light_tires.jpg,""
266622,P71496,"IRC GS-45F Tires",irc-gs-45f-tires,Tires,IRC Tires,"Dirt Bike / Off-Road","Non Dot Tire / Dirt Bike Tire / Intermediate Terrain",45.56,59.95,5.00,2,"Honda, Yamaha, KTM, Kawasaki, Suzuki, Husqvarna, GasGas","Gs",1995 - 2025,"IRC GS-45F Tires IRC's involvement with the major motorcycle manufacturers and extensive testing on motocross bikes led to the development of their MX intermediate terrain series. The GS-45F provides maximum traction, braking and sure-footed cornering throughout a broad range of track conditions.","Tread design provides maximum traction, braking and cornering for smaller bikes OEM tires on the Honda CRF80 / CRF100 and Kawasaki KLX110 Tube type Need your tire mounted? We’ve got you covered! Tire Mount Discount",https://www.cyclegear.com/_a/product_images/1528/6826/ircgs45_f_tires.jpg,""
941759,P261882,"Michelin Pilot Road 4 Tires",michelin-pilot-road-4-tires,Tires,Michelin Tires,"Adventure / Dual Sport","Touring Tire / Dot Tire",183.16,228.95,4.80,122,"BMW, KTM, Honda, Yamaha, Triumph, Suzuki, Ducati, Kawasaki, Husqvarna","BMW R1200GS / R1250GS / F850GS, KTM 1290 Super Adventure / 890 Adventure, Honda Africa Twin / CRF300L, Yamaha Ténéré 700, Triumph Tiger 900 / 1200, Suzuki V-Strom 650, Kawasaki KLR650",2000 - 2025,"Michelin Pilot Road 4 Rear Tires The Michelin Pilot Road 4 tires are designed to deliver a combination of performance and safety along with a compound designed for extended tire life. A set of characteristics that you will usually not see in the same tires. With a focus on all-around sport touring use the Pilot's goal is to cover all riders in all conditions. Superior wet-weather performance Michelin Pilot Road 4 tires stop shorter in the wet vs. the leading competitive sport touring tires and Michelin Pilot Road 3 Longest tread life in its class Up to 20% longer tread life than Michelin Pilot Road 3 tires Dependable grip even in challenging conditions 2 Compound Technology with all new silica-charged rubber compounds for excellent grip from 23°F to 113°F New XST+ siping and enhanced tread patterns for optimum grip at all lean angles Need your tire mounted? We’ve got you covered! Tire Mount Discount","N/A",https://www.cyclegear.com/_a/product_images/0342/3235/michelin_pilot_road5_tires.jpg,""
1065424,P314830,"Bridgestone BattleCross X20 Tires",bridgestone-battlecross-x20-tires,Tires,Bridgestone,"Dirt Bike / Off-Road","Off Highway Non Dot Inc / Dirt Bike Tire / Soft Terrain / Sand Tire",66.86,93.32,0.00,0,"Honda, Yamaha, KTM, Kawasaki, Suzuki, Husqvarna, GasGas","Honda CRF250R / CRF450R, Yamaha YZ250F / YZ450F, KTM 250 SX-F / 450 SX-F, Kawasaki KX250 / KX450, Suzuki RM-Z250 / RM-Z450, Husqvarna FC 250 / FC 450",1995 - 2025,"Bridgestone BattleCross X20 Tires The Bridgestone Battlecross X20 Tires provide solid acceleration, traction, durability, and cornering performance in intermediate to soft terrain.","Designed for intermediate to soft terrain Developed and proven at the highest level of MX competition Optimized profile for greater stability when braking and cornering Need your tire mounted? We’ve got you covered! Tire Mount Discount",https://www.cyclegear.com/_a/product_images/0153/4657/bridgestone_tire_x20110901962_m.jpg,""
10386968,P1087833,"Mitas Enduro Trail Rally SM Tires",mitas-enduro-trail-rally-sm-tires,Tires,Mitas,"Dirt Bike / Off-Road","20 On Road 80 Off Road / 10 On Road 90 Off Road / Dot Dirt Tires / Dot Tire",140.91,160.99,0.00,0,"Honda, Yamaha, KTM, Kawasaki, Suzuki, Husqvarna, GasGas","Honda CRF250R / CRF450R, Yamaha YZ250F / YZ450F, KTM 250 SX-F / 450 SX-F, Kawasaki KX250 / KX450, Suzuki RM-Z250 / RM-Z450, Husqvarna FC 250 / FC 450",1995 - 2025,"Mitas Enduro Trail Rally SM Tires The Mitas Enduro Trail Rally Tires meet the needs of riders craving the utmost in aggressive off-road performance for high-speed Rally Raid ADV use. Part of the Rally product line, these tires are the result of rigorous testing and development with world-class riders in the Dakar Rally. Engineered with a flexible reinforced carcass and a soft compound, the Enduro Trail Rally tires maximize off-road potential. Offering unparalleled traction, these tires provide the ultimate off-road experience without the need to switch to Enduro model tires.","The Rally Pro tires are designed for Rally and competition use on Adventure, Dual Sport and Off-Road motorcycles Mitas Rally tires are approved for TT Tube Type use only DOT Road Legal Rally SM- Enduro influenced tire profile and knob pattern for maximum off highway traction and high speed stability in soft to medium terrain Notes : It is recommended to change your valve stem, tube and/or rim strip when installing a new tire. Shop Here! Need your tire mounted? We’ve got you covered! Tire Mount Discount",https://www.cyclegear.com/_a/product_images/2208/7054/mitas_enduro_trail_rally_sm_super_tires.jpg,""
10045531,P896801,"AMS Pactrax Tires",ams-pactrax-tires,Tires,AMS,"Utvatv","Intermediate Terrain / Utv Atv Tire",64.95,0.00,1.00,1,"Can-Am, Polaris, Honda, Yamaha, Kawasaki, Arctic Cat","Can-Am Spyder / Ryker / Maverick, Polaris RZR / Ranger, Honda Pioneer / Foreman, Yamaha Grizzly",2008 - 2025,"AMS Pactrax Tires The Pactrax Tires from AMS are an MX quad tire that is designed for use on sport ATVs with racing in mind. The tough six ply bias casing maintains a profile that provides excellent traction while keeping rotating mass low. Steering and cornering control are excellent. A special natural rubber compound is formulated with racing in mind and balances superb traction with extended tread life - making the tire a tenable recreational tire option, as well. The signature Pactrax ""X"" tread design provides improved forward traction at the rear and braking response at the front.","High performance MX sport ATV tire Excellent on groomed surfaces Race formulated compound For recreational or race applications alike X-shaped lug design for excellent response, acceleration and braking Puncture resistant 6 ply bias assembly Lightweight design For off highway use only Note : Tire only. Wheel not included.",https://www.cyclegear.com/_a/product_images/1527/1707/ams_pactrax_tires.jpg,""
157871,P42836,"Bridgestone TH01 Tires",bridgestone-th01-tires,Tires,Bridgestone,"Scooter / Street / Sportbike","Scooter Radial / Scooter Tire / Dot Tire",134.07,187.12,4.30,8,"Honda, Yamaha, Vespa, Suzuki, Piaggio, Kymco","Honda PCX150 / Ruckus, Yamaha Zuma / XMAX, Vespa Primavera / GTS 300, Suzuki Burgman 400",2005 - 2025,"Bridgestone TH01 Tires OE equipment radial tires for Suzuki Burgman 650 scooter models.","OE radials for Suzuki Burgman 650 ('02-'14) Tubeless Notes : It is recommended to change your valve stem, tube and/or rim strip when installing a new tire. Shop Here!",https://www.cyclegear.com/_a/product_images/0002/9254/Bridgestone_BT_TH01_Tires_-_Front.jpg,""
1083320,P323859,"Pirelli MT43 Trials Tires",pirelli-mt43-trials-tires,Tires,Pirelli,"Dirt Bike / Off-Road","Off Highway Non Dot Inc / 30 On Road 70 Off Road / Dot Dirt Tires / Dual Sport Tire",125.42,168.03,4.30,3,"Honda, Yamaha, KTM, Kawasaki, Suzuki, Husqvarna, GasGas","Honda CRF250R / CRF450R, Yamaha YZ250F / YZ450F, KTM 250 SX-F / 450 SX-F, Kawasaki KX250 / KX450, Suzuki RM-Z250 / RM-Z450, Husqvarna FC 250 / FC 450",1995 - 2025,"Pirelli MT43 Trials Tires","A new tread for singletrack off-road riding Optimum performance on hard, wet and dry terrain; even indoor events Special bias-ply carcass to reduce the deformation and maximize the footprint on every type of terrain Unique bead design provides special bead retention from low pressure use P-rated for speeds up to 93 mph Notes : It is recommended to change your valve stem, tube and/or rim strip when installing a new tire. Shop Here! Need your tire mounted? We’ve got you covered! Tire Mount Discount",https://www.cyclegear.com/_a/product_images/0370/6121/pirelli_mt43_trials_tires.jpg,""
10175116,P973216,"Michelin StarCross 6 Sand Tires",michelin-starcross-6-sand-tires,Tires,Michelin Tires,"Dirt Bike / Off-Road","Dirt Bike Tire / Non Dot Tire / Sand Tire",106.99,133.95,4.60,12,"Honda, Yamaha, KTM, Kawasaki, Suzuki, Husqvarna, GasGas","Honda CRF250R / CRF450R, Yamaha YZ250F / YZ450F, KTM 250 SX-F / 450 SX-F, Kawasaki KX250 / KX450, Suzuki RM-Z250 / RM-Z450, Husqvarna FC 250 / FC 450",1995 - 2025,"Michelin StarCross 6 Sand Tires The Michelin StarCross 6 Tires use technologies developed in Michelin’s R&D centers and fine tuned on tracks around the world to offer more traction and better durability. These improvements mean that riders can push their bikes to higher performance levels, while at the same time benefitting from longer lasting tire performance. Compared to its predecessor, the StarCross 5, the new StarCross 6 uses technologies developed in Michelin’s R&D centers and fine-tuned on racetracks around the world to offer up to 16 percent more traction and up to 19 percent better durability. These improvements mean that riders can push their bikes to higher performance levels, while at the same time benefitting from longer-lasting tire performance.","The Sand tread design is engineered for extremely soft and sandy motocross tracks, like Southwick. Silica technology increases durability up to 20% and maintains tread block integrity over the life of the tire The adaptive design provides up to 15% more traction Tread blocks resist irregular wear for better traction Double ply carcass (2 layers crossed at 90 degrees) Need your tire mounted? We’ve got you covered! Tire Mount Discount",https://www.cyclegear.com/_a/product_images/1791/3643/michelin_star_cross6_sand_tires.jpg,""
1083303,P323856,"Pirelli Scorpion XC MS Soft-Intermediate Terrain Tires",pirelli-scorpion-xc-ms-soft-intermediate-terrain-tires,Tires,Pirelli,"Dirt Bike / Off-Road","Off Highway Non Dot Inc / 10 On Road 90 Off Road / Dot Dirt Tires / Dual Sport Tire",120.70,161.68,5.00,1,"Honda, Yamaha, KTM, Kawasaki, Suzuki, Husqvarna, GasGas","Honda CRF250R / CRF450R, Yamaha YZ250F / YZ450F, KTM 250 SX-F / 450 SX-F, Kawasaki KX250 / KX450, Suzuki RM-Z250 / RM-Z450, Husqvarna FC 250 / FC 450",1995 - 2025,"Pirelli Scorpion XCMS Soft-Intermediate Terrain Tires","Performance tire with excellent durability Directional front design offers maximum braking performance Mid-shoulder lugs for better traction in softer terrain Offers maximum steering precision, especially on softer terrain Rear provides superior straight-line traction on a wide range of terrain Excellent durability, with long knob life XC MS 18"" rear features a similar tread pattern 80/100-21 front tire is DOT approved, all rear options in Soft-Intermediate are not DOT approved Notes : It is recommended to change your valve stem, tube and/or rim strip when installing a new tire. Shop Here! Need your tire mounted? We’ve got you covered! Tire Mount Discount",https://www.cyclegear.com/_a/product_images/0166/9809/pirelli_scorpion_xcms_rear_tires.jpg,""
10219182,P996066,"Duro Excursion HF261A Tires",duro-excursion-hf261a-tires,Tires,N/A,"Adventure / Dual Sport / Cruiser / V-Twin","Dot Tire",117.95,0.00,4.50,27,"Harley-Davidson, Honda, Yamaha, Indian, Kawasaki, Suzuki, Victory","Harley (Sportster, Softail, Dyna, Street Glide, Road King, Fat Boy), Honda Shadow / VTX, Yamaha V-Star / Bolt, Indian Scout / Chief, Kawasaki Vulcan, Suzuki Boulevard",1990 - 2025,"Duro Excursion HF261A Tires Features Designed to be used for front or rear application Long wearing compound and rain fighting groove tread design Known to run 10,000 miles or more under ideal conditions Tubeless, but will accept inner tubes for tube-type rims With tubes, the speed rating is reduced 15% Available in blackwall only H-rated for speeds to 130 MPH Need your tire mounted? We’ve got you covered! Tire Mount Discount","N/A",https://www.cyclegear.com/_a/product_images/1981/1099/duro_excursion_hf261_a_tires.jpg,""
10500357,P1143939,"Shinko E 200 Tires",shinko-e-200-tires,Tires,Shinko Tires,"Dirt Bike / Off-Road","60 On Road 40 Off Road / 50 On Road 50 Off Road / Dot Dirt Tires / Intermediate Terrain",112.16,131.95,5.00,1,"Honda, Yamaha, KTM, Kawasaki, Suzuki, Husqvarna, GasGas","Honda CRF250R / CRF450R, Yamaha YZ250F / YZ450F, KTM 250 SX-F / 450 SX-F, Kawasaki KX250 / KX450, Suzuki RM-Z250 / RM-Z450, Husqvarna FC 250 / FC 450",1995 - 2025,"Shinko E 200 Tires For lovers of sidewall, the Shinko E200 Tire is an aggressive dual sport tire with DOT rating. Shinko E200 Tires are available in the same size as Yamaha TW200 original equipment.","Aggressive tread pattern for traction on the trail Heavy-duty carcass construction Durable, long lasting rubber compound A 4-ply front / rear combination designed primarily for dual sport use Unique front / rear combination provides balanced on road and off road performance 4-ply construction for long-wearing durability Self-cleaning tread blocks still give a traction edge for muddy and loose terrains DOT approved OE replacement sizing for Yamaha TW200 Notes : It is recommended to change your valve stem, tube and/or rim strip when installing a new tire. Shop Here! Need your tire mounted? We’ve got you covered! Tire Mount Discount",https://www.cyclegear.com/_a/product_images/2418/1598/shinko_e200_tires.jpg,""
1811027,P1184489,"Mitas Sport Force Plus RS Race Tires",mitas-sport-force-plus-rs-race-tires,Tires,Mitas,"Street / Sportbike","Sportbike Tire / Dot Tire",150.14,170.99,0.00,0,"Honda, Yamaha, Kawasaki, Suzuki, BMW, Ducati, Triumph, Aprilia","Honda CBR600RR / CBR1000RR, Yamaha YZF-R6 / YZF-R1 / MT-07 / MT-09, Kawasaki Ninja 650 / ZX-6R / ZX-10R, Suzuki GSX-R600 / GSX-R1000, BMW S1000RR, Ducati Monster / Panigale",1998 - 2025,"Mitas Sport Force Plus Race Soft Tires The Mitas Sport Force + Tires were designed for sporty riders on motorcycles meant to perform. High speed stability along with excellent control in curves makes the Mitas Sport Force Plus Tires a great option for riders looking for a high performing tire that lasts. Silica in the compound lets the tire perform in wet and dry conditions.","Optimum radial motorcycle tire construction delivers high grip but rigid enough for stability Maximum control with a tread groove depth that follows the shape of actual tire wear Tread compound overheats less because of the 3-D Optimum Groove Technology (OGT 3D) Strong carcass construction maintains rigidity at a high level during wear for a long tire life Need your tire mounted? We’ve got you covered! Tire Mount Discount",https://www.cyclegear.com/_a/product_images/2571/5617/mitas_sport_force_tire.jpg,""
10386874,P1087806,"Mitas Terra Force EX MH Super Light Tires",mitas-terra-force-ex-mh-super-light-tires,Tires,Mitas,"Dirt Bike / Off-Road","20 On Road 80 Off Road / 10 On Road 90 Off Road / Dot Dirt Tires / Dot Tire",104.44,119.99,5.00,3,"Honda, Yamaha, KTM, Kawasaki, Suzuki, Husqvarna, GasGas","Honda CRF250R / CRF450R, Yamaha YZ250F / YZ450F, KTM 250 SX-F / 450 SX-F, Kawasaki KX250 / KX450, Suzuki RM-Z250 / RM-Z450, Husqvarna FC 250 / FC 450",1995 - 2025,"Mitas Terra Force EX MH Super Light Tires Experience maximum traction and renowned durability with the Mitas Terra Force EX Tires. These tires boast multiple rubber compound and carcass options, coupled with tread designs tailored to specific terrains. The rear tire features full-height knobs, making it race-ready and DOT certified for an exceptional performance on and off the road.","Tread designed for optimum performance in medium to hard terrain Competition tire, DOT legal for use on Enduro and Dual Sport Motorcycles Tube Type Application Notes : It is recommended to change your valve stem, tube and/or rim strip when installing a new tire. Shop Here! Need your tire mounted? We’ve got you covered! Tire Mount Discount",https://www.cyclegear.com/_a/product_images/2209/1627/mitas_terra_force_exmh_super_light_tires.jpg,""
10506516,P1147527,"Plews Tyres Enduro EN1 Grand Prix Tires",plews-tyres-enduro-en1-grand-prix-tires,Tires,Plews Tyres,"Dirt Bike / Off-Road","Non Dot Tire / Intermediate Terrain / Dirt Bike Tire",100.70,139.99,0.00,0,"Honda, Yamaha, KTM, Kawasaki, Suzuki, Husqvarna, GasGas","Honda CRF250R / CRF450R, Yamaha YZ250F / YZ450F, KTM 250 SX-F / 450 SX-F, Kawasaki KX250 / KX450, Suzuki RM-Z250 / RM-Z450, Husqvarna FC 250 / FC 450",1995 - 2025,"Plews Tyres Enduro EN1 Grand Prix Tires Optimized for the rigors of Enduro GP, Sprint Enduros, and Time Card events, the EN1 Grand Prix tire stands out as a top contender on challenging terrain. This tire, crafted with meticulous British engineering and advanced by leading chemists, adheres to FIM standards and exemplifies a harmonious blend of longevity, adherence, and adaptability, vital for competitive off-road racing. Its tread pattern excels in delivering superior traction and surface feedback, incorporating intricate lateral blocks for a reliable grip on intricate paths. With a high silica composition, the EN1 Grand Prix enhances performance on wet surfaces and in cold conditions, as well as on a variety of terrains, solidifying its position as the preferred option for enduro racers in pursuit of excellence.","Designed for Enduro GP, Sprint Enduro, Time Card, Hare & Hound, and more FIM-compliant for race legality and peace of mind UK-developed compound blends durability with high grip High silica content for enhanced wet traction and cold-weather performance Detailed lateral block shaping improves bite and control in technical sections Versatile tread pattern optimized for intermediate to hard terrain Comparable to Michelin Medium and Metzeler Enduro Intermediate/Hard tires Built to endure demanding race conditions with precision and reliability",https://www.cyclegear.com/_a/product_images/2437/0124/plews_tyres_enduro_en1_grand_prix_tires_1800x1800.jpg,""
999976,P290793,"Bridgestone M403 / M404 Tires",bridgestone-m403-m404-tires,Tires,Bridgestone,"Dirt Bike / Off-Road","Off Highway Non Dot Inc / Dirt Bike Tire / Intermediate Terrain / Non Dot Tire",49.06,68.46,4.00,1,"Honda, Yamaha, KTM, Kawasaki, Suzuki, Husqvarna, GasGas","Honda CRF250R / CRF450R, Yamaha YZ250F / YZ450F, KTM 250 SX-F / 450 SX-F, Kawasaki KX250 / KX450, Suzuki RM-Z250 / RM-Z450, Husqvarna FC 250 / FC 450",1995 - 2025,"Bridgestone M403 / M404 Intermediate Terrain Tires","Bridgestone's broadest range of motocross and off-road tires Features rubber compounds, tread design patterns and fine-tuned casing constructions that are race proven Derived from top factory SX/MX and off-road racing technologies The tires are more durable and cover a wider range of soils Front tires provide improved cornering control and feedback even at full-lean angles Rear tires offer added traction and slide control for better acceleration out of corners Need your tire mounted? We’ve got you covered! Tire Mount Discount",https://www.cyclegear.com/_a/product_images/0134/0774/bridgestone_m403_m404_tires_front.jpg,""
10032636,P891843,"Maxxis Zilla Tires",maxxis-zilla-tires,Tires,Maxxis Tires,"Utvatv","Utv Atv Tire / Soft Terrain / Mud Tire",142.50,150.02,5.00,1,"Honda, Yamaha, KTM, Kawasaki, Suzuki, Husqvarna, GasGas","Honda CRF250R / CRF450R, Yamaha YZ250F / YZ450F, KTM 250 SX-F / 450 SX-F, Kawasaki KX250 / KX450, Suzuki RM-Z250 / RM-Z450, Husqvarna FC 250 / FC 450",1995 - 2025,"Maxxis Zilla Tires Maxxis Zilla Tires excel in soft to intermediate terrain such as mud and snow. The 6-ply bias design provides a lightweight design and predictable performance.","Designed for mud and snow Excels in soft and intermediate terrain Durable 6 ply bias design Extremely lightweight design provides quicker acceleration Mud slinging traction with greater braking power Nearly continuous center tread for smoother ride on trails Predictable high-speed performance ""Light"" versions feature a reduced tread depth For off highway use only",https://www.cyclegear.com/_a/product_images/1704/0596/maxxis_zilla_mu01and_mu02_tires.jpg,""
158762,P43263,"IRC NR21 Rear Tires",irc-nr21-rear-tires,Tires,IRC Tires,"Scooter / Street / Sportbike","Scooter Tire / Dot Tire",23.58,28.95,4.50,13,"Honda, Yamaha, Vespa, Suzuki, Piaggio, Kymco","Honda PCX150 / Ruckus, Yamaha Zuma / XMAX, Vespa Primavera / GTS 300, Suzuki Burgman 400",2005 - 2025,"IRC NR21 Rear Tires The NR21 Tires are perfect for light duty mopeds and scooters. Features Economical OEM replacement tires Notes : It is recommended to change your valve stem, tube and/or rim strip when installing a new tire. Shop Here!","N/A",https://www.cyclegear.com/_a/product_images/0377/3024/ircnr21_rear_tires.jpg,""
10386924,P1087818,"Mitas Stone King Tires",mitas-stone-king-tires,Tires,Mitas,"Dirt Bike / Off-Road","20 On Road 80 Off Road / 10 On Road 90 Off Road / Dot Dirt Tires / Dot Tire",104.44,119.99,0.00,0,"Honda, Yamaha, KTM, Kawasaki, Suzuki, Husqvarna, GasGas","Honda CRF250R / CRF450R, Yamaha YZ250F / YZ450F, KTM 250 SX-F / 450 SX-F, Kawasaki KX250 / KX450, Suzuki RM-Z250 / RM-Z450, Husqvarna FC 250 / FC 450",1995 - 2025,"Mitas Stone King Tires The Mitas Stone King Tires showcase an exceptionally aggressive dual-sport and off-road design, featuring a substantial knob height of approximately 20mm and a pliable rubber compound. Developed in the demanding terrain of the Australian outback, these tires have earned a reputation for impressive mileage and durability, making them a favored choice for both dual-sport and recreational off-road riders.","Oversized carcass and aggressive tread design DOT legal for use on Enduro and Dual Sport Motorcycles Ideal for general Dual Sport use and single cylinder or small displacement ADV machines Medium Enduro compound for blend of mileage, traction and chunk resistance Tube Type Application Notes : It is recommended to change your valve stem, tube and/or rim strip when installing a new tire. Shop Here! Need your tire mounted? We’ve got you covered! Tire Mount Discount",https://www.cyclegear.com/_a/product_images/2209/1389/mitas_stone_king_tires.jpg,""
10184720,P853129,"Duro DM1155 / 1153 Hard Terrain Tires",duro-dm1155-1153-hard-terrain-tires,Tires,N/A,"Dirt Bike / Off-Road","Dirt Bike Tire / Hard Terrain / Intermediate Terrain / Non Dot Tire",31.96,39.95,5.00,5,"Honda, Yamaha, KTM, Kawasaki, Suzuki, Husqvarna, GasGas","Honda CRF250R / CRF450R, Yamaha YZ250F / YZ450F, KTM 250 SX-F / 450 SX-F, Kawasaki KX250 / KX450, Suzuki RM-Z250 / RM-Z450, Husqvarna FC 250 / FC 450",1995 - 2025,"Duro DM1155 / 1153 Hard Terrain Tires Features Engineered to bite, drive, and rail on high-power applications Optimized compound offers flexibility and damping for improved control Tight tread pattern designed to handle intermediate to hard-pack terrain High quality construction provides the perfect balance between acceleration and performance Need your tire mounted? We’ve got you covered! Tire Mount Discount","N/A",https://www.cyclegear.com/_a/product_images/1423/7549/duro_dm11551153_hard_terrain_tires.jpg,""
1655782,P727834,"Mitas Touring Force Tires",mitas-touring-force-tires,Tires,Mitas,"Adventure / Dual Sport / Street / Sportbike","100 On Road 0 Off Road / Touring Tire / Multi Compound Tire / Dot Tire",135.86,154.99,1.00,1,"Honda, Yamaha, KTM, Kawasaki, Suzuki, Husqvarna, GasGas","Touring",1995 - 2025,"Mitas Touring Force Tires The Mitas Touring Force tire is designed to achieve the near-impossible: produce excellent dry-weather traction, provide long life even on heavily laden sport-touring machines, and offer superb and confidence-inspiring traction on cold and wet pavement. To reach these goals, Mitas has built the Touring Force tread design using virtual 3D technology, purposely ending the tread sipes before the edge of the tire to improve traction at maximum lean angles. Get your Mitas Touring Force tire today and be ready for the next long ride.","3D-modeled tread sipes for maximum water ejection High silica content for excellent wet-weather traction OSCT (Optimum Steel Cord Technology) provides balanced & predictable handling 3-D Optimum Groove Technology optimizes tread design, wet performance & longevity ZR rated tire, safe for operation at elevated speeds Rear tires feature hard center compound, softer compound on sides Need your tire mounted? We’ve got you covered! Tire Mount Discount",https://www.cyclegear.com/_a/product_images/2161/4461/mitas_touring_force_tires.jpg,""
10203836,P987220,"Dunlop K950 Trials Tires",dunlop-k950-trials-tires,Tires,Dunlop,"Dirt Bike / Off-Road","Dual Onoff Dot / 30 On Road 70 Off Road / Dot Dirt Tires / Hard Terrain",97.99,117.95,3.50,2,"Honda, Yamaha, KTM, Kawasaki, Suzuki, Husqvarna, GasGas","Honda CRF250R / CRF450R, Yamaha YZ250F / YZ450F, KTM 250 SX-F / 450 SX-F, Kawasaki KX250 / KX450, Suzuki RM-Z250 / RM-Z450, Husqvarna FC 250 / FC 450",1995 - 2025,"Dunlop K950 Trials Tires The Dunlop K950 Trials Tires are not just for Trials, but can be perfect for your street going enduro as well.","Perfect for off-road riders who also enjoy a dose of pavement on their rides and for that the street-legal K950 is ideal Performance that trials riders and off-road enthusiasts are looking for, with additional durability and on-road capability Featuring bias-ply construction, compounds and a tread pattern designed to tackle tough single-track terrain despite challenging conditions In both wet and dry, the K950 excels when the course or trail turns hard-packed, rocky, or littered with tree roots For dual-sport riding, the K950 provides a smoother ride and longer wear than a traditional knobby tire on the street, while still providing a high level of grip and bump-absorbing compliance in the dirt Exceptionally light at only 11.6lbs Tube type DOT approved Notes : It is recommended to change your valve stem, tube and/or rim strip when installing a new tire. Shop Here! Need your tire mounted? We’ve got you covered! Tire Mount Discount",https://www.cyclegear.com/_a/product_images/1836/0095/dunlop_k950_trials_tires.jpg,""
922457,P255990,"IRC MX IX Kids Tires",irc-mx-ix-kids-tires,Tires,IRC Tires,"Dirt Bike / Off-Road","Non Dot Tire / Dirt Bike Tire / Intermediate Terrain",32.76,43.95,5.00,1,"Honda, Yamaha, KTM, Kawasaki, Suzuki, Husqvarna, GasGas","Honda CRF250R / CRF450R, Yamaha YZ250F / YZ450F, KTM 250 SX-F / 450 SX-F, Kawasaki KX250 / KX450, Suzuki RM-Z250 / RM-Z450, Husqvarna FC 250 / FC 450",1995 - 2025,"IRC MX IX Kids Tires IRC MX IX Kids Tire has outstanding traction for starts, cornering and braking under all conditions. Next generation tires developed especially for kid-size motocross bikes.","New generation of rubber compounds and tread designs Superior traction in varying conditions IX05H outstanding performance on hard to intermediate terrain Tube type (TT) Bias construction E-marked Blackwall Need your tire mounted? We’ve got you covered! Tire Mount Discount",https://www.cyclegear.com/_a/product_images/2072/1304/ircmxix_kids_front_motorcycle_tire6010014.jpg,""
10386895,P1087812,"Mitas Terra Force EF Super Light Tires",mitas-terra-force-ef-super-light-tires,Tires,Mitas,"Dirt Bike / Off-Road","20 On Road 80 Off Road / Dot Dirt Tires / Dot Tire / Soft Terrain",99.09,113.99,5.00,1,"Honda, Yamaha, KTM, Kawasaki, Suzuki, Husqvarna, GasGas","Honda CRF250R / CRF450R, Yamaha YZ250F / YZ450F, KTM 250 SX-F / 450 SX-F, Kawasaki KX250 / KX450, Suzuki RM-Z250 / RM-Z450, Husqvarna FC 250 / FC 450",1995 - 2025,"Mitas Terra Force EF Super Light Tires The Mitas Terra Force EF Tires seamlessly merge the original Terra Force front carcass with a new tread pattern specifically crafted for soft and intermediate terrain. This innovative design has undergone thorough development and testing by elite hard enduro racers from around the world.","Tread designed for optimum performance in soft to intermediate conditions Competition tire, DOT legal for use on Enduro and Dual Sport Motorcycles 20% on-road / 80% off-road Tube Type Application Notes : It is recommended to change your valve stem, tube and/or rim strip when installing a new tire. Shop Here! Need your tire mounted? We’ve got you covered! Tire Mount Discount",https://www.cyclegear.com/_a/product_images/2209/1491/mitas_terra_force_ef_super_light_tires.jpg,""
10474502,P1116539,"IRC GX20 Gekkota Tires",irc-gx20-gekkota-tires,Tires,IRC Tires,"Dirt Bike / Off-Road","Soft Terrain / Non Dot Tire / Dirt Bike Tire",92.47,124.95,0.00,0,"Honda, Yamaha, KTM, Kawasaki, Suzuki, Husqvarna, GasGas","Honda CRF250R / CRF450R, Yamaha YZ250F / YZ450F, KTM 250 SX-F / 450 SX-F, Kawasaki KX250 / KX450, Suzuki RM-Z250 / RM-Z450, Husqvarna FC 250 / FC 450",1995 - 2025,"IRC GX20 Gekkota Tires The IRC GX20 Gekkota Tires provide precision handling for navigating twisty paths and ensure rapid acceleration on straightaways. Stay ahead of the pack, leaving the dust behind you.","2P+B structure provides both stability and shock absorption performance at high speeds Optimization of block spacing ensures dirt removal performance Splitting the center blocks into several sections improves stability when braking Traction is improved by making the blocks larger on the edges Note: Sold individually.",https://www.cyclegear.com/_a/product_images/2372/6346/ircgx20_gekkota_tires.jpg,""
1125418,P338216,"Duro HF318 Tires",duro-hf318-tires,Tires,N/A,"Cruiser / V-Twin","Cruiser Tire / Harley Tire / Vintage Tire / Dot Tire",92.76,115.95,0.00,0,"Harley-Davidson","Harley (Sportster, Softail, Dyna, Street Glide, Road King, Fat Boy), Honda Shadow / VTX, Yamaha V-Star / Bolt, Indian Scout / Chief, Kawasaki Vulcan, Suzuki Boulevard",1990 - 2025,"Duro HF318 Tires Classic tires for motorcycles going back decades. Duro tires combine advanced compounds with a classic appearance and are a great choice for all types of vintage motorcycles.","Can be used as a front or rear tire Bias ply Blackwall Tube type (TT) Non-speed rated for speeds up to 93mph Notes : It is recommended to change your valve stem, tube and/or rim strip when installing a new tire. Shop Here! Need your tire mounted? We’ve got you covered! Tire Mount Discount",https://www.cyclegear.com/_a/product_images/0184/0698/duro_hf318_tires.jpg,""
157913,P290809,"Bridgestone TW41 / TW42 Trail Wing Tires",bridgestone-tw41-tw42-trail-wing-tires,Tires,Bridgestone,"Adventure / Dual Sport","Dual Road Bias Dot / 70 On Road 30 Off Road / Intermediate Terrain / Hard Terrain",120.73,131.95,3.20,6,"Honda, Yamaha, KTM, Kawasaki, Suzuki, Husqvarna, GasGas","Honda CRF250R / CRF450R, Yamaha YZ250F / YZ450F, KTM 250 SX-F / 450 SX-F, Kawasaki KX250 / KX450, Suzuki RM-Z250 / RM-Z450, Husqvarna FC 250 / FC 450",1995 - 2025,"Bridgestone TW41 / TW42 Trail Wing Tires","A 4-ply front/rear combination designed primarily for dual sport use Special dimpled tread pattern means many edges, which helps maximize traction Unique front/rear combination provides balanced highway and offroad performance 4-ply construction for long-wearing durability Self-cleaning tread blocks still give a traction edge for muddy and loose terrains DOT approved Notes : It is recommended to change your valve stem, tube and/or rim strip when installing a new tire. Shop Here! Need your tire mounted? We’ve got you covered! Tire Mount Discount",https://www.cyclegear.com/_a/product_images/0379/7529/bridgestone_tw41_tw42_trail_wing_tires.jpg,""
1122429,P335915,"Metzeler FeelFree Scooter Tires",metzeler-feelfree-scooter-tires,Tires,Metzeler,"Scooter","Scooter Tire / Dot Tire",85.46,91.95,4.30,7,"Honda, Yamaha, Vespa, Suzuki, Piaggio, Kymco","Honda PCX150 / Ruckus, Yamaha Zuma / XMAX, Vespa Primavera / GTS 300, Suzuki Burgman 400",2005 - 2025,"Metzeler Feel Free Scooter Tires","Metzeler sets the stage for sport touring scooter tires with the Feelfree series Broad product range includes radial and bias-ply applications Tread pattern based on the successful Z6 motorcycle sport touring tire, provides even wear and performance The perfect premium tire for today's scooters Tubeless (TL) P-rated for speeds up to 93 mph, S-rated for speeds up to 112 mph or H-rated for speeds up to 130 mph Notes : It is recommended to change your valve stem, tube and/or rim strip when installing a new tire. Shop Here!",https://www.cyclegear.com/_a/product_images/0178/7198/metzeler_tire_f_free63_p.jpg,""
1325942,P421989,"Shinko SR 704 Moped Tires",shinko-sr-704-moped-tires,Tires,Shinko Tires,"Scooter","Scooter Tire / Dot Tire",39.91,46.95,4.70,6,"Honda, Yamaha, Vespa, Suzuki, Piaggio, Kymco","Honda PCX150 / Ruckus, Yamaha Zuma / XMAX, Vespa Primavera / GTS 300, Suzuki Burgman 400",2005 - 2025,"Shinko SR 704 Moped Tires Durable, long-lasting replacement moped tires in a common OEM size.","4-ply construction DOT approved Front or rear fitment Notes : It is recommended to change your valve stem, tube and/or rim strip when installing a new tire. Shop Here!",https://www.cyclegear.com/_a/product_images/1359/2784/shinko_sr704_moped_tires.jpg,""
765329,P194528,"Kenda K780 Southwick II Tires",kenda-k780-southwick-ii-tires,Tires,N/A,"Dirt Bike / Off-Road","10 On Road 90 Off Road / Dot Dirt Tires / Dual Sport Tire / Dirt Bike Tire",76.49,89.99,0.00,0,"Honda, Yamaha, KTM, Kawasaki, Suzuki, Husqvarna, GasGas","Honda CRF250R / CRF450R, Yamaha YZ250F / YZ450F, KTM 250 SX-F / 450 SX-F, Kawasaki KX250 / KX450, Suzuki RM-Z250 / RM-Z450, Husqvarna FC 250 / FC 450",1995 - 2025,"Kenda K780 Southwick II Tires The K780 Southwick II tires were designed specifically for sand and mud. Tall knob depths provide deep reaching bite while wide knob spacing makes sure the tire self cleans even at low speed.","Designed for sand and mud Tall knob depths for deep bite Wide spaces between rows allow tire to self-clean even at slow speed Standard compound offers increased durability / quick warm-up times 21"" front tire is DOT Approved Tube type Need your tire mounted? We’ve got you covered! Tire Mount Discount",https://www.cyclegear.com/_a/product_images/1523/1924/kenda_k780_southwck_iirr.jpg,""
10042720,P895662,"Kenda K777F / K778 Knarly Tires",kenda-k777f-k778-knarly-tires,Tires,N/A,"Dirt Bike / Off-Road","20 On Road 80 Off Road / 10 On Road 90 Off Road / Dot Dirt Tires / Dual Sport Tire",86.66,92.99,0.00,0,"Honda, Yamaha, KTM, Kawasaki, Suzuki, Husqvarna, GasGas","Honda CRF250R / CRF450R, Yamaha YZ250F / YZ450F, KTM 250 SX-F / 450 SX-F, Kawasaki KX250 / KX450, Suzuki RM-Z250 / RM-Z450, Husqvarna FC 250 / FC 450",1995 - 2025,"Kenda K777F/K778 Knarly Tires When the going gets gnarly, the Knarly tires from Kenda have your back. Similar to the widely popular Kenda Ibex tires, the Knarly's are designed to work well in a wide variety of terrain. What is unique to them however is the reversible rear tire, giving you a more adjustable and customizable tread pattern depending on the riding you do the most- simply follow the mounting guidelines already marked on the tire.","Extreme enduro FIM-approved Super-soft and flexible for ultimate terrain adaptability and grip Compound provides stellar traction in both wet and dry conditions Reversible rear for customizable terrain applications DOT approved Need your tire mounted? We’ve got you covered! Tire Mount Discount",https://www.cyclegear.com/_a/product_images/1523/0632/kenda_k777_fk778_knarly_tires54_r.jpg,""
492047,P131747,"Sedona MX887 IT Tires",sedona-mx887-it-tires,Tires,Sedona,"Dirt Bike / Off-Road","Dirt Bike Tire / Intermediate Terrain / Non Dot Tire",36.56,48.95,3.30,7,"Honda, Yamaha, KTM, Kawasaki, Suzuki, Husqvarna, GasGas","Honda CRF250R / CRF450R, Yamaha YZ250F / YZ450F, KTM 250 SX-F / 450 SX-F, Kawasaki KX250 / KX450, Suzuki RM-Z250 / RM-Z450, Husqvarna FC 250 / FC 450",1995 - 2025,"Sedona MX887IT Hard-Intermediate Tires The MX887 IT is designed for superior performance in hard to intermediate track conditions. The 4 ply construction helps to reduce sidewall flex to give a more planted feel.","Works in intermediate to hard terrain Dimpled transition knobs for added bite Symmetrical tread pattern Dual compound tread offers best traction and wear Rigid 4 ply rated carcass design helps reduce sidewall flex to give tire a more planted feel Reversible tread pattern and symmetrical knob design allows for equal traction in both directions Side knobs offer superior grip at extreme angles Need your tire mounted? We’ve got you covered! Tire Mount Discount",https://www.cyclegear.com/_a/product_images/2295/8279/sedona_mx887_it_tires.jpg,""
822332,P211457,"Pirelli MXeXTRa X Tires",pirelli-mxextra-x-tires,Tires,Pirelli,"Dirt Bike / Off-Road","Off Highway Non Dot Inc / Dirt Bike Tire / Intermediate Terrain / Non Dot Tire",87.28,116.95,0.00,0,"Honda, Yamaha, KTM, Kawasaki, Suzuki, Husqvarna, GasGas","Honda CRF250R / CRF450R, Yamaha YZ250F / YZ450F, KTM 250 SX-F / 450 SX-F, Kawasaki KX250 / KX450, Suzuki RM-Z250 / RM-Z450, Husqvarna FC 250 / FC 450",1995 - 2025,"Pirelli Scorpion MX Extra X Medium-Soft to Hard Terrain Tires The Pirelli Scorpion MX Tires are the optimal choice for professional training and amateur to semi-Pro racers who ride all types of terrain and demand performance lap after lap especially under “race simulation”.","Grip and traction on a wide range of terrain (from mid soft to mid hard) Perfect application for training; optimal compromise between performance and durability Tread pattern taken from previous design with the rear’s layout rigidity improved through “bridges” and a new front similar to the Scorpion MX Soft 410 Multi-ply carcass with high resistance to punctures but maximum flexibility to absorb forces during jumps or obstacles Training performance in all terrain conditions with uniform knob wear, resistance to deformation while damping and thus an extended durability Need your tire mounted? We’ve got you covered! Tire Mount Discount",https://www.cyclegear.com/_a/product_images/0370/6138/pirelli_mx_extra_x_tires.jpg,""
10222978,P998025,"Bridgestone ML16 / ML17 Scooter Tires",bridgestone-ml16-ml17-scooter-tires,Tires,Bridgestone,"Scooter","Scooter Radial Bias / Dot Tire / Scooter Tire",83.54,116.59,5.00,4,"Honda, Yamaha, Vespa, Suzuki, Piaggio, Kymco","Honda PCX150 / Ruckus, Yamaha Zuma / XMAX, Vespa Primavera / GTS 300, Suzuki Burgman 400",2005 - 2025,"Bridgestone ML16 / ML17 Scooter Tires","Front uses a uni-directional tread that gives superior surface contact in wet weather Rear provides super wet-weather performance ML17 front / ML16 rear tire fitment Notes : It is recommended to change your valve stem, tube and/or rim strip when installing a new tire. Shop Here!",https://www.cyclegear.com/_a/product_images/2162/3471/bridgestone_ml16_ml17_scooter_tires.jpg,""
10203988,P987375,"Shinko SR009 Raven Scooter Tires",shinko-sr009-raven-scooter-tires,Tires,Shinko Tires,"Scooter","Scooter Tire / Dot Tire",64.56,75.95,5.00,1,"Honda, Yamaha, Vespa, Suzuki, Piaggio, Kymco","Honda PCX150 / Ruckus, Yamaha Zuma / XMAX, Vespa Primavera / GTS 300, Suzuki Burgman 400",2005 - 2025,"Shinko SR009 Raven Scooter Tires A high performance scooter tire in the wet and dry, the Shinko SR009 Raven Scooter Tires won't let you down.","Same outstanding performance as the standard 009 Raven Higher performance, meets long tread life Providing superior riding comfort Great grip in both wet and dry conditions DOT rated Notes : It is recommended to change your valve stem, tube and/or rim strip when installing a new tire. Shop Here!",https://www.cyclegear.com/_a/product_images/1838/3378/shinko_tires_tire_sr009_raven_mc51_jtl.jpg,""
1287013,P403827,"Sedona MX907 HP Tires",sedona-mx907-hp-tires,Tires,Sedona,"Dirt Bike / Off-Road","Dirt Bike Tire / Hard Terrain / Non Dot Tire",73.14,91.43,3.80,5,"Honda, Yamaha, KTM, Kawasaki, Suzuki, Husqvarna, GasGas","Honda CRF250R / CRF450R, Yamaha YZ250F / YZ450F, KTM 250 SX-F / 450 SX-F, Kawasaki KX250 / KX450, Suzuki RM-Z250 / RM-Z450, Husqvarna FC 250 / FC 450",1995 - 2025,"Need your tire mounted? We’ve got you covered! Tire Mount Discount","N/A",https://www.cyclegear.com/_a/product_images/0357/6090/sedona_mx907_hp_tires.jpg,""
454115,P126175,"Pirelli Scorpion MXS Soft Tires",pirelli-scorpion-mxs-soft-tires,Tires,Pirelli,"Dirt Bike / Off-Road","Off Highway Non Dot Inc / 10 On Road 90 Off Road / Dot Dirt Tires / Dual Sport Tire",73.86,98.98,0.00,0,"Honda, Yamaha, KTM, Kawasaki, Suzuki, Husqvarna, GasGas","Honda CRF250R / CRF450R, Yamaha YZ250F / YZ450F, KTM 250 SX-F / 450 SX-F, Kawasaki KX250 / KX450, Suzuki RM-Z250 / RM-Z450, Husqvarna FC 250 / FC 450",1995 - 2025,"Pirelli Scorpion MXS 410 Soft Terrain / Sand Tires","Designed for competition in muddy and sandy conditions Super-soft terrain MX tire Paddle-shaped rear tread design Special HP (High-modulus Polyester) carcass for consistent performance even in the toughest terrain Front tire is DOT approved Tube Type (TT) Need your tire mounted? We’ve got you covered! Tire Mount Discount",https://www.cyclegear.com/_a/product_images/0013/8221/Pirelli_MXS_Rear_Tire.jpg,""
10184716,P853372,"Duro DM1156 / 1154 Soft Terrain Tires",duro-dm1156-1154-soft-terrain-tires,Tires,N/A,"Dirt Bike / Off-Road","Dirt Bike Tire / Hard Terrain / Intermediate Terrain / Soft Terrain",31.96,39.95,5.00,5,"Honda, Yamaha, KTM, Kawasaki, Suzuki, Husqvarna, GasGas","Honda CRF250R / CRF450R, Yamaha YZ250F / YZ450F, KTM 250 SX-F / 450 SX-F, Kawasaki KX250 / KX450, Suzuki RM-Z250 / RM-Z450, Husqvarna FC 250 / FC 450",1995 - 2025,"Duro DM1155 / 1153 Soft Terrain Tires The Duro DM1155 / DM1153 Soft Terrain Tires are designed to offer the perfect balance between grip, longevity and value. The reinforced sidewall is puncture resistant and is designed to handle the high torque output of large displacement off-road machines.","Best suited for soft terrain Reinforced casing resists punctures and handles high power output Off-road use only Non DOT approved Need your tire mounted? We’ve got you covered! Tire Mount Discount",https://www.cyclegear.com/_a/product_images/1423/7515/duro_dm11561154_soft_terrain_tires.jpg,""
1325888,P421947,"Shinko SR 400 Scooter Tires",shinko-sr-400-scooter-tires,Tires,Shinko Tires,"Scooter","Scooter Tire / Dot Tire",35.66,41.95,5.00,2,"Honda, Yamaha, Vespa, Suzuki, Piaggio, Kymco","Honda PCX150 / Ruckus, Yamaha Zuma / XMAX, Vespa Primavera / GTS 300, Suzuki Burgman 400",2005 - 2025,"Shinko SR 400 Scooter Tires The SR 400 Scooter Tires provide a vintage look with modern design and compounds.","Front or rear applications DOT approved Notes : It is recommended to change your valve stem, tube and/or rim strip when installing a new tire. Shop Here!",https://www.cyclegear.com/_a/product_images/1359/4031/shinko_sr400_scooter_tires.jpg,""
10220866,P256009,"IRC MB99 Tires",irc-mb99-tires,Tires,IRC Tires,"Scooter","Non Dot Tire / Scooter Tire",51.95,56.95,0.00,0,"Honda, Yamaha, Vespa, Suzuki, Piaggio, Kymco","Honda PCX150 / Ruckus, Yamaha Zuma / XMAX, Vespa Primavera / GTS 300, Suzuki Burgman 400",2005 - 2025,"IRC MB99 Tires IRC MB99 Motorcycle Tires dual-purpose scooter tires that provide good traction on both street and dirt.","Blackwall Tubeless (TL) Notes : It is recommended to change your valve stem, tube and/or rim strip when installing a new tire. Shop Here!",https://www.cyclegear.com/_a/product_images/1950/2929/ircmb99_front_rear_motorcycle_tires.jpg,""
10354913,P1072922,"Maxxis Maxxcross MX-IH Tires",maxxis-maxxcross-mx-ih-tires,Tires,Maxxis Tires,"Dirt Bike / Off-Road","Off Highway Non Dot Inc / Dirt Bike Tire / Non Dot Tire / Intermediate Terrain",57.00,60.00,0.00,0,"Honda, Yamaha, KTM, Kawasaki, Suzuki, Husqvarna, GasGas","Honda CRF250R / CRF450R, Yamaha YZ250F / YZ450F, KTM 250 SX-F / 450 SX-F, Kawasaki KX250 / KX450, Suzuki RM-Z250 / RM-Z450, Husqvarna FC 250 / FC 450",1995 - 2025,"Maxxis Maxxcross MX-IH Tires The Maxxcross MX-IH, a result of collaboration with 7X Supercross champion Jeremy McGrath, signifies the pinnacle of Maxxis tire innovation. With a fresh tread pattern, advanced compound, and precise engineering tailored for Pro Motocross and Supercross racing on demanding intermediate-to-hard terrains, the MX-IH delivers stability, predictability, and superior traction. Whether you're a weekend warrior or a pro racer, this purpose-built tire excels on challenging terrain, ensuring consistent performance in cornering, acceleration, and braking, instilling racers with unwavering confidence. Its meticulously tuned tread compound and pattern provide extreme predictability in straight-line zones, establishing the MX-IH as the ultimate choice for off-road racing excellence.","Intermediate-hard terrain tread compound and pattern Predictable performance in straight line acceleration and braking zones Directional front tread pattern Need your tire mounted? We’ve got you covered! Tire Mount Discount",https://www.cyclegear.com/_a/product_images/2152/7039/maxxis_tires_tire_maxxcross_mx_ih66_m_bias_tt_1800x1800.jpg,""
10035742,P893265,"Duro HF240 Tires",duro-hf240-tires,Tires,N/A,"Utvatv","Intermediate Terrain / Utv Atv Tire",40.76,47.95,5.00,1,"Can-Am, Polaris, Honda, Yamaha, Kawasaki, Arctic Cat","Can-Am Spyder / Ryker / Maverick, Polaris RZR / Ranger, Honda Pioneer / Foreman, Yamaha Grizzly",2008 - 2025,"Duro HF240 Tires Duro has the classic lightweight knobby tires with the HF240.Two ply design with reinforced sidewall and longer tread life make this a great choice.","Rugged, lightweight knobby Lightweight 2 ply construction Reinforced sidewalls Classic design for loose terrain and hard pack Rounded profile for enhanced cornering For off highway use only",https://www.cyclegear.com/_a/product_images/1518/6158/duro_hf240_tires.jpg,""
158037,P42960,"Bridgestone Exedra G850 / G851 Tires",bridgestone-exedra-g850-g851-tires,Tires,Bridgestone,"Cruiser / V-Twin","Customcruisertouring Ra / Cruiser Tire / Dot Tire",217.39,327.04,4.70,79,"Harley-Davidson, Honda, Yamaha, Indian, Kawasaki, Suzuki, Victory","Harley (Sportster, Softail, Dyna, Street Glide, Road King, Fat Boy), Honda Shadow / VTX, Yamaha V-Star / Bolt, Indian Scout / Chief, Kawasaki Vulcan, Suzuki Boulevard",1990 - 2025,"Bridgestone Exedra G850 / G851 Tires The Exedra G series provides long-lasting mileage, good stability, crisp handling, and a quiet, comfortable ride. Designed for American-style cruising and touring bikes, this motorcycle tire can handle just about anything you throw at it.","Designed to reduce noise without sacrificing speed or stability Uni-directional pattern for reliable performance on dry and wet surfaces Comes stock on a number of models, so you know they'll fit and function well if you need a replacement Notes : It is recommended to change your valve stem, tube and/or rim strip when installing a new tire. Shop Here! Need your tire mounted? We’ve got you covered! Tire Mount Discount",https://www.cyclegear.com/_a/product_images/2069/4529/bridgestone_exedra_g850_g851_tires.jpg,""
158356,P43110,"Avon Viper Stryke AM63 Scooter Tires",avon-viper-stryke-am63-scooter-tires,Tires,Avon Tire,"Scooter / Adventure / Dual Sport","Scooter Tire / Dot Tire",28.20,58.00,4.40,17,"BMW, KTM, Honda, Yamaha, Triumph, Suzuki, Ducati, Kawasaki, Husqvarna","BMW R1200GS / R1250GS / F850GS, KTM 1290 Super Adventure / 890 Adventure, Honda Africa Twin / CRF300L, Yamaha Ténéré 700, Triumph Tiger 900 / 1200, Suzuki V-Strom 650, Kawasaki KLR650",2000 - 2025,"Avon Viper Stryke AM63 Scooter Tires","Engineered for today's scooters capable of speeds up to 100 mph and typically used to commute long distances Provides a high level of performance and sure-footed handling Performs equally as well on smaller engine scooters Notes : It is recommended to change your valve stem, tube and/or rim strip when installing a new tire. Shop Here!",https://www.cyclegear.com/_a/product_images/0003/5790/Avon_Viper_Stryke_AM63_Scooter_Tires_1800x1800.jpg,""
1313276,P416122,"Kenda K257D Klassic DOT Tires",kenda-k257d-klassic-dot-tires,Tires,N/A,"Adventure / Dual Sport / Dirt Bike / Off-Road","40 On Road 60 Off Road / 30 On Road 70 Off Road / Dot Dirt Tires / Dirt Bike Tire",50.77,61.99,4.10,10,"Honda, Yamaha, KTM, Kawasaki, Suzuki, Husqvarna, GasGas","Honda CRF250R / CRF450R, Yamaha YZ250F / YZ450F, KTM 250 SX-F / 450 SX-F, Kawasaki KX250 / KX450, Suzuki RM-Z250 / RM-Z450, Husqvarna FC 250 / FC 450",1995 - 2025,"Kenda K257D Klassic Tires The Kenda K257D Klassic Tires are available in sizes to fit most modern and vintage dirt and dual sport bikes. The tread pattern is vintage inspired to keep that old school look.","Tread pattern designed for a variety of terrains Rubber compound provides high grip and durability Tube type (TT) DOT approved Notes : It is recommended to change your valve stem, tube and/or rim strip when installing a new tire. Shop Here! Need your tire mounted? We’ve got you covered! Tire Mount Discount",https://www.cyclegear.com/_a/product_images/0391/3549/kenda_k257_d_klassic_tires.jpg,""
157361,P42677,"Kenda K284 Front Max Tires",kenda-k284-front-max-tires,Tires,N/A,"Utvatv","Utv Atv Tire / Hard Terrain / Intermediate Terrain",78.29,86.99,5.00,3,"Can-Am, Polaris, Honda, Yamaha, Kawasaki, Arctic Cat","Can-Am Spyder / Ryker / Maverick, Polaris RZR / Ranger, Honda Pioneer / Foreman, Yamaha Grizzly",2008 - 2025,"Kenda K284 Front Max Tires The K284 Front Max Tires are the industry's first front rib tire designed exclusively for ATVs. This instant classic from Kenda offers grip, stable tracking and good braking in a variety of conditions. And you guessed right: They go in the front.","Designed for grip on a variety of hard to intermediate surfaces Excels on hard pack, blue groove, loose dirt, gravel and grass Reinforced knobs for superior tracking and cornering Lightweight 2 ply design Puncture resistant casing For off-highway use only",https://www.cyclegear.com/_a/product_images/1515/2696/kenda_k284_front_max_tires.jpg,""
270651,P72249,"Shinko 504 / 505 Tires",shinko-504-505-tires,Tires,Shinko Tires,"Dirt Bike / Off-Road","Dirt Bike Tire / Hard Terrain / Intermediate Terrain / Soft Terrain",46.36,57.95,4.00,2,"Honda, Yamaha, KTM, Kawasaki, Suzuki, Husqvarna, GasGas","Honda CRF250R / CRF450R, Yamaha YZ250F / YZ450F, KTM 250 SX-F / 450 SX-F, Kawasaki KX250 / KX450, Suzuki RM-Z250 / RM-Z450, Husqvarna FC 250 / FC 450",1995 - 2025,"Shinko 504 / 505 Soft to Hard Dirt Tires Designed to work in varying conditions from soft to intermediate to hard terrain.","Aggressive tread pattern High carbon compound Need your tire mounted? We’ve got you covered! Tire Mount Discount",https://www.cyclegear.com/_a/product_images/0009/1734/shinko504505_tires_front.jpg,""
10175119,P973217,"Michelin StarCross 6 Mud Tires",michelin-starcross-6-mud-tires,Tires,Michelin Tires,"Dirt Bike / Off-Road","Dirt Bike Tire / Non Dot Tire / Mud Tire",117.99,145.99,4.60,12,"Honda, Yamaha, KTM, Kawasaki, Suzuki, Husqvarna, GasGas","Honda CRF250R / CRF450R, Yamaha YZ250F / YZ450F, KTM 250 SX-F / 450 SX-F, Kawasaki KX250 / KX450, Suzuki RM-Z250 / RM-Z450, Husqvarna FC 250 / FC 450",1995 - 2025,"Michelin StarCross 6 Mud Tires The Michelin StarCross 6 Tires use technologies developed in Michelin’s R&D centers and fine tuned on tracks around the world to offer more traction and better durability. These improvements mean that riders can push their bikes to higher performance levels, while at the same time benefitting from longer lasting tire performance. Compared to its predecessor, the StarCross 5, the new StarCross 6 uses technologies developed in Michelin’s R&D centers and fine-tuned on racetracks around the world to offer up to 16 percent more traction and up to 19 percent better durability. These improvements mean that riders can push their bikes to higher performance levels, while at the same time benefitting from longer-lasting tire performance.","The Mud rear tread design is engineered for extremely soft and muddy race conditions, and pairs well with a StarCross 6 Medium Soft front tire Silica technology increases durability up to 20% and maintains tread block integrity over the life of the tire Specially designed grooves prevent mud buildup between the knobs The adaptive design provides up to 15% more traction Tread blocks resist irregular wear for better traction Double ply carcass (2 layers crossed at 90 degrees) Need your tire mounted? We’ve got you covered! Tire Mount Discount",https://www.cyclegear.com/_a/product_images/2063/0740/michelin_star_cross6_mud_tires.jpg,""
10219192,P996070,"Duro HF296 Boulevard Tires",duro-hf296-boulevard-tires,Tires,N/A,"Cruiser / V-Twin","Dot Tire",116.95,0.00,4.70,25,"Harley-Davidson","Harley Sportster / Harley Fxfxr / Harley Street / Harley Touring / Harley V Rod / Harley Softail / Harley Dyna / Harley Dyna Fat Bo / Harley Dyna Street / Harley Dyna Super / Harley Dyna Switch / Harley Softail Del / Harley Softail Deu / Harley Softail Fat / Harley Softail Her / Harley Softail Nig / Harley Sportster 1 / Harley Sportster 8 / Harley Sportster I / Harley Touring Ele / Harley Touring Roa / Harley Touring Str",1990 - 2025,"Duro HF296 Boulevard Tires Features These are premium quality cruiser or touring tires Stronger, lighter weight tire with a higher thread/cord count in a cross-ply reinforced arrangement Heavy load capacity and deep water shedding grooves will satisfy the most demanding rider H-rated for speeds to 130 MPH Need your tire mounted? We’ve got you covered! Tire Mount Discount","N/A",https://www.cyclegear.com/_a/product_images/1981/1325/duro_hf296_boulevard_tires.jpg,""
10386901,P1087814,"Mitas Terra Force MX MH Tires",mitas-terra-force-mx-mh-tires,Tires,Mitas,"Dirt Bike / Off-Road","Non Dot Tire / Intermediate Terrain / Hard Terrain / Dual Sport Tire",58.19,66.99,0.00,0,"Honda, Yamaha, KTM, Kawasaki, Suzuki, Husqvarna, GasGas","Honda CRF250R / CRF450R, Yamaha YZ250F / YZ450F, KTM 250 SX-F / 450 SX-F, Kawasaki KX250 / KX450, Suzuki RM-Z250 / RM-Z450, Husqvarna FC 250 / FC 450",1995 - 2025,"Mitas Terra Force MX MH Tires Derived directly from racing and extensive development in the renowned sands of the MXGP Motocross series, the Mitas Terra Force MX Tires stand as a testament to their performance pedigree.","Featuring a new carcass designed from testing and development in US Supercross Tread and profile designed for predictable handling in medium to hard terrain Compounds optimized for class leading durability and wear Additional front sizes for off-road, GP style racing Tube Type Application and Mitas Mousse fit optimized. Notes : It is recommended to change your valve stem, tube and/or rim strip when installing a new tire. Shop Here! Need your tire mounted? We’ve got you covered! Tire Mount Discount",https://www.cyclegear.com/_a/product_images/2209/1457/mitas_terra_force_mxmh_tires.jpg,""
270667,P72255,"Shinko 718 Rear Tires",shinko-718-rear-tires,Tires,Shinko Tires,"Cruiser / V-Twin","Cruiser Tire / Dot Tire",157.21,184.95,4.90,11,"Harley-Davidson, Honda, Yamaha, Indian, Kawasaki, Suzuki, Victory","Harley (Sportster, Softail, Dyna, Street Glide, Road King, Fat Boy), Honda Shadow / VTX, Yamaha V-Star / Bolt, Indian Scout / Chief, Kawasaki Vulcan, Suzuki Boulevard",1990 - 2025,"Shinko 718 Rear Tire The Shinko 718 rear tires are a great match with the Shinko 611 Front tire.","Directional tread design for excellent adhesion in both wet and dry conditions Aramid belt for added stability under high loads Tubeless, 6-ply nylon carcass for the 718 H-rated for speeds up to 130 mph Notes : It is recommended to change your valve stem, tube and/or rim strip when installing a new tire. Shop Here! Need your tire mounted? We’ve got you covered! Tire Mount Discount",https://www.cyclegear.com/_a/product_images/0009/1776/Shinko_718_Rear_Tire.jpg,""
158874,P43305,"IRC Enduro VE-32 / VE-37R Tires",irc-enduro-ve-32-ve-37r-tires,Tires,IRC Tires,"Dirt Bike / Off-Road","Dirt Bike Tire / Hard Terrain / Intermediate Terrain / Non Dot Tire",89.56,111.95,4.50,17,"Honda, Yamaha, KTM, Kawasaki, Suzuki, Husqvarna, GasGas","Honda CRF250R / CRF450R, Yamaha YZ250F / YZ450F, KTM 250 SX-F / 450 SX-F, Kawasaki KX250 / KX450, Suzuki RM-Z250 / RM-Z450, Husqvarna FC 250 / FC 450",1995 - 2025,"IRC Enduro VE-32 / VE-37R Tires","For use in Enduro conditions Dimpled knobs for extra gripping power Puncture resistant casings Tube Type Need your tire mounted? We’ve got you covered! Tire Mount Discount",https://www.cyclegear.com/_a/product_images/0001/4302/irc_enduro_ve32_ve37_r_tires_front.jpg,""
1052092,P310387,"Metzeler ME11 Front Tires",metzeler-me11-front-tires,Tires,Metzeler,"Adventure / Dual Sport / Cruiser / V-Twin","Sport Touring Bias Dot / Cruiser Tire / Harley Tire / Touring Tire",162.05,213.68,4.50,8,"Harley-Davidson","Harley (Sportster, Softail, Dyna, Street Glide, Road King, Fat Boy), Honda Shadow / VTX, Yamaha V-Star / Bolt, Indian Scout / Chief, Kawasaki Vulcan, Suzuki Boulevard",1990 - 2025,"Metzeler ME11 Front Tires","Classic rib front tread pattern Reliable cornering with great straight-line stability Easy handling Available in a tubeless design and can be used with a Metzeler tube on a tube-type rim Need your tire mounted? We’ve got you covered! Tire Mount Discount",https://www.cyclegear.com/_a/product_images/0145/0269/metzeler_me11_front_tires.jpg,""
270623,P72240,"Shinko 540 Tires",shinko-540-tires,Tires,Shinko Tires,"Dirt Bike / Off-Road","Dirt Bike Tire / Soft Terrain / Non Dot Tire / Sand Tire",73.06,85.95,4.80,5,"Honda, Yamaha, KTM, Kawasaki, Suzuki, Husqvarna, GasGas","Honda CRF250R / CRF450R, Yamaha YZ250F / YZ450F, KTM 250 SX-F / 450 SX-F, Kawasaki KX250 / KX450, Suzuki RM-Z250 / RM-Z450, Husqvarna FC 250 / FC 450",1995 - 2025,"Shinko 540 Soft Mud/Sand Dirt Tires The 540 is designed for extremely soft terrain, such as mud and sand and offers superior traction in the worst conditions.","For extremely soft terrain (mud/sand) Wide spaced knobs shed mud quickly Tall aggressive tread pattern for increased traction in the nastiest conditions Directional scoop pattern High carbon compound Need your tire mounted? We’ve got you covered! Tire Mount Discount",https://www.cyclegear.com/_a/product_images/2185/4146/shinko540_tires.jpg,""
1152584,P421943,"Shinko SR 007 Scooter Tires",shinko-sr-007-scooter-tires,Tires,Shinko Tires,"Scooter","Scooter Tire / Dot Tire",35.32,45.95,4.20,9,"Honda, Yamaha, Vespa, Suzuki, Piaggio, Kymco","Honda PCX150 / Ruckus, Yamaha Zuma / XMAX, Vespa Primavera / GTS 300, Suzuki Burgman 400",2005 - 2025,"Shinko SR 007 Scooter Tires Shaken or stirred, the SR 007 Scooter Tires give sporty ride and handling that would make Q proud.","Durable 4 ply construction DOT approved Available ""P"" speed ratings Notes : It is recommended to change your valve stem, tube and/or rim strip when installing a new tire. Shop Here!",https://www.cyclegear.com/_a/product_images/1359/4210/shinko_tires_shinko_sr007.jpg,""
10046721,P897372,"IRC IX09 Gekkota Tires",irc-ix09-gekkota-tires,Tires,IRC Tires,"Dirt Bike / Off-Road","Hard Terrain / Intermediate Terrain / Dirt Bike Tire / Non Dot Tire",107.16,129.95,4.70,10,"Honda, Yamaha, KTM, Kawasaki, Suzuki, Husqvarna, GasGas","Honda CRF250R / CRF450R, Yamaha YZ250F / YZ450F, KTM 250 SX-F / 450 SX-F, Kawasaki KX250 / KX450, Suzuki RM-Z250 / RM-Z450, Husqvarna FC 250 / FC 450",1995 - 2025,"IRC IX09 Gekkota Tires The IRC IX09 Gekkota Tires were developed specifically for extreme enduro racing.","IRC's ultra gummy Trials compound and Motocross tread pattern combined into a hybrid tire that provides best traction in the worst conditions Super flexible sidewall along with an extremely lightweight carcass provide great bump absorption Designed to perform in extreme conditions from sloppy dirt or sand to logs, roots, rocks, swamps, and sliding gravel surfaces. Does not dig the dirt like other block tires, but grabs the surface for huge traction Best throttle-to-rear-tire connectivity on the market Developed for extreme enduro racing Recommended air pressure is around 7-10 psi (with Heavy Duty Tubes) Need your tire mounted? We’ve got you covered! Tire Mount Discount",https://www.cyclegear.com/_a/product_images/1837/3552/ircix09_gekkota_tires.jpg,""
1854209,P979990,"Bridgestone Exedra G-702 / 703 Tires",bridgestone-exedra-g-702-703-tires,Tires,Bridgestone,"Cruiser / V-Twin","Dot Tire / Cruiser Tire",198.99,299.33,4.40,8,"Harley-Davidson, Honda, Yamaha, Indian, Kawasaki, Suzuki, Victory","Harley (Sportster, Softail, Dyna, Street Glide, Road King, Fat Boy), Honda Shadow / VTX, Yamaha V-Star / Bolt, Indian Scout / Chief, Kawasaki Vulcan, Suzuki Boulevard",1990 - 2025,"Bridgestone Exedra G-702 / 703 The Bridgestone Exedra G702 / 703 Tires are on-road, high performance tires with modern performance in a classic design.","Modern wet and dry performance Revised silica compound Classic tread pattern N spec tires are the OE tire for Yamaha XV1700 Road Star 2004-14 Notes : It is recommended to change your valve stem, tube and/or rim strip when installing a new tire. Shop Here! Need your tire mounted? We’ve got you covered! Tire Mount Discount",https://www.cyclegear.com/_a/product_images/1820/8868/bridgestone_exedra_g702703_tires.jpg,""
1010369,P210429,"Heidenau K66 4-Season Scooter Tires",heidenau-k66-4-season-scooter-tires,Tires,Heidenau Tires,"Scooter","Scooter Tire / Dot Tire",105.90,0.00,4.80,4,"Honda, Yamaha, Vespa, Suzuki, Piaggio, Kymco","Honda PCX150 / Ruckus, Yamaha Zuma / XMAX, Vespa Primavera / GTS 300, Suzuki Burgman 400",2005 - 2025,"Heidenau K66 4-Season Scooter Tires The incorporation of lamellas in the tread pattern improves the grip and braking, even under extreme weather conditions. Notes : It is recommended to change your valve stem, tube and/or rim strip when installing a new tire. Shop Here!","N/A",https://www.cyclegear.com/_a/product_images/0119/1962/heidenau_k66_tl_tires.jpg,""
1034763,P302637,"Kenda K787 Equilibrium Rear Tires",kenda-k787-equilibrium-rear-tires,Tires,N/A,"Dirt Bike / Off-Road","20 On Road 80 Off Road / Dot Dirt Tires / Dot Tire / Dual Sport Tire",79.65,109.42,4.60,5,"Honda, Yamaha, KTM, Kawasaki, Suzuki, Husqvarna, GasGas","Honda CRF250R / CRF450R, Yamaha YZ250F / YZ450F, KTM 250 SX-F / 450 SX-F, Kawasaki KX250 / KX450, Suzuki RM-Z250 / RM-Z450, Husqvarna FC 250 / FC 450",1995 - 2025,"Kenda K787 Equilibrium Rear Tires Trials meets Enduro in perfect harmony! The best qualities of a trials tire and motocross tire all in one product. Super sticky race compound for unbeatable grip in both wet and dry conditions.","Trials inspired center tread design for the best possible traction Motocross-style shoulder knobs for aggressive cornering Braking scoops in center area provide the stopping power that a trials tire can’t Tube type DOT approved Need your tire mounted? We’ve got you covered! Tire Mount Discount",https://www.cyclegear.com/_a/product_images/0131/9214/kenda_k787_equilibrium_rear_tires.jpg,""
157953,P42906,"Bridgestone Exedra G702 Tires",bridgestone-exedra-g702-tires,Tires,Bridgestone,"Street / Sportbike / Cruiser / V-Twin","Customcruisertouring Bi / Cruiser Tire / Dot Tire",296.60,413.94,4.70,79,"Harley-Davidson, Honda, Yamaha, Indian, Kawasaki, Suzuki, Victory","Harley (Sportster, Softail, Dyna, Street Glide, Road King, Fat Boy), Honda Shadow / VTX, Yamaha V-Star / Bolt, Indian Scout / Chief, Kawasaki Vulcan, Suzuki Boulevard",1990 - 2025,"Bridgestone Exedra G702 Tires","Uni-directional pattern for reliable performance on dry and wet surfaces Designed primarily for Japanese cruisers, the Exedra G series provides long mileage, good stability, crisp handling and riding comfort Notes : It is recommended to change your valve stem, tube and/or rim strip when installing a new tire. Shop Here! Need your tire mounted? We’ve got you covered! Tire Mount Discount",https://www.cyclegear.com/_a/product_images/2067/7580/bridgestone_exedra_g702_tires.jpg,""
1791002,P315707,"Michelin StarCross 5 Soft Terrain Tires",michelin-starcross-5-soft-terrain-tires,Tires,Michelin Tires,"Dirt Bike / Off-Road","Off Highway Non Dot Inc / Soft Terrain / Dirt Bike Tire / Non Dot Tire",64.99,79.99,3.90,9,"Honda, Yamaha, KTM, Kawasaki, Suzuki, Husqvarna, GasGas","Honda CRF250R / CRF450R, Yamaha YZ250F / YZ450F, KTM 250 SX-F / 450 SX-F, Kawasaki KX250 / KX450, Suzuki RM-Z250 / RM-Z450, Husqvarna FC 250 / FC 450",1995 - 2025,"Michelin StarCross 5 Soft Terrain Tires The Michelin StarCross 5 tires were designed based on feedback from riders of all levels, from amateurs to world champions, often riding in extreme conditions. Compared to its predecessors the Michelin StarCross 5 delivers several significant performance improvements and breaks new ground for Michelin in the world of Off-Road/Motocross tires. The new design incorporates stronger, higher density materials that reduce weight by up to 15% over previous versions - without compromising strength or durability. Unique construction techniques provide exceptional shock absorption that reduces rider fatigue. Michelin's ""M ud-phobic Bars"" maximize cleaning capability to prevent mud and dirt from building up between tread blocks. Staggered intermediate knobbies along the side of the carcass create communicating handling and traction at all degrees of lean angle.","Experienced motocross rider or occasional rider riding motocross for fun, StarCross 5 is the high-performance motocross tire designed to allow you to face any terrain Tested and approved by riders from pros to occasional motocross rider Designed to give the ultimate performance Adapted to each type of terrain, bike and use Larger size range for a wider scope of usage including new sizes designed for cross-country Blackwall Need your tire mounted? We’ve got you covered! Tire Mount Discount",https://www.cyclegear.com/_a/product_images/0158/3441/michelin_star_cross5_soft_terrain_tires_front.jpg,""
158822,P43292,"IRC TR1 Tires",irc-tr1-tires,Tires,IRC Tires,"Adventure / Dual Sport","30 On Road 70 Off Road / Trials Tire / Dual Sport Tire / Dot Tire",41.10,49.95,5.00,3,"Honda, Yamaha, KTM, Kawasaki, Suzuki, Husqvarna, GasGas","Honda CRF250R / CRF450R, Yamaha YZ250F / YZ450F, KTM 250 SX-F / 450 SX-F, Kawasaki KX250 / KX450, Suzuki RM-Z250 / RM-Z450, Husqvarna FC 250 / FC 450",1995 - 2025,"IRC Battle Rally TR1 Tires","Trials tire with dual purpose tread design Dense block spacing for grip on the street or hard pack trails Tube type DOT approved Notes : Sold Individually It is recommended to change your valve stem, tube and/or rim strip when installing a new tire. Shop Here! Need your tire mounted? We’ve got you covered! Tire Mount Discount",https://www.cyclegear.com/_a/product_images/2396/2787/irctr1_tires.jpg,""
158451,P145900,"Dunlop D251 Tire",dunlop-d251-tire,Tires,Dunlop,"Cruiser / V-Twin","Customcruisertouring Ra / Cruiser Tire / Dot Tire",503.10,538.95,4.00,3,"Harley-Davidson, Honda, Yamaha, Indian, Kawasaki, Suzuki, Victory","Harley (Sportster, Softail, Dyna, Street Glide, Road King, Fat Boy), Honda Shadow / VTX, Yamaha V-Star / Bolt, Indian Scout / Chief, Kawasaki Vulcan, Suzuki Boulevard",1990 - 2025,"Dunlop D251 OEM Replacement Tire Especially developed for big custom motorcycles, this radial tire gives all the best of radial technology for your bike. With the D251, top-level customs now have the right tire to deliver the highest performance in terms of handling, riding comfort, and speed capability.","OE replacement for select Honda VTX1300 and Kawasaki VN2000 models Radial Blackwall Tubeless Notes : It is recommended to change your valve stem, tube and/or rim strip when installing a new tire. Shop Here! Need your tire mounted? We’ve got you covered! Tire Mount Discount",https://www.cyclegear.com/_a/product_images/0370/6737/dunlop_d251_tire.jpg,""
1193416,P365502,"Avon AV84 / AV85 Trekrider Tires",avon-av84-av85-trekrider-tires,Tires,Avon Tire,"Adventure / Dual Sport","60 On Road 40 Off Road / 50 On Road 50 Off Road / Dual Sport Tire / Dot Tire",150.75,195.86,3.90,11,"Honda, Yamaha, KTM, Kawasaki, Suzuki, Husqvarna, GasGas","Honda CRF250R / CRF450R, Yamaha YZ250F / YZ450F, KTM 250 SX-F / 450 SX-F, Kawasaki KX250 / KX450, Suzuki RM-Z250 / RM-Z450, Husqvarna FC 250 / FC 450",1995 - 2025,"Avon AV84 / AV85 Trekrider Tires The Avon Trekrider Tires are a rugged and reliable adventure tire. Thanks to a specially formulated multi-terrain compound, these tires are as at home on the road as they are off of it.","Specially formulated multi-terrain compound Enhanced construction provides high speed stability and off road compliance 50% on-road / 50% off-road performance (per Avon) Rider experience and tire features favor approximately 60% on-road / 40% off-road bias Notes : It is recommended to change your valve stem, tube and/or rim strip when installing a new tire. Shop Here! Need your tire mounted? We’ve got you covered! Tire Mount Discount",https://www.cyclegear.com/_a/product_images/2466/8500/avon_av84_trekrider_tires.jpg,""
922487,P256014,"IRC SS560 Tires",irc-ss560-tires,Tires,IRC Tires,"Scooter","Dot Tire / Scooter Tire",62.95,69.95,4.30,3,"Honda, Yamaha, Vespa, Suzuki, Piaggio, Kymco","Honda PCX150 / Ruckus, Yamaha Zuma / XMAX, Vespa Primavera / GTS 300, Suzuki Burgman 400",2005 - 2025,"IRC SS560 Tires The rubber compound on IRC SS560 Tire extends the life of the tire and provides stability at high speeds.","P-rated for speeds up to 93 mph Designed for large-cc scooters Tubeless (TL) Blackwall Bias construction E-Marked Notes : It is recommended to change your valve stem, tube and/or rim strip when installing a new tire. Shop Here!",https://www.cyclegear.com/_a/product_images/2069/9408/ircss560_front_motorcycle_tire90901446_p.jpg,""
10203460,P722642,"Metzeler Karoo Extreme Tires",metzeler-karoo-extreme-tires,Tires,Metzeler,"Dirt Bike / Off-Road / Adventure / Dual Sport","20 On Road 80 Off Road / Dot Dirt Tires / Touring Tire / Intermediate Terrain",113.86,152.62,4.30,69,"Honda, Yamaha, KTM, Kawasaki, Suzuki, Husqvarna, GasGas","Honda CRF250R / CRF450R, Yamaha YZ250F / YZ450F, KTM 250 SX-F / 450 SX-F, Kawasaki KX250 / KX450, Suzuki RM-Z250 / RM-Z450, Husqvarna FC 250 / FC 450",1995 - 2025,"Metzeler Karoo Extreme Tires The Karoo Extreme Tires are intended for use during multi-purpose and rally racing featuring a tread and rubber compound designed optimum grip and control in difficult conditions.","Knobs designed for traction in difficult conditions Carcass construction promotes braking stability and agile handling Combination natural and synthetic rubber for wear and tear resistance DOT approved Notes : It is recommended to change your valve stem, tube and/or rim strip when installing a new tire. Shop Here! Need your tire mounted? We’ve got you covered! Tire Mount Discount",https://www.cyclegear.com/_a/product_images/1017/7663/metzeler_karoo_extreme_tires.jpg,""
10386964,P1087829,"Mitas Terra Force EX SM Super Tires",mitas-terra-force-ex-sm-super-tires,Tires,Mitas,"Dirt Bike / Off-Road","20 On Road 80 Off Road / 10 On Road 90 Off Road / Dot Dirt Tires / Dot Tire",115.15,131.99,5.00,3,"Honda, Yamaha, KTM, Kawasaki, Suzuki, Husqvarna, GasGas","Honda CRF250R / CRF450R, Yamaha YZ250F / YZ450F, KTM 250 SX-F / 450 SX-F, Kawasaki KX250 / KX450, Suzuki RM-Z250 / RM-Z450, Husqvarna FC 250 / FC 450",1995 - 2025,"Mitas Terra Force EX Super Tires Experience maximum traction and renowned durability with the Mitas Terra Force EX Tires. These tires boast multiple rubber compound and carcass options, coupled with tread designs tailored to specific terrains. The rear tire features full-height knobs, making it race-ready and DOT certified for an exceptional performance on and off the road.","Tread designed for optimum performance in medium to hard terrain Competition tire, DOT legal for use on Enduro and Dual Sport Motorcycles Tube Type Application Notes : It is recommended to change your valve stem, tube and/or rim strip when installing a new tire. Shop Here! Need your tire mounted? We’ve got you covered! Tire Mount Discount",https://www.cyclegear.com/_a/product_images/2209/0488/mitas_terra_force_exsm_super_tires.jpg,""
159576,P43602,"Maxxis Maxxcross SI M7311 / M7312 Tires",maxxis-maxxcross-si-m7311-m7312-tires,Tires,Maxxis Tires,"Dirt Bike / Off-Road","Off Highway Non Dot Inc / Soft Terrain / Dirt Bike Tire / Intermediate Terrain",52.09,59.04,5.00,3,"Honda, Yamaha, KTM, Kawasaki, Suzuki, Husqvarna, GasGas","Honda CRF250R / CRF450R, Yamaha YZ250F / YZ450F, KTM 250 SX-F / 450 SX-F, Kawasaki KX250 / KX450, Suzuki RM-Z250 / RM-Z450, Husqvarna FC 250 / FC 450",1995 - 2025,"Maxxis Maxxcross SI M7311 / M7312 Soft / Intermediate Tires Developed and tested at the Grand National Cross Country Series, the SI's race-proven tire compound delivers excellent traction in soft/intermediate conditions. Its anti-flex knob bridges on side lugs offer solid straight-line stability. It also features enhanced grip to allow for aggressive cornering. The SI is proof that Maxxis takes performance and durability to a whole new level.","Developed during Grand National Cross Country series Race proven rubber compound delivers excellent traction in soft/intermediate terrain conditions Anti-flex knob bridges on side lugs offer solid straight line stability and enhance grip for aggressive cornering Tube Type Need your tire mounted? We’ve got you covered! Tire Mount Discount",https://www.cyclegear.com/_a/product_images/0001/5149/maxxis_maxxcross_sim7311_m7312_tires_front.jpg,""
158921,P43315,"IRC WF-920 Wild Flare Tires",irc-wf-920-wild-flare-tires,Tires,IRC Tires,"Cruiser / V-Twin","Cruiser Tire / Dot Tire",132.56,155.95,4.60,40,"Harley-Davidson, Honda, Yamaha, Indian, Kawasaki, Suzuki, Victory","Harley (Sportster, Softail, Dyna, Street Glide, Road King, Fat Boy), Honda Shadow / VTX, Yamaha V-Star / Bolt, Indian Scout / Chief, Kawasaki Vulcan, Suzuki Boulevard",1990 - 2025,"IRC WF-920 Wild Flare Tires Features Developed especially for use on cruiser models and well balanced in design and performance Added reinforcement to the sidewall and tire bead junction helps prevent torsional flexing under heavy load H-rated for speeds up to 130 mph Available only in tubeless design with blackwall Notes : It is recommended to change your valve stem, tube and/or rim strip when installing a new tire. Shop Here! Need your tire mounted? We’ve got you covered! Tire Mount Discount","N/A",https://www.cyclegear.com/_a/product_images/2069/4903/ircwf920_wild_flare_motorcycle_tires.jpg,""
157363,P1033560,"Kenda K284 23.5"" Front Max Tires",kenda-k284-235-front-max-tires,Tires,N/A,"Utvatv","Hard Terrain / Utv Atv Tire",98.07,108.95,5.00,3,"Can-Am, Polaris, Honda, Yamaha, Kawasaki, Arctic Cat","Can-Am Spyder / Ryker / Maverick, Polaris RZR / Ranger, Honda Pioneer / Foreman, Yamaha Grizzly",2008 - 2025,"Kenda K284 Front Max Tires The K284 Front Max Tires are the industry's first front rib tire designed exclusively for ATVs. This instant classic from Kenda offers grip, stable tracking and good braking in a variety of conditions. And you guessed right: They go in the front.","Designed for grip on a variety of hard to intermediate surfaces Excels on hard pack, blue groove, loose dirt, gravel and grass Reinforced knobs for superior tracking and cornering Lightweight 2 ply design Puncture resistant casing For off-highway use only",https://www.cyclegear.com/_a/product_images/1905/3325/kenda_k284_front_max_tires.jpg,""
10386932,P1087820,"Mitas Enduro Trail XT Dakar Tires",mitas-enduro-trail-xt-dakar-tires,Tires,Mitas,"Adventure / Dual Sport / Dirt Bike / Off-Road","30 On Road 70 Off Road / Dot Dirt Tires / Dirt Bike Tire / Dot Tire",182.25,208.99,3.90,7,"Honda, Yamaha, KTM, Kawasaki, Suzuki, Husqvarna, GasGas","Honda CRF250R / CRF450R, Yamaha YZ250F / YZ450F, KTM 250 SX-F / 450 SX-F, Kawasaki KX250 / KX450, Suzuki RM-Z250 / RM-Z450, Husqvarna FC 250 / FC 450",1995 - 2025,"Mitas Enduro Trail XT Dakar Tires The Mitas Enduro Trail XT Dakar Tires address the needs of riders seeking authentic off-road performance with the flexibility to navigate the tarmac on their journey home. Derived from the original E-10 ADV product line, the XT Rear tire boasts a block-style tread pattern paired with a wide footprint profile, ensuring on-road stability during all adventures.","The XT is designed for 30% on-road / 70% off-road use on Adventure and Dual Sport motorcycles All XT tires approved for TL (Tubeless) and TT (Tube Type) applications Rear fitment options from full sized ADV bikes down to single cylinder Dual Sport machines Ideal fitment when combined with the XT+ or Rally front tires ADV specific tire profile with block style knob pattern for off-road performance DOT approved Notes : It is recommended to change your valve stem, tube and/or rim strip when installing a new tire. Shop Here! Need your tire mounted? We’ve got you covered! Tire Mount Discount",https://www.cyclegear.com/_a/product_images/2209/1372/mitas_enduro_trail_xt_dakar_tires.jpg,""
1789016,P834373,"Michelin Pilot Road 4 Scooter Tires",michelin-pilot-road-4-scooter-tires,Tires,Michelin Tires,"Scooter","Scooter Tire / Dot Tire",193.74,233.95,4.70,22,"Honda, Yamaha, Vespa, Suzuki, Piaggio, Kymco","Honda PCX150 / Ruckus, Yamaha Zuma / XMAX, Vespa Primavera / GTS 300, Suzuki Burgman 400",2005 - 2025,"Michelin Pilot Sport SC Scooter Tires Inspired by the full sized Michelin Pilot tire, the Pilot Sport SC is ideal for larger scooters who want the most out of it.","Offers superb steering, braking and handling Performance-oriented casing profile and tread design Some sizes (indicated by an R) are radial construction to minimize carcass deformation at high speeds, providing uniform wear and exceptional grip Notes : It is recommended to change your valve stem, tube and/or rim strip when installing a new tire. Shop Here!",https://www.cyclegear.com/_a/product_images/1375/4957/michelin_pilot_road4_scooter_tires.jpg,""
1125421,P338219,"Duro HF319 Tires",duro-hf319-tires,Tires,N/A,"Cruiser / V-Twin","Cruiser Tire / Harley Tire / Vintage Tire / Dot Tire",45.56,60.95,4.70,3,"Harley-Davidson","Harley (Sportster, Softail, Dyna, Street Glide, Road King, Fat Boy), Honda Shadow / VTX, Yamaha V-Star / Bolt, Indian Scout / Chief, Kawasaki Vulcan, Suzuki Boulevard",1990 - 2025,"Duro HF319 Tires Classic tires for motorcycles going back decades. Duro tires combine advanced compounds with a classic appearance and are a great choice for all types of vintage motorcycles.","Can be used as a front or rear tire Bias ply construction Blackwall Tube type (TT) Non-speed rated for speeds up to 93mph Notes : It is recommended to change your valve stem, tube and/or rim strip when installing a new tire. Shop Here! Need your tire mounted? We’ve got you covered! Tire Mount Discount",https://www.cyclegear.com/_a/product_images/0184/0706/duro_hf319_tires.jpg,""
157982,P821920,"Bridgestone TW52 Trail Wing Rear Tires",bridgestone-tw52-trail-wing-rear-tires,Tires,Bridgestone,"Adventure / Dual Sport / Dirt Bike / Off-Road","Dual Road Bias Dot / 30 On Road 70 Off Road / Dot Dirt Tires / Hard Terrain",159.28,222.30,4.00,4,"Honda, Yamaha, KTM, Kawasaki, Suzuki, Husqvarna, GasGas","Honda CRF250R / CRF450R, Yamaha YZ250F / YZ450F, KTM 250 SX-F / 450 SX-F, Kawasaki KX250 / KX450, Suzuki RM-Z250 / RM-Z450, Husqvarna FC 250 / FC 450",1995 - 2025,"Bridgestone TW52 Trail Wing Rear Tires","Four-ply front/rear combination designed for dual-sport use Special dimpled tread pattern means many edges to maximize traction Long-wearing durability Self-cleaning tread blocks give a traction edge for muddy and loose terrains 4.60-18 is the OE replacement for Honda XR650L DOT approved Notes : It is recommended to change your valve stem, tube and/or rim strip when installing a new tire. Shop Here! Need your tire mounted? We’ve got you covered! Tire Mount Discount",https://www.cyclegear.com/_a/product_images/1344/6459/bridgestone_tw52_trail_wing_rear_tires.jpg,""
10222999,P998042,"Bridgestone Battlax BT-020 Tires",bridgestone-battlax-bt-020-tires,Tires,Bridgestone,"Cruiser / V-Twin / Adventure / Dual Sport","Dot Tire / Cruiser Tire",217.11,303.01,5.00,2,"Harley-Davidson, Honda, Yamaha, Indian, Kawasaki, Suzuki, Victory","Harley (Sportster, Softail, Dyna, Street Glide, Road King, Fat Boy), Honda Shadow / VTX, Yamaha V-Star / Bolt, Indian Scout / Chief, Kawasaki Vulcan, Suzuki Boulevard",1990 - 2025,"Bridgestone Battlax BT-020 Tires","High quality Exceptional value A perfect match to your ride Notes : It is recommended to change your valve stem, tube and/or rim strip when installing a new tire. Shop Here! Need your tire mounted? We’ve got you covered! Tire Mount Discount",https://www.cyclegear.com/_a/product_images/2023/2136/bridgestone_battlax_bt020_tires.jpg,""
10220865,P997050,"IRC MB-57 Tires",irc-mb-57-tires,Tires,IRC Tires,"Scooter","Scooter Tire / Dot Tire",68.95,75.95,5.00,2,"Honda, Yamaha, Vespa, Suzuki, Piaggio, Kymco","Honda PCX150 / Ruckus, Yamaha Zuma / XMAX, Vespa Primavera / GTS 300, Suzuki Burgman 400",2005 - 2025,"IRC MB-57 Tires","An all around good tire for your scooter or small CC bike. Good performance in wet or dry conditions J-rated for speeds up to 62 mph Tubeless (TL) Blackwall Bias construction",https://www.cyclegear.com/_a/product_images/2024/1129/ircmb57_motorcycle_tire110901051_j.jpg,""
1152581,P347309,"Shinko SR 520 Tires",shinko-sr-520-tires,Tires,Shinko Tires,"Dirt Bike / Off-Road","Dirt Bike Tire / Hard Terrain / Intermediate Terrain / Non Dot Tire",38.01,47.95,4.00,4,"Honda, Yamaha, KTM, Kawasaki, Suzuki, Husqvarna, GasGas","Honda CRF250R / CRF450R, Yamaha YZ250F / YZ450F, KTM 250 SX-F / 450 SX-F, Kawasaki KX250 / KX450, Suzuki RM-Z250 / RM-Z450, Husqvarna FC 250 / FC 450",1995 - 2025,"Shinko SR 520 Tires The SR 520 Tires borrow technology from the proven 520 Series line and make them available for smaller rim diameters. A carbon-rich compound, directional tread and reinforced knobs delivery great performance and value.","Formulated for intermediate and hard surfaces High carbon blend for extended wear Need your tire mounted? We’ve got you covered! Tire Mount Discount",https://www.cyclegear.com/_a/product_images/1359/5689/shinko_tires_sr520.jpg,""
1152586,P347311,"Shinko SR 009 Scooter Tires",shinko-sr-009-scooter-tires,Tires,Shinko Tires,"Scooter","Scooter Tire / Dot Tire",63.71,74.95,5.00,2,"Honda, Yamaha, Vespa, Suzuki, Piaggio, Kymco","Honda PCX150 / Ruckus, Yamaha Zuma / XMAX, Vespa Primavera / GTS 300, Suzuki Burgman 400",2005 - 2025,"Shinko Sr 009 Tires The SR009 is an ideal tire choice for modern scooters.","Tubeless 4-ply rating DOT Approved Notes : It is recommended to change your valve stem, tube and/or rim strip when installing a new tire. Shop Here!",https://www.cyclegear.com/_a/product_images/0214/9950/shinko_sr009_tires.jpg,""
1813173,P849857,"Dunlop K990 Vintage Tires",dunlop-k990-vintage-tires,Tires,Dunlop,"Dirt Bike / Off-Road","Off Highway Non Dot Inc / Dirt Bike Tire / Vintage Tire / Hard Terrain",97.99,137.95,4.00,2,"Honda, Yamaha, KTM, Kawasaki, Suzuki, Husqvarna, GasGas","Honda CRF250R / CRF450R, Yamaha YZ250F / YZ450F, KTM 250 SX-F / 450 SX-F, Kawasaki KX250 / KX450, Suzuki RM-Z250 / RM-Z450, Husqvarna FC 250 / FC 450",1995 - 2025,"Dunlop K990 Vintage Tires The Dunlop K990 Vintage Tire was designed for small displacement dirt bikes from the early 1990s. At the time its cutting edge design was preferred by performance hungry racers.","Classic pattern; modern construction Modeled after the early 90's Off-Road racing pattern Imported to meet the needs of the vintage market Ideal for small-bore vintage bikes of 100/125cc classes. Need your tire mounted? We’ve got you covered! Tire Mount Discount",https://www.cyclegear.com/_a/product_images/1412/7658/dunlop_k990_vintage_tires.jpg,""
1125415,P338215,"Duro HF317 Front Tires",duro-hf317-front-tires,Tires,N/A,"Cruiser / V-Twin","Cruiser Tire / Harley Tire / Vintage Tire / Dot Tire",64.76,80.95,5.00,2,"Harley-Davidson","Harley (Sportster, Softail, Dyna, Street Glide, Road King, Fat Boy), Honda Shadow / VTX, Yamaha V-Star / Bolt, Indian Scout / Chief, Kawasaki Vulcan, Suzuki Boulevard",1990 - 2025,"Duro HF317 Front Tires Classic tires for motorcycles going back decades. Duro tires combine advanced compounds with a classic appearance and are a great choice for all types of vintage motorcycles.","Bias ply Blackwall Tube type (TT) H-rated for speeds up to 130mph Non-speed rated for speeds up to 93mph Notes : It is recommended to change your valve stem, tube and/or rim strip when installing a new tire. Shop Here! Need your tire mounted? We’ve got you covered! Tire Mount Discount",https://www.cyclegear.com/_a/product_images/0184/0650/duro_hf317_front_tires.jpg,""
1152587,P347312,"Shinko SR 429 Scooter Tires",shinko-sr-429-scooter-tires,Tires,Shinko Tires,"Scooter","Scooter Tire / Dot Tire",60.81,74.95,4.50,2,"Honda, Yamaha, Vespa, Suzuki, Piaggio, Kymco","Honda PCX150 / Ruckus, Yamaha Zuma / XMAX, Vespa Primavera / GTS 300, Suzuki Burgman 400",2005 - 2025,"Shinko SR 429 Scooter Tires The 429 Scooter Tire will add some ADV flair to your ride as you navigate the urban jungle.","Rugged tread pattern DOT approved Durable 4 ply carcass Notes : It is recommended to change your valve stem, tube and/or rim strip when installing a new tire. Shop Here!",https://www.cyclegear.com/_a/product_images/1359/4618/shinko_tires_sr429.jpg,""
922504,P256028,"IRC SS-530 Tires",irc-ss-530-tires,Tires,IRC Tires,"Scooter / Cruiser / V-Twin","Scooter Tire / Dot Tire",98.95,0.00,5.00,2,"Harley-Davidson, Honda, Yamaha, Indian, Kawasaki, Suzuki, Victory","Harley (Sportster, Softail, Dyna, Street Glide, Road King, Fat Boy), Honda Shadow / VTX, Yamaha V-Star / Bolt, Indian Scout / Chief, Kawasaki Vulcan, Suzuki Boulevard",1990 - 2025,"IRC SS-530 Tires","Ideal for large displacement scooters Rubber compound extends life of tire and provides stability at high speeds OEM-approved quality and performance Notes : It is recommended to change your valve stem, tube and/or rim strip when installing a new tire. Shop Here!",https://www.cyclegear.com/_a/product_images/2078/0934/ircss530_tires.jpg,""
10222994,P998037,"Bridgestone Exedra G703 Tires",bridgestone-exedra-g703-tires,Tires,Bridgestone,"Cruiser / V-Twin / Adventure / Dual Sport","Customcruisertouring Bi / Dot Tire / Cruiser Tire",214.88,299.88,4.00,3,"Harley-Davidson, Honda, Yamaha, Indian, Kawasaki, Suzuki, Victory","Harley (Sportster, Softail, Dyna, Street Glide, Road King, Fat Boy), Honda Shadow / VTX, Yamaha V-Star / Bolt, Indian Scout / Chief, Kawasaki Vulcan, Suzuki Boulevard",1990 - 2025,"Bridgestone Exedra G703 Tires","The Exedra G series provides long mileage, good stability, crisp handling and riding comfort Notes : It is recommended to change your valve stem, tube and/or rim strip when installing a new tire. Shop Here! Need your tire mounted? We’ve got you covered! Tire Mount Discount",https://www.cyclegear.com/_a/product_images/2023/1507/bridgestone_exedra_g703_tires.jpg,""
10386919,P1087815,"Mitas Terra Force EX SM Super Light Tires",mitas-terra-force-ex-sm-super-light-tires,Tires,Mitas,"Dirt Bike / Off-Road","20 On Road 80 Off Road / 10 On Road 90 Off Road / Dot Dirt Tires / Dot Tire",99.09,113.99,5.00,3,"Honda, Yamaha, KTM, Kawasaki, Suzuki, Husqvarna, GasGas","Honda CRF250R / CRF450R, Yamaha YZ250F / YZ450F, KTM 250 SX-F / 450 SX-F, Kawasaki KX250 / KX450, Suzuki RM-Z250 / RM-Z450, Husqvarna FC 250 / FC 450",1995 - 2025,"Mitas Terra Force EX SM Super Light Tires Experience maximum traction and renowned durability with the Mitas Terra Force EX Tires. These tires boast multiple rubber compound and carcass options, coupled with tread designs tailored to specific terrains. The rear tire features full-height knobs, making it race-ready and DOT certified for an exceptional performance on and off the road.","Tread designed for optimum performance in soft to medium terrain Competition tire, DOT legal for use on Enduro and Dual Sport Motorcycles Tube Type Application Notes : It is recommended to change your valve stem, tube and/or rim strip when installing a new tire. Shop Here! Need your tire mounted? We’ve got you covered! Tire Mount Discount",https://www.cyclegear.com/_a/product_images/2209/1423/mitas_terra_force_exsm_super_light_tires.jpg,""
1159543,P350042,"Mitas MC-20 Monsoon Scooter Tires",mitas-mc-20-monsoon-scooter-tires,Tires,Mitas,"Street / Sportbike","Scooter Tire / Dot Tire",59.95,0.00,5.00,1,"Honda, Yamaha, Vespa, Suzuki, Piaggio, Kymco","Honda PCX150 / Ruckus, Yamaha Zuma / XMAX, Vespa Primavera / GTS 300, Suzuki Burgman 400",2005 - 2025,"Mitas MC20 Monsoon Tires When it rains it pours. Sometimes in said conditions you still need to get into work. The MC20 features a channeled tread pattern to displace water for confident braking and cornering in wet weather.","Tubeless design Water-dispersing tread pattern Need your tire mounted? We’ve got you covered! Tire Mount Discount",https://www.cyclegear.com/_a/product_images/1709/3179/mitas_mc20_monsum_tires.jpg,""
1125416,P338218,"Duro HF314 Tires",duro-hf314-tires,Tires,N/A,"Cruiser / V-Twin","Cruiser Tire / Harley Tire / Vintage Tire / Dot Tire",82.36,102.95,5.00,2,"Harley-Davidson","Harley (Sportster, Softail, Dyna, Street Glide, Road King, Fat Boy), Honda Shadow / VTX, Yamaha V-Star / Bolt, Indian Scout / Chief, Kawasaki Vulcan, Suzuki Boulevard",1990 - 2025,"Duro HF314 Tires Classic tires for motorcycles going back decades. Duro tires combine advanced compounds with a classic appearance and are a great choice for all types of vintage motorcycles.","Can be used as a front or rear tire Bias ply Blackwall Tube type (TT) P-speed rated for speeds up to 93mph Need your tire mounted? We’ve got you covered! Tire Mount Discount",https://www.cyclegear.com/_a/product_images/0184/0682/duro_hf314_tires.jpg,""
10049408,P898940,"BF Goodrich Mud-Terrain T/A KM3 Tires",bf-goodrich-mud-terrain-ta-km3-tires,Tires,BF Goodrich,"Utvatv","Mud Tire / Utv Atv Tire / Intermediate Terrain",265.16,291.95,5.00,1,"Can-Am, Polaris, Honda, Yamaha, Kawasaki, Arctic Cat","Can-Am Spyder / Ryker / Maverick, Polaris RZR / Ranger, Honda Pioneer / Foreman, Yamaha Grizzly",2008 - 2025,"BF Goodrich Mud-Terrain T/A KM3 Tires The BF Goodrich Mud-Terrain KM3s are designed for grip in mud and loose soil. The ""Terrain-Attack"" tread design uses massive tread lugs that are positioned to achieve traction at any angle of approach. Along with the reinforced lugs are mud phobic bars that help the tire release compacted mud for enhanced traction. BFG formulates the softer ""Built to Climb"" or Krawl-TEK rubber compound specifically for UTV applications - enhancing grip over rock and slick surfaces. Designed to conquer the toughest terrain, these tires are constructed with extreme sidewall protection, shock resistance and chip-and-tear resistance on gravel. The CoreGuard Max race proven technology helps prevent splitting or puncturing with increased thickness that protects critical sidewall failure.","Mud-terrain tire with light truck-inspired design UTV-specific tread compound 8 ply radial construction BF Goodrich ""Traction Advantage"" Notched shoulder design for grip in mud and soft soil Mud phobic bars release packed mud Advanced deflection design protects sidewall Designed for excellent low PSI flex Not DOT approved For off highway use only Note : Tire only. Wheel not included.",https://www.cyclegear.com/_a/product_images/1533/5322/bf_goodrich_mud_terrain_takm3_tires.jpg,""
10222997,P998040,"Bridgestone Exedra G548 Tires",bridgestone-exedra-g548-tires,Tires,Bridgestone,"Cruiser / V-Twin / Adventure / Dual Sport","Customcruisertouring Bi / Dot Tire / Cruiser Tire",279.10,419.87,5.00,1,"Harley-Davidson, Honda, Yamaha, Indian, Kawasaki, Suzuki, Victory","Harley (Sportster, Softail, Dyna, Street Glide, Road King, Fat Boy), Honda Shadow / VTX, Yamaha V-Star / Bolt, Indian Scout / Chief, Kawasaki Vulcan, Suzuki Boulevard",1990 - 2025,"Bridgestone Exedra G548 Tires","The Exedra G series provides long mileage, good stability, crisp handling and riding comfort Notes : It is recommended to change your valve stem, tube and/or rim strip when installing a new tire. Shop Here! Need your tire mounted? We’ve got you covered! Tire Mount Discount",https://www.cyclegear.com/_a/product_images/2023/1608/bridgestone_exedra_g548_tires.jpg,""
10032786,P891868,"Maxxis Razr Tires",maxxis-razr-tires,Tires,Maxxis Tires,"Utvatv","Hard Terrain / Utv Atv Tire",135.86,144.00,5.00,2,"Can-Am, Polaris, Honda, Yamaha, Kawasaki, Arctic Cat","Can-Am Spyder / Ryker / Maverick, Polaris RZR / Ranger, Honda Pioneer / Foreman, Yamaha Grizzly",2008 - 2025,"Maxxis Razr Tires The RAZR Tires from Maxxis are designed for any terrain, with a cross country and MX style tread pattern combined with knobs across the tread surface. This solid knob design helps to improve traction and keeps you stable as you ride.","Designed for desert, hard pack, intermediate and rocky terrain Cross country and MX style tread pattern Knobs extend across the tread surface area for a large contact patch that maximizes traction Laboratory-tested and competition-proven in the national championship cross country series Solid knob design improves traction and reduces tread squirm Specially formulated racing compound delivers superior traction while extending tread life 4 or 6 ply versions available For off highway use only",https://www.cyclegear.com/_a/product_images/1513/3486/maxxis_razr_tires.jpg,""
10049766,P899134,"System 3 Off-Road XT400 Tires",system-3-off-road-xt400-tires,Tires,System 3 Off-Road,"Utvatv","Utv Atv Tire / Mud Tire / Soft Terrain",264.60,294.10,4.00,1,"Honda, Yamaha, KTM, Kawasaki, Suzuki, Husqvarna, GasGas","Honda CRF250R / CRF450R, Yamaha YZ250F / YZ450F, KTM 250 SX-F / 450 SX-F, Kawasaki KX250 / KX450, Suzuki RM-Z250 / RM-Z450, Husqvarna FC 250 / FC 450",1995 - 2025,"System 3 Off-Road XT400 Tires The System 3 Off-Road XT400 Tire is specifically designed for riders who demand exceptional performance in muddy and trail conditions. This tire is a hybrid, incorporating the outstanding qualities of the XTR370 and XM310 series. The design features a wide, square footprint with deep, dual-stage lugs that excel in providing traction over both loose surfaces and rocky terrain. The advanced tread pattern derives its versatility from a ten-ply radial carcass, prized for its durability and flexibility. Additionally, the tire includes a substantial, reinforced rim guard that aids in protecting against flats while traversing challenging trails.","Mud-trail hybrid for extreme trail traction Advanced 10 ply radial construction Multi-stage center lugs Super aggressive shoulder lugs Deep rim guard Tires up to 33"": 1.25"" to 1.5"" tread depth Tires 35"" and larger: 1.5"" to 2"" tread depth For off highway use only Note : Tire only. Wheel not included.",https://www.cyclegear.com/_a/product_images/1534/4433/system3_off_road_xt400_tires.jpg,""
539629,P145888,"Bridgestone Battlax BT-014 Tires",bridgestone-battlax-bt-014-tires,Tires,Bridgestone,"Cruiser / V-Twin","Cruiser Tire / Dot Tire",215.24,300.39,5.00,1,"Harley-Davidson, Honda, Yamaha, Indian, Kawasaki, Suzuki, Victory","Harley (Sportster, Softail, Dyna, Street Glide, Road King, Fat Boy), Honda Shadow / VTX, Yamaha V-Star / Bolt, Indian Scout / Chief, Kawasaki Vulcan, Suzuki Boulevard",1990 - 2025,"Bridgestone Battlax BT-014 Tires","Sport Touring and Cruiser Radials designed for touring oriented sport riders offering solid performance and good mileage Silica enriched compound offers exceptional level of grip on both wet and dry surfaces Mono-spiral belt construction (rear) offers high speed stability and outstanding shock absorption Notes : It is recommended to change your valve stem, tube and/or rim strip when installing a new tire. Shop Here! Need your tire mounted? We’ve got you covered! Tire Mount Discount",https://www.cyclegear.com/_a/product_images/2069/9255/bridgestone_battlax_bt014_tires.jpg,""
10035761,P893269,"Duro DI2025 Power Grip Tires",duro-di2025-power-grip-tires,Tires,N/A,"Utvatv","Intermediate Terrain / Utv Atv Tire",165.75,194.95,5.00,1,"Can-Am, Polaris, Honda, Yamaha, Kawasaki, Arctic Cat","Can-Am Spyder / Ryker / Maverick, Polaris RZR / Ranger, Honda Pioneer / Foreman, Yamaha Grizzly",2008 - 2025,"Duro DI2025 Power Grip Tires Designed for taking on any terrain, the Duro DI2025 Power Grip Tires are angle treaded with a radial construction to get you through and over various landscapes.","Designed for all-terrain performance Smooth and comfortable ride Angled tread bars and deep shoulder lugs to evacuate mud and provide impressive grip on rocks Radial construction provides a smooth ride over rough terrain 4 and 6 ply construction for improved puncture resistance and load capacity For off highway use only",https://www.cyclegear.com/_a/product_images/1518/3608/duro_di2025_power_grip_tires.jpg,""
10222996,P998039,"Bridgestone Exedra G526 Tires",bridgestone-exedra-g526-tires,Tires,Bridgestone,"Cruiser / V-Twin / Adventure / Dual Sport","Customcruisertouring Bi / Cruiser Tire / Dot Tire",237.19,356.84,4.00,1,"Harley-Davidson, Honda, Yamaha, Indian, Kawasaki, Suzuki, Victory","Harley (Sportster, Softail, Dyna, Street Glide, Road King, Fat Boy), Honda Shadow / VTX, Yamaha V-Star / Bolt, Indian Scout / Chief, Kawasaki Vulcan, Suzuki Boulevard",1990 - 2025,"Bridgestone Exedra G526 Tires","The Exedra G series provides long mileage, good stability, crisp handling and riding comfort Notes : It is recommended to change your valve stem, tube and/or rim strip when installing a new tire. Shop Here! Need your tire mounted? We’ve got you covered! Tire Mount Discount",https://www.cyclegear.com/_a/product_images/2023/1558/bridgestone_exedra_g526_tires.jpg,""
1765446,P817325,"Maxxis Flat Track M7302 DTR-1 Tires",maxxis-flat-track-m7302-dtr-1-tires,Tires,Maxxis Tires,"Dirt Bike / Off-Road / Cruiser / V-Twin","Off Highway Non Dot Inc / Dirt Bike Tire / Harley Tire / Hard Terrain",267.85,281.95,5.00,2,"Harley-Davidson","Harley (Sportster, Softail, Dyna, Street Glide, Road King, Fat Boy), Honda Shadow / VTX, Yamaha V-Star / Bolt, Indian Scout / Chief, Kawasaki Vulcan, Suzuki Boulevard",1990 - 2025,"Maxxis Flat Track M7302 DTR-1 Tires The Maxxis Flat Track M7302 DTR-1 Tires are track ready and provide excellent traction, grip and feel.","Different available compound options For racing and track use only Not DOT approved for highway use Size Conversions: 130/80-19 is equivalent to 27x7-19 140/80-19 is equivalent to 27.5x7.5-19 Notes : It is recommended to change your valve stem, tube and/or rim strip when installing a new tire. Shop Here! Need your tire mounted? We’ve got you covered! Tire Mount Discount",https://www.cyclegear.com/_a/product_images/1326/9109/maxxis_flat_track_m7302_dtr1_tires.jpg,""
10032749,P891853,"Maxxis RoxxZilla Tires",maxxis-roxxzilla-tires,Tires,Maxxis Tires,"Utvatv","Soft Terrain / Utv Atv Tire / Hard Terrain",357.20,376.00,5.00,1,"Honda, Yamaha, KTM, Kawasaki, Suzuki, Husqvarna, GasGas","Honda CRF250R / CRF450R, Yamaha YZ250F / YZ450F, KTM 250 SX-F / 450 SX-F, Kawasaki KX250 / KX450, Suzuki RM-Z250 / RM-Z450, Husqvarna FC 250 / FC 450",1995 - 2025,"Maxxis Roxx Zilla Tires Designed for hard packed surfaces and rocky terrain, the Maxxis RoxxZilla Tires are perfect for gripping to rocks and keeping you moving. The 8 ply radial construction, high multi-layer sidewall and high void ratio aid in sidewall traction for rock climbing and improving grip and puncture resistance.","Designed for rocky terrain and hard pack 8 ply rated radial construction High multi-layer sidewall design enhances sidewall traction for rock crawling High void ratio in center and two layers on shoulder improve grip and puncture resistance Soft rock crawling tread compound Select sizes available in competition rubber compound For off highway use only",https://www.cyclegear.com/_a/product_images/1513/7617/maxxis_roxx_zilla_tires.jpg,""
10386962,P1087827,"Mitas Terra Force EF Pro Super Soft Tires",mitas-terra-force-ef-pro-super-soft-tires,Tires,Mitas,"Dirt Bike / Off-Road","Hard Terrain / Non Dot Tire / Dual Sport Tire / Dirt Bike Tire",162.40,185.99,5.00,1,"Honda, Yamaha, KTM, Kawasaki, Suzuki, Husqvarna, GasGas","Honda CRF250R / CRF450R, Yamaha YZ250F / YZ450F, KTM 250 SX-F / 450 SX-F, Kawasaki KX250 / KX450, Suzuki RM-Z250 / RM-Z450, Husqvarna FC 250 / FC 450",1995 - 2025,"Mitas Terra Force EF Pro Super Soft Tires The Mitas Terra Force EF Tires seamlessly merge the original Terra Force front carcass with a new tread pattern specifically crafted for soft and intermediate terrain. This innovative design has undergone thorough development and testing by elite hard enduro racers from around the world.","Tread designed for optimum performance in soft to intermediate conditions Competition tire, DOT legal for use on Enduro and Dual Sport Motorcycles (20/80 road to dirt Dual Sport application) Tube Type Application Notes : It is recommended to change your valve stem, tube and/or rim strip when installing a new tire. Shop Here! Need your tire mounted? We’ve got you covered! Tire Mount Discount",https://www.cyclegear.com/_a/product_images/2209/0539/mitas_terra_force_pro_super_soft_tires.jpg,""
10044561,P896286,"Quad Boss QBT448 Utility Tires",quad-boss-qbt448-utility-tires,Tires,Quad Boss,"Utvatv","Soft Terrain / Utv Atv Tire",133.99,0.00,5.00,1,"Honda, Yamaha, KTM, Kawasaki, Suzuki, Husqvarna, GasGas","Honda CRF250R / CRF450R, Yamaha YZ250F / YZ450F, KTM 250 SX-F / 450 SX-F, Kawasaki KX250 / KX450, Suzuki RM-Z250 / RM-Z450, Husqvarna FC 250 / FC 450",1995 - 2025,"QuadBoss QBT448 Utility Tires The 448 Utility Tires from Quad Boss use a V-shaped lug pattern to boost grip while offering good behavior over hard pack. Rolling resistance is reduced. This same tread characteristic improves tread life and keep road noise low. Staggered shoulder knobs increase cornering bite and stability. The 448 Utility Tire's multi-purpose design excels over a wide variety of terrains.","Loose to intermediate terrain multi-purpose utility tire V-shaped center tread pattern Large, staggered tread knobs and shoulder lugs Reduced rolling resistance and improved tread life Directional 6 ply bias construction 3/4"" tread depth For off highway use only",https://www.cyclegear.com/_a/product_images/1525/3204/quad_boss_qbt448_utility_tires.jpg,""
10044526,P896278,"Quad Boss QBT846 Radial Utility Tires",quad-boss-qbt846-radial-utility-tires,Tires,Quad Boss,"Utvatv","Hard Terrain / Utv Atv Tire",166.69,0.00,4.50,2,"Can-Am, Polaris, Honda, Yamaha, Kawasaki, Arctic Cat","Can-Am Spyder / Ryker / Maverick, Polaris RZR / Ranger, Honda Pioneer / Foreman, Yamaha Grizzly",2008 - 2025,"QuadBoss QBT846 Radial Utility Tires The Quad Boss 846 Utility Tires are a tough, all-terrain radial that provides surefooted grip in intermediate to hard terrain. Eight ply construction provides puncture resistance and long lasting durability for your rig. The aggressive sidewall tread not only grabs traction over ruts and rocks but also grabs looks and turns heads.","Light truck-inspired rugged-terrain utility radial 8 ply radial construction Smooth consistent ride and responsive handling Built-in rim guard 3/4"" tread depth",https://www.cyclegear.com/_a/product_images/1525/1922/quad_boss_qbt846_radial_utility_tires.jpg,""
10032776,P891862,"Maxxis Razr Plus MX Tires",maxxis-razr-plus-mx-tires,Tires,Maxxis Tires,"Utvatv","Hard Terrain / Utv Atv Tire",142.49,149.99,5.00,1,"Honda, Yamaha, KTM, Kawasaki, Suzuki, Husqvarna, GasGas","Honda CRF250R / CRF450R, Yamaha YZ250F / YZ450F, KTM 250 SX-F / 450 SX-F, Kawasaki KX250 / KX450, Suzuki RM-Z250 / RM-Z450, Husqvarna FC 250 / FC 450",1995 - 2025,"Maxxis Razr Plus MX Tires The RAZR Plus MX Tires from Maxxis are built to win championships at the highest levels of ATV MX racing. Tested and developed with ATV Motocross champions Joel Hetrick and Chad Wienen, the RAZR Plus MX Tires have passed the ultimate test: helping each rider take championship titles between 2018 and 2020. Achieve your own championship goals with the performance and confidence of the RAZR Plus MX Tires. With an all-terrain tread pattern and 4-ply radial construction, these tires deliver a smooth ride over rough trails. They're perfect for off-highway use, providing reliable performance in tough conditions.","Designed for cross country, hard pack and intermediate terrain Excels on highway and motocross surfaces Aggressive tread design featuring angled shoulder knobs for improved steering and braking Carcass construction and tread pattern provide unmatched straight-line acceleration Lightweight 4 ply rated carcass built for performance on any track Shoulder knobs offer even more predictable sliding capabilities For off highway use only",https://www.cyclegear.com/_a/product_images/1513/7430/maxxis_razr_plus_mx_tires.jpg,""
10222992,P998035,"Bridgestone Exedra L309 Tires",bridgestone-exedra-l309-tires,Tires,Bridgestone,"Cruiser / V-Twin / Adventure / Dual Sport","Customcruisertouring Bi / Cruiser Tire / Dot Tire",180.46,251.84,5.00,1,"Harley-Davidson, Honda, Yamaha, Indian, Kawasaki, Suzuki, Victory","Harley (Sportster, Softail, Dyna, Street Glide, Road King, Fat Boy), Honda Shadow / VTX, Yamaha V-Star / Bolt, Indian Scout / Chief, Kawasaki Vulcan, Suzuki Boulevard",1990 - 2025,"Bridgestone Exedra L309 Tires","The Exedra G series provides long mileage, good stability, crisp handling and riding comfort Tube Notes : It is recommended to change your valve stem, tube and/or rim strip when installing a new tire. Shop Here! Need your tire mounted? We’ve got you covered! Tire Mount Discount",https://www.cyclegear.com/_a/product_images/2023/1218/bridgestone_exedra_l309_tires.jpg,""
10033506,P892494,"Kenda K3203 Mastodon AT Tires",kenda-k3203-mastodon-at-tires,Tires,N/A,"Utvatv","Utv Atv Tire / Soft Terrain",132.26,146.95,5.00,1,"Honda, Yamaha, KTM, Kawasaki, Suzuki, Husqvarna, GasGas","Honda CRF250R / CRF450R, Yamaha YZ250F / YZ450F, KTM 250 SX-F / 450 SX-F, Kawasaki KX250 / KX450, Suzuki RM-Z250 / RM-Z450, Husqvarna FC 250 / FC 450",1995 - 2025,"Kenda K3203 Mastodon AT Tires The Kenda K3203 Mastodon AT Tires are your new favorite UTV all-terrain tires. Engineered to deliver as a true ""do-it-all"" option, the Mastodon AT Tires sport a very aggressive open tread design for good clean-out performance in muddy conditions. The large contact patch and HD radial design offer superior traction and durability on harder packed surfaces. DOT certification extends the list of territories where theses Mastodons can roam.","All-terrain (AT) is the ultimate “do-it-all” tire 8-ply rated, heavy-duty radial construction Aggressive, open lug design for good clean-out in mud Large contact patch on harder ground conditions for superior traction and durability",https://www.cyclegear.com/_a/product_images/1515/1880/kenda_k3203_mastodon_at_tires.jpg,""
10036282,P893602,"Duro DI-K167A Front Tires",duro-di-k167a-front-tires,Tires,N/A,"Utvatv","Non Dot Tire / Intermediate Terrain / Utv Atv Tire",129.52,157.95,5.00,1,"Can-Am, Polaris, Honda, Yamaha, Kawasaki, Arctic Cat","Can-Am Spyder / Ryker / Maverick, Polaris RZR / Ranger, Honda Pioneer / Foreman, Yamaha Grizzly",2008 - 2025,"Duro DI-K167A Front Tires The DIK167A Tires from Duro are a knobby MX-style front tire with four ply bias construction. The directional tread pattern offers good grip over a variety of terrain.","All-terrain MX tread pattern Directional design 4 ply bias construction Extended tread life over many OE tires Matching tread design with Duro DI-K567A rear tires For off highway use only",https://www.cyclegear.com/_a/product_images/1518/7195/duro_dik167_a_front_tires.jpg,""
10033498,P892200,"Kenda K3201 Mastodon HT Tires",kenda-k3201-mastodon-ht-tires,Tires,N/A,"Utvatv","Intermediate Terrain / Utv Atv Tire",134.96,149.95,5.00,1,"Can-Am, Polaris, Honda, Yamaha, Kawasaki, Arctic Cat","Can-Am Spyder / Ryker / Maverick, Polaris RZR / Ranger, Honda Pioneer / Foreman, Yamaha Grizzly",2008 - 2025,"Kenda K3201 Mastodon HT Tires For off-road enthusiasts demanding real curl and burl from their tires, the Mastodon HT tires are DOT-approved hard-terrain rubber designed for peak ATV, UTV and SxS performance. The light truck tire-inspired tread pattern makes for a super smooth ride over a variety of surfaces. The hard-terrain design excels in desert, hard pack, intermediate and rocky terrain. The Mastodon HT Tires are designed to shred at all speeds, the the K3201 Mastodons really go ""Hearts Alive"" at high, Baja 1000-level speeds.","Baja 1000 winning design Built to excel in both high-speed desert conditions and tight, rocky terrain Hard-terrain (HT) tread suited for hard trail, hard pack and rock Medium durometer tread compound 8-ply rated, heavy-duty radial constructions Smooth ride quality with Light truck inspired tread pattern",https://www.cyclegear.com/_a/product_images/1515/1778/kenda_k3201_mastodon_ht_tires.jpg,""
159076,P43382,"ITP Mud Lite XL Tires",itp-mud-lite-xl-tires,Tires,N/A,"Utvatv","Utv Atv Tire / Hard Terrain / Intermediate Terrain / Mud Tire",174.56,221.69,4.00,1,"Can-Am, Polaris, Honda, Yamaha, Kawasaki, Arctic Cat","Can-Am Spyder / Ryker / Maverick, Polaris RZR / Ranger, Honda Pioneer / Foreman, Yamaha Grizzly",2008 - 2025,"","N/A",https://www.cyclegear.com/_a/product_images/2070/1567/itp_mud_lite_xl_tire.jpg,""
10222993,P998036,"Bridgestone Exedra G525 Tires",bridgestone-exedra-g525-tires,Tires,Bridgestone,"Cruiser / V-Twin / Adventure / Dual Sport","Customcruisertouring Bi / Cruiser Tire / Dot Tire",167.95,252.64,5.00,1,"Harley-Davidson, Honda, Yamaha, Indian, Kawasaki, Suzuki, Victory","Harley (Sportster, Softail, Dyna, Street Glide, Road King, Fat Boy), Honda Shadow / VTX, Yamaha V-Star / Bolt, Indian Scout / Chief, Kawasaki Vulcan, Suzuki Boulevard",1990 - 2025,"Bridgestone Exedra G525 Tires","The Exedra G series provides long mileage, good stability, crisp handling and riding comfort Notes : It is recommended to change your valve stem, tube and/or rim strip when installing a new tire. Shop Here! Need your tire mounted? We’ve got you covered! Tire Mount Discount",https://www.cyclegear.com/_a/product_images/2023/1422/bridgestone_exedra_g525_tires.jpg,""
10014600,P881837,"Michelin Scorcher Sport Tires",michelin-scorcher-sport-tires,Tires,Michelin Tires,"Cruiser / V-Twin","Harley Tire / Multi Compound Tire / Dot Tire",176.99,259.99,5.00,1,"Harley-Davidson","Harley (Sportster, Softail, Dyna, Street Glide, Road King, Fat Boy), Honda Shadow / VTX, Yamaha V-Star / Bolt, Indian Scout / Chief, Kawasaki Vulcan, Suzuki Boulevard",1990 - 2025,"Michelin Scorcher Sport Tires Original equipment replacement tires for the Harley-Davidson LiveWire. Constructed to combine durability and high performance for excellent tread life.","Semi-slick tread pattern maximizes contact patch for excellent adhesion Optimized tread design efficiently evacuates water for dependable wet grip The latest generation of Michelin radial technology allows for easy maneuverability and impressive agility Notes : It is recommended to change your valve stem, tube and/or rim strip when installing a new tire. Shop Here! Need your tire mounted? We’ve got you covered! Tire Mount Discount",https://www.cyclegear.com/_a/product_images/1524/8907/michelin_scorcher11_tires.jpg,""
10386959,P1087825,"Mitas Terra Force EF SM Super Light Tires",mitas-terra-force-ef-sm-super-light-tires,Tires,Mitas,"Dirt Bike / Off-Road","20 On Road 80 Off Road / 10 On Road 90 Off Road / Dot Dirt Tires / Dot Tire",99.21,113.99,5.00,1,"Honda, Yamaha, KTM, Kawasaki, Suzuki, Husqvarna, GasGas","Honda CRF250R / CRF450R, Yamaha YZ250F / YZ450F, KTM 250 SX-F / 450 SX-F, Kawasaki KX250 / KX450, Suzuki RM-Z250 / RM-Z450, Husqvarna FC 250 / FC 450",1995 - 2025,"Mitas Terra Force EF SM Super Light Tires The Mitas Terra Force EF Tires blend the carcass of the original Terra Force fronts with a new tread pattern designed for soft and intermediate terrain. These tires have been meticulously developed and tested by world-class hard enduro racers.","Tread designed for optimum performance in soft to intermediate conditions Aggressive 20% on-road / 80% off-road bias (per Mitas) Competitive with other brand's most extreme 10% on-road / 90% off-road offerings Competition tire, DOT legal for use on Enduro and Dual Sport Motorcycles Tube Type Application Notes : It is recommended to change your valve stem, tube and/or rim strip when installing a new tire. Shop Here! Need your tire mounted? We’ve got you covered! Tire Mount Discount",https://www.cyclegear.com/_a/product_images/2209/1287/mitas_terra_force_efsm_super_light_tires.jpg,""
10042441,P895559,"ITP Mud Lite II Tires",itp-mud-lite-ii-tires,Tires,N/A,"Utvatv","Utv Atv Tire / Mud Tire",126.19,139.99,5.00,1,"Can-Am, Polaris, Honda, Yamaha, Kawasaki, Arctic Cat","Can-Am Spyder / Ryker / Maverick, Polaris RZR / Ranger, Honda Pioneer / Foreman, Yamaha Grizzly",2008 - 2025,"ITP Mud Lite II Tires The Mud Lite 2 Tires from ITP excel in mud...and a variety of other surfaces. These mud-oriented all-terrain tires sport a V-shaped center tread pattern designed for intermediate, mud, rocks, snow and soft surfaces. The six ply bias construction is designed for full size UTV and SxS machines with a stabilizing cords to reduce flex. ITP's proprietary ""Tough Rubber"" compound delivers exceptional puncture resistance and tread wear.","V-shaped tread all-terrain designed for intermediate, mud, rocks, snow and soft surfaces Redesigned tread pattern provides better traction, improves mud clean-out and improves ride comfort Performance improved shoulder protection Mud breaking lugs Stabilizing cords reduce flex, enhancing performance on full size SxS vehicles ""Tough Rubber"" compound offers exceptional wear and abrasion resistance 6 ply rated bias construction Made in the USA For off highway use only",https://www.cyclegear.com/_a/product_images/1522/7743/itp_mud_lite_ii_tires.jpg,""
10035807,P893279,"Duro DI-K968 Tires",duro-di-k968-tires,Tires,N/A,"Utvatv","Hard Terrain / Utv Atv Tire",154.66,181.95,5.00,1,"Can-Am, Polaris, Honda, Yamaha, Kawasaki, Arctic Cat","Can-Am Spyder / Ryker / Maverick, Polaris RZR / Ranger, Honda Pioneer / Foreman, Yamaha Grizzly",2008 - 2025,"Duro DI-K968 Tires If you are looking for a great all-terrain tire that is turf safe and provides a quality ride the Duro DIK968 hits the mark.","All-terrain performance Great OEM and general replacement option 6 ply bias construction For off highway use only",https://www.cyclegear.com/_a/product_images/1518/6107/duro_dik968_tires.jpg,""
10049771,P899135,"System 3 Off-Road SS360 Sand / Snow Tires",system-3-off-road-ss360-sand-snow-tires,Tires,System 3 Off-Road,"Utvatv","Utv Atv Tire / Sand Tire",228.60,253.40,5.00,1,"Can-Am, Polaris, Honda, Yamaha, Kawasaki, Arctic Cat","Can-Am Spyder / Ryker / Maverick, Polaris RZR / Ranger, Honda Pioneer / Foreman, Yamaha Grizzly",2008 - 2025,"System 3 Off-Road SS360 Sand / Snow Tires System 3 Off-Road has taken everything they have learned over the years of tire manufacturing to create this purpose-built tire that floats when you need it, and grip when you want it. The SS360 Sand / Snow Tire is crafted with a low resistance tread pattern helping to ease the stress on the drive train. Available in a standard depth and an HP for an even deeper bite. This is the perfect tire for those soft surface rides.","Purpose-built sand and snow tire Interlocking tread pattern Lightweight, flexible 2 ply bias design Low rolling resistance and reduced drivetrain stress Reduce impact over soft surfaces High floatation 16mm tread depth ""HP"" model uses a deeper, 20mm tread depth For off highway use only Note : Tire only. Wheel not included.",https://www.cyclegear.com/_a/product_images/1534/4331/system3_off_road_ss360_sand_snow_tires.jpg,""
10184802,P980000,"Bridgestone Battlax BT-011 Front Scooter Tires",bridgestone-battlax-bt-011-front-scooter-tires,Tires,Bridgestone,"Scooter","Scooter Tire / Dot Tire",129.72,181.06,5.00,1,"Honda, Yamaha, Vespa, Suzuki, Piaggio, Kymco","Honda PCX150 / Ruckus, Yamaha Zuma / XMAX, Vespa Primavera / GTS 300, Suzuki Burgman 400",2005 - 2025,"Bridgestone Battlax BT-011 Front Scooter Tires The BT011 F-E Scooter Tire is a premium, radial scooter tire, and the OE tire of choice for select scooter manufacturers.","Front fitment OE tire for Yamaha T-Max Tubeless design Radial construction DOT approved Sport / touring tread pattern Notes : It is recommended to change your valve stem, tube and/or rim strip when installing a new tire. Shop Here!",https://www.cyclegear.com/_a/product_images/1820/7525/bridgestone_tire_bt011_fe.jpg,""
159060,P43379,"ITP Mud Lite A/T Tires",itp-mud-lite-at-tires,Tires,N/A,"Utvatv","Utv Atv Tire / Non Dot Tire / Mud Tire / Intermediate Terrain",117.56,130.62,4.00,1,"Can-Am, Polaris, Honda, Yamaha, Kawasaki, Arctic Cat","Can-Am Spyder / Ryker / Maverick, Polaris RZR / Ranger, Honda Pioneer / Foreman, Yamaha Grizzly",2008 - 2025,"ITP Mud Lite AT Tires The Mud Lite AT Tires from ITP are an all-terrain ATV/UTV tire with a strong emphasis on mud and rock. The bias, six ply construction features three-quarter inch tread depths and a center tread design focused on a smooth ride and responsive handling.","All-terrain design excels in intermediate surfaces, loose surfaces, mud, rocks/ruts, snow, and soft surfaces 6 ply bias construction Ideal for OEM tire replacement Computer-aided engineering reduces weight Unique center tread contact area provides a smooth, radial-like ride Angled shoulder lugs provide unmatched mud traction 3/4"" lug depth Made in USA For off highway use only",https://www.cyclegear.com/_a/product_images/0001/4603/ITP_Mud_Lite_AT_Tires.jpg,""
157315,P42669,"Kenda K299 Bear Claw Tires",kenda-k299-bear-claw-tires,Tires,N/A,"Utvatv","Utv Atv Tire / Soft Terrain",90.00,99.99,5.00,1,"Honda, Yamaha, KTM, Kawasaki, Suzuki, Husqvarna, GasGas","Honda CRF250R / CRF450R, Yamaha YZ250F / YZ450F, KTM 250 SX-F / 450 SX-F, Kawasaki KX250 / KX450, Suzuki RM-Z250 / RM-Z450, Husqvarna FC 250 / FC 450",1995 - 2025,"Kenda K299 Bear Claw Tires Often imitated but never duplicated, the venerable Bear Claw K299 Tire is the best-selling utility-style tire of all time. The Bear Claw Tires from Kenda feature a classic V-tread design with angled lugs for maximum bite over a variety of terrain types. The six ply design is tough while remaining light in weight.","Classic design with deeper tread for soft and muddy terrains 6 ply rated casing allows for exceptional puncture resistance while keeping weight to a minimum Angled knobs dig into the terrain for maximum traction Center lugs provide extra traction and better control Deeper rim guard protects wheels from dings and dents Long-wearing tread compound For off-highway use only",https://www.cyclegear.com/_a/product_images/1516/1166/kenda_k299_bear_claw.jpg,""
10049448,P898985,"GMZ Sand Stripper HP Rear Tires",gmz-sand-stripper-hp-rear-tires,Tires,GMZ Race Products,"Utvatv","Sand Tire / Utv Atv Tire",248.00,0.00,5.00,1,"Can-Am, Polaris, Honda, Yamaha, Kawasaki, Arctic Cat","Can-Am Spyder / Ryker / Maverick, Polaris RZR / Ranger, Honda Pioneer / Foreman, Yamaha Grizzly",2008 - 2025,"GMZ Sand Stripper HP Rear Tires For the sand and dune enthusiasts of the world, GMZ Race Products presents the Sand Stripper line of performance tires. Front or rear, Sand Stripper Tires feature an extra wide footprint that provides maximum flotation and smooth dune transitions. Thick rim guards protect the wheel lip and seal the bead from sand intrusion. Bias-ply construction in two, four, and six-ply variants delivers good durability while keeping weight savings at the forefront. Sand Stripper Staggered HP Rear Tires are designed for machines with high RPM power delivery / reduced low RPM torque. The staggered paddle design allows for some calculated tire slippage in the sand - helping your rig get into its powerband before hooking up completely. Speed builds as the tire regains traction. The staggered cut design is excellent for peaky two-strokes and smaller displacement rigs with lower overall power output. Paddles are positioned in a staggered pattern, running partially across the tire's width. The fourteen paddles design uses a six-ply bias construction to maintain their form and contact patch when harnessing high RPM power.","Full-service sand and dune tire 32"" tires are rated to handle up to 240 horsepower Designed for rear wheel applications 28.5mm paddle depth on 28"" tire 25.4mm paddle depth on 30"" tire 22.2mm paddle depth on 32"" tire 14 or 16 paddle variations Excellent floatation and smooth transitions Thick rim guard keeps sand out of bead and protects rim 6 ply bias construction on 28"" and 30"" versions 4 ply bias construction on 32"" version For off highway use only Note : Tire only. Wheel not included.",https://www.cyclegear.com/_a/product_images/1533/8278/gmz_sand_stripper_hp_rear_tires.jpg,""
1083589,P323993,"Pirelli MT15 Tires",pirelli-mt15-tires,Tires,Pirelli,"Scooter","Scooter Radial Bias / Scooter Tire / Dot Tire",66.77,89.45,5.00,1,"Honda, Yamaha, Vespa, Suzuki, Piaggio, Kymco","Honda PCX150 / Ruckus, Yamaha Zuma / XMAX, Vespa Primavera / GTS 300, Suzuki Burgman 400",2005 - 2025,"Pirelli MT15 Tires","Conventional design Bias construction Central grooves for good feedback and excellent wet performance Classic designed tread pattern with low section profile and stiff carcass, to ensure cornering stability Tube type (TT) J-rated for speeds up to 62 mph Notes : It is recommended to change your valve stem, tube and/or rim strip when installing a new tire. Shop Here!",https://www.cyclegear.com/_a/product_images/0370/6223/pirelli_mt15_tires.jpg,""
10386951,P1087823,"Mitas Terra Force EF SM Super Tires",mitas-terra-force-ef-sm-super-tires,Tires,Mitas,"Dirt Bike / Off-Road","20 On Road 80 Off Road / Dot Dirt Tires / Dot Tire / Soft Terrain",93.86,107.99,5.00,1,"Honda, Yamaha, KTM, Kawasaki, Suzuki, Husqvarna, GasGas","Honda CRF250R / CRF450R, Yamaha YZ250F / YZ450F, KTM 250 SX-F / 450 SX-F, Kawasaki KX250 / KX450, Suzuki RM-Z250 / RM-Z450, Husqvarna FC 250 / FC 450",1995 - 2025,"Mitas Terra Force EF SM Super Tires The Mitas Terra Force EF Tires blend the carcass of the original Terra Force fronts with a new tread pattern designed for soft and intermediate terrain. These tires have been meticulously developed and tested by world-class hard enduro racers.","Tread designed for optimum performance in soft to intermediate conditions Competition tire, DOT legal for use on Enduro and Dual Sport Motorcycles 20% on-road / 80% off-road Tube Type Application Notes : It is recommended to change your valve stem, tube and/or rim strip when installing a new tire. Shop Here! Need your tire mounted? We’ve got you covered! Tire Mount Discount",https://www.cyclegear.com/_a/product_images/2209/1304/mitas_terra_force_efsm_super_tires.jpg,""
10046160,P897058,"Moose Racing Rattler Tires",moose-racing-rattler-tires,Tires,Moose Racing,"Utvatv","Hard Terrain / Utv Atv Tire",65.70,65.95,4.00,1,"Can-Am, Polaris, Honda, Yamaha, Kawasaki, Arctic Cat","Can-Am Spyder / Ryker / Maverick, Polaris RZR / Ranger, Honda Pioneer / Foreman, Yamaha Grizzly",2008 - 2025,"Moose Racing Rattler Tires The Rattlers from Moose Racing sport a traditional MX tread pattern for all-terrain ATV grip. A combination of square and V-shaped knobs (like a game of Tetris) ensure stable braking, lateral stability and straight-line traction. Six ply bias construction is puncture resistant and sure footed. The Rattler Tires pack an impressive ""sting"" over a wide variety terrains and conditions.","MX inspired ATV tread pattern Square-edged knobs alternating between rows of straight knobs and inverted V-shaped treads Capable of handling a wide variety of conditions from hard pack to loose sand Aggressive pattern for great hook-up Semi-soft compound 6 ply bias construction For off highway use only",https://www.cyclegear.com/_a/product_images/1527/6355/moose_racing_rattler_tires.jpg,""
10035708,P893258,"Duro HF277 Thrasher Tires",duro-hf277-thrasher-tires,Tires,N/A,"Utvatv","Hard Terrain / Utv Atv Tire",67.96,79.95,5.00,1,"Can-Am, Polaris, Honda, Yamaha, Kawasaki, Arctic Cat","Can-Am Spyder / Ryker / Maverick, Polaris RZR / Ranger, Honda Pioneer / Foreman, Yamaha Grizzly",2008 - 2025,"Duro HF277 Thrasher Tires If you are looking for a MX-style tire for your atv then the Duro HF277 Thrasher Tire should fit nicely. Built to minimize weight and provide optimum performance on smaller displacement atvs.","MX tread for rough terrain Directional tread design and center band provide optimal traction and front end control Cupped knobs and sipes increase traction in mixed terrain 2 ply radial construction improves handling, ride and calms steering inputs OE front fitment on select Polaris and Kymco ATVs For off highway use only",https://www.cyclegear.com/_a/product_images/1518/7144/duro_hf277_thrasher_tires.jpg,""
10042630,P895644,"Kenda K776F/K779 Gauntlet Tires",kenda-k776fk779-gauntlet-tires,Tires,N/A,"Dirt Bike / Off-Road","Hard Terrain / Intermediate Terrain / Dirt Bike Tire / Soft Terrain",86.66,90.95,3.00,1,"Honda, Yamaha, KTM, Kawasaki, Suzuki, Husqvarna, GasGas","Honda CRF250R / CRF450R, Yamaha YZ250F / YZ450F, KTM 250 SX-F / 450 SX-F, Kawasaki KX250 / KX450, Suzuki RM-Z250 / RM-Z450, Husqvarna FC 250 / FC 450",1995 - 2025,"Kenda K776F/K779 Gauntlet Tires The Gauntlet Tires from Kenda are here to throw down the gauntlet on their competitors. A sibling to the widely popular Kenda Ibex tires, these tires feature what Kenda consider to be the perfect balance between sticky grip and long lasting wear.","Hard Enduro FIM-approved Perfect balance of sticky grip and long lasting wear Open, aggressive pattern allows for excellent cleanout Low front profile boost feel and confidence when traction matters the most Need your tire mounted? We’ve got you covered! Tire Mount Discount",https://www.cyclegear.com/_a/product_images/1523/0445/kenda_k776_fk779_gauntlet_tires.jpg,""
10222991,P998034,"Bridgestone Exedra G546 / G547 Tires",bridgestone-exedra-g546-g547-tires,Tires,Bridgestone,"Cruiser / V-Twin / Adventure / Dual Sport","Customcruisertouring Bi / Cruiser Tire / Dot Tire",144.79,234.23,5.00,1,"Harley-Davidson, Honda, Yamaha, Indian, Kawasaki, Suzuki, Victory","Harley (Sportster, Softail, Dyna, Street Glide, Road King, Fat Boy), Honda Shadow / VTX, Yamaha V-Star / Bolt, Indian Scout / Chief, Kawasaki Vulcan, Suzuki Boulevard",1990 - 2025,"Bridgestone Exedra G546 / G547 Tires","The Exedra G series provides long mileage, good stability, crisp handling and riding comfort Notes : It is recommended to change your valve stem, tube and/or rim strip when installing a new tire. Shop Here! Need your tire mounted? We’ve got you covered! Tire Mount Discount",https://www.cyclegear.com/_a/product_images/1950/2912/bridgestone_g546_tires.jpg,""
1090202,P327279,"Shinko 546 Series Soft Intermediate Tires",shinko-546-series-soft-intermediate-tires,Tires,Shinko Tires,"Dirt Bike / Off-Road","Dirt Bike Tire / Intermediate Terrain / Non Dot Tire",62.36,77.95,5.00,1,"Honda, Yamaha, KTM, Kawasaki, Suzuki, Husqvarna, GasGas","Honda CRF250R / CRF450R, Yamaha YZ250F / YZ450F, KTM 250 SX-F / 450 SX-F, Kawasaki KX250 / KX450, Suzuki RM-Z250 / RM-Z450, Husqvarna FC 250 / FC 450",1995 - 2025,"Shinko 546 Series Soft Intermediate Tires","Works very well in a wide range of soil conditions from mud, sand to intermediate packed dirt Tall wide spaced knobs offer great self cleaning to provide excellent straight line traction on softer conditions Rubber compound offers excellent durability for long knob life Front knobs use a 45° knob pattern for a better biting edge when cornering and better braking stability Front 90/100 sizing features a taller side wall to prevent pinch flats in roots and rocky conditions Front 80/100 sizing features a lower profile sidewall for more precise cornering and less sidewall flex TT Tube Type Need your tire mounted? We’ve got you covered! Tire Mount Discount",https://www.cyclegear.com/_a/product_images/0171/9510/shinko_tires_r54663_m_rear.jpg,""
10354921,P1072924,"Maxxis Maxxcross MX-SI Tires",maxxis-maxxcross-mx-si-tires,Tires,Maxxis Tires,"Dirt Bike / Off-Road","Off Highway Non Dot Inc / Non Dot Tire / Dirt Bike Tire / Intermediate Terrain",52.00,0.00,5.00,1,"Honda, Yamaha, KTM, Kawasaki, Suzuki, Husqvarna, GasGas","Honda CRF250R / CRF450R, Yamaha YZ250F / YZ450F, KTM 250 SX-F / 450 SX-F, Kawasaki KX250 / KX450, Suzuki RM-Z250 / RM-Z450, Husqvarna FC 250 / FC 450",1995 - 2025,"Maxxis Maxxcross MX-SI Tires The Maxxcross MX-SI, a recent addition to Maxxis's MX lineup, enhances soft-to-intermediate motocross performance. Developed with 7X Supercross champion Jeremy McGrath, this tire ensures superior traction in rough conditions, boosting rider confidence on varying terrains. Its redesigned tread pattern and compound optimize corner exit traction, efficiently transferring power on softer terrain. Additionally, the front tire features a new tread pattern and carcass design, enhancing lean angle grip, predictability, and stability, marking a significant advancement in motocross tire technology.","Intermediate-soft terrain compound and tread pattern Tread design provides confidence and stability in a variety of terrains Perfect for intermediate and loamy tracks or trails Need your tire mounted? We’ve got you covered! Tire Mount Discount",https://www.cyclegear.com/_a/product_images/2152/7073/maxxis_tires_tire_maxxcross_mx_si63_m_bias_tt_1800x1800.jpg,""
10320578,P1054765,"Motoz Arena Hybrid Rear Tires",motoz-arena-hybrid-rear-tires,Tires,Motoz,"Dirt Bike / Off-Road","Dirt Bike Tire / Non Dot Tire / Hard Terrain / Intermediate Terrain",159.99,0.00,5.00,1,"Honda, Yamaha, KTM, Kawasaki, Suzuki, Husqvarna, GasGas","Honda CRF250R / CRF450R, Yamaha YZ250F / YZ450F, KTM 250 SX-F / 450 SX-F, Kawasaki KX250 / KX450, Suzuki RM-Z250 / RM-Z450, Husqvarna FC 250 / FC 450",1995 - 2025,"Motoz Arena Hybrid Rear Tires The Arena Hybrid is a purpose built Endurocross and Extreme Enduro tire, designed to conquer the most technical obstacles on the planet. Note: This tire makes the most traction when not wheel spinning. Using this tire with heavy throttle/full wheel spin like an MX tire will defeat the purpose of how it makes maximum traction and cause premature wear.","Hybrid natural / synthetic rubber compound Hybrid carcass with reinforced sidewalls Significant weight savings Reversible tread pattern NHS (not highway safe) Tube type Need your tire mounted? We’ve got you covered! Tire Mount Discount",https://www.cyclegear.com/_a/product_images/2084/2499/motoz_arena_hybrid_gummy_rear_tires.jpg,""
10042981,P194530,"Kenda K781 Triple Sticky Tires",kenda-k781-triple-sticky-tires,Tires,N/A,"Dirt Bike / Off-Road","10 On Road 90 Off Road / Dot Dirt Tires / Dual Sport Tire / Dirt Bike Tire",77.31,90.95,5.00,1,"Honda, Yamaha, KTM, Kawasaki, Suzuki, Husqvarna, GasGas","Honda CRF250R / CRF450R, Yamaha YZ250F / YZ450F, KTM 250 SX-F / 450 SX-F, Kawasaki KX250 / KX450, Suzuki RM-Z250 / RM-Z450, Husqvarna FC 250 / FC 450",1995 - 2025,"Kenda K781 Triple Sticky Tires Designed for hard-packed, slippery surfaces. Developed and tested in Arenacross and Supercross races, the Kenda K781 Triple tires have quickly become an off-road racer / rider favorite thanks to its high traction in medium-hard terrain.","Low-profile sidewall provides stability and traction while cornering Tread pattern designed for hard packed, slippery surfaces Dimpled knobs allow for quick tire warm-up and extra traction Sticky rubber compound for high traction 21"" front tires are DOT approved Tube type Need your tire mounted? We’ve got you covered! Tire Mount Discount",https://www.cyclegear.com/_a/product_images/1523/2808/kenda_k781_triple_rear.jpg,""
1057520,P312055,"Duro HF302 Tires",duro-hf302-tires,Tires,N/A,"Cruiser / V-Twin","Cruiser Tire / Harley Tire / Vintage Tire / Dot Tire",122.36,152.95,5.00,1,"Harley-Davidson","Harley (Sportster, Softail, Dyna, Street Glide, Road King, Fat Boy), Honda Shadow / VTX, Yamaha V-Star / Bolt, Indian Scout / Chief, Kawasaki Vulcan, Suzuki Boulevard",1990 - 2025,"Duro HF302 Tires Classic tires for motorcycles going back decades. Duro tires combine advanced compounds with a classic appearance and are a great choice for all types of vintage motorcycles.","Can be used as a front or rear tire Bias ply Blackwall Tube type (TT) Non-speed rated for speeds up to 93mph Notes : It is recommended to change your valve stem, tube and/or rim strip when installing a new tire. Shop Here! Need your tire mounted? We’ve got you covered! Tire Mount Discount",https://www.cyclegear.com/_a/product_images/0184/0586/duro_hf302_tires.jpg,""
158945,P43322,"ITP Holeshot HD Tires",itp-holeshot-hd-tires,Tires,N/A,"Utvatv","Utv Atv Tire / Intermediate Terrain",178.06,206.99,3.00,3,"Can-Am, Polaris, Honda, Yamaha, Kawasaki, Arctic Cat","Can-Am Spyder / Ryker / Maverick, Polaris RZR / Ranger, Honda Pioneer / Foreman, Yamaha Grizzly",2008 - 2025,"ITP Holeshot HD Tires The ITP Holeshot HD ATV tire features an all-terrain design, stepped shoulder knob design, and special focus on sidewall puncture resistance. Making it well-suited for handling extreme trail conditions. Plus, being made in the USA with 6-ply construction adds to its appeal for those seeking a tough and reliable ATV tire.","The roughest, toughest ITP Holeshot ATV tire All-terrain design excels on hard pack, intermediate, rocks/ruts and loose surfaces Engineered to handle the most extreme trail conditions possible Wider than other trail riding and racing tires to help climb out and stay out of ruts Stepped shoulder knob design offers an additional degree of side bite and rut control Special focus on the sidewall has resulted in unmatched puncture resistance Reduced weight Made in the USA 6 ply construction For off highway use only",https://www.cyclegear.com/_a/product_images/0001/4414/ITP_Holeshot_H-D_Tires.jpg,""
10253007,P1018108,"EFX MotoVator R/T Tires",efx-motovator-rt-tires,Tires,EFX Tires,"Utvatv","Utv Atv Tire / Hard Terrain",342.00,0.00,0.00,0,"Can-Am, Polaris, Honda, Yamaha, Kawasaki, Arctic Cat","Can-Am Spyder / Ryker / Maverick, Polaris RZR / Ranger, Honda Pioneer / Foreman, Yamaha Grizzly",2008 - 2025,"EFX Tires MotoVator R/T Tire Designed and tested by desert racers, the MotoVator R/T is the latest hard pack performance tire from EFX. The MotoVator R/T is lightweight and designed for low rolling resistance, which makes it perfect for those long desert trips.","8-ply radial construction Quality ride characteristics while maintaining low overall weight Specifications: Tire weight: 32x9.5R15 - 36 lbs. 33x9.5R15 - 40 lbs. 35x9.5R15 - 44 lbs.",https://www.cyclegear.com/_a/product_images/2414/5742/efx_tires_moto_vator_rt_tire.jpg,""
10146035,P956958,"Maxxis Razr XT Tires",maxxis-razr-xt-tires,Tires,Maxxis Tires,"Utvatv","Hard Terrain / Utv Atv Tire",339.15,357.00,0.00,0,"Can-Am, Polaris, Honda, Yamaha, Kawasaki, Arctic Cat","Can-Am Spyder / Ryker / Maverick, Polaris RZR / Ranger, Honda Pioneer / Foreman, Yamaha Grizzly",2008 - 2025,"Maxxis Razr XT Tires With excellent cornering performance at all speeds and precise steering capabilities, the Razr XT is designed to excel in the desert racing world. A high-density double steel- belted carcass construction enhances stability at speed, while the rounded shoulder allows just the right amount of traction to propel you to the podium. The Razr XT was built for one purpose, and that purpose is winning.","Steel-belted radial construction with exceptional cornering and steering qualities Shoulder blocks extending over the sidewall improve traction in desert terrain while the center tread block design and arrangement are optimized to provide traction in a variety of terrains New compound provides increased tear resistance and sidewall stiffness for even more traction 8-ply-rated",https://www.cyclegear.com/_a/product_images/1703/9920/maxxis_razrxt_tires.jpg,""
10331267,P1060948,"Maxxis Rampage Fury ML22 Radial Tires",maxxis-rampage-fury-ml22-radial-tires,Tires,Maxxis Tires,"Utvatv","Utv Atv Tire / Hard Terrain / Intermediate Terrain / Soft Terrain",339.15,357.00,0.00,0,"Honda, Yamaha, KTM, Kawasaki, Suzuki, Husqvarna, GasGas","Honda CRF250R / CRF450R, Yamaha YZ250F / YZ450F, KTM 250 SX-F / 450 SX-F, Kawasaki KX250 / KX450, Suzuki RM-Z250 / RM-Z450, Husqvarna FC 250 / FC 450",1995 - 2025,"Maxxis Tires Rampage Fury ML22 Radial Tire The Maxxis Rampage Fury UTV Tires Is the ultimate off-road proven tire that unleashes unparalleled grip with unrivaled control. Built of an 8-ply carcass to provide durability and maximum traction in all-terrain conditions. A special built dual-compound rubber keeps treadwear in tact while helping with cornering stability and handling.","Designed for desert, hard pack and intermediate surfaces 8 ply rated radial construction Aggressive all-terrain tread pattern Exceptional tread wear Light truck-based design Specialized rubber compound for supreme traction and control For off highway use only",https://www.cyclegear.com/_a/product_images/2106/1973/maxxis_tires_rampage_fury_ml22_radial_tire.jpg,""
10042495,P895577,"Kenda K7102 Washougal III Tire",kenda-k7102-washougal-iii-tire,Tires,N/A,"Dirt Bike / Off-Road","Non Dot Tire / Soft Terrain / Hard Terrain / Dirt Bike Tire",37.55,44.99,3.00,1,"Honda, Yamaha, KTM, Kawasaki, Suzuki, Husqvarna, GasGas","Honda CRF250R / CRF450R, Yamaha YZ250F / YZ450F, KTM 250 SX-F / 450 SX-F, Kawasaki KX250 / KX450, Suzuki RM-Z250 / RM-Z450, Husqvarna FC 250 / FC 450",1995 - 2025,"Kenda K7102 Washougal III Tire The K7102 Washougal III tire is the first to feature Kenda's Advanced Apex technology for increased lateral response and optimal carcass stiffness. It features an all-new tread design that allows for faster forward roll, increased side bite and controlled flex without washing out. Unique sipe / groove orientation provide linear cornering characteristics as well as superb braking control.","Deepest front tread in the Kenda off-road lineup Medium compound density Specifically developed carcass for lighter, more responsive feel Scooped side knobs for the most advanced side biting tire on the market Intermediate tread pattern, for a wide variety of terrain Circumferential sipes in shoulder knobs for better cornering control and feedback Kenda’s most advanced casing construction for better lateral response Chaffered intermediate knob edges for better rolling leading edge and better braking trailing edge Radial groove in center block plus scooped trailing edges give better braking control, feedback and stability Larger footprint than previous generation for better grip in all conditions Tread pattern allows for maximum efficiency in a wide variety of terrains and conditions Triangular shaped knobs to reduce knob flex on hard base areas Designed to meet the demands of intermediate terrains Casing structure includes reinforced sidewalls FIM-approved Tube Type 4 ply, bias construction (all sizes) Need your tire mounted? We’ve got you covered! Tire Mount Discount",https://www.cyclegear.com/_a/product_images/2420/4745/kenda_k7102_washougal_iii_tire.jpg,""
10032725,P891850,"Maxxis ML1 Carnivore Tires",maxxis-ml1-carnivore-tires,Tires,Maxxis Tires,"Utvatv","Soft Terrain / Utv Atv Tire",301.15,317.00,0.00,0,"Honda, Yamaha, KTM, Kawasaki, Suzuki, Husqvarna, GasGas","Honda CRF250R / CRF450R, Yamaha YZ250F / YZ450F, KTM 250 SX-F / 450 SX-F, Kawasaki KX250 / KX450, Suzuki RM-Z250 / RM-Z450, Husqvarna FC 250 / FC 450",1995 - 2025,"Maxxis ML1 Carnivore Tires Maxxis continues to push the limits of tire technology with the Carnivore Tires. Inspired by the all-terrain tires of the auto world Maxxis has created this eight ply puncture resistant tire to outperform the competition. With a tread pattern that gives you traction in variable conditions from rocky runs to root ridden forest trails this proprietary rubber compound it excels in extreme terrain. This premium tire also provides supreme tread wear and on road feel.","All terrain performance 8 ply rated radial construction Excellent for extreme terrains and West Coast conditions Specialized rubber compound for supreme traction and control Superb tread wear For off highway use only",https://www.cyclegear.com/_a/product_images/2608/3973/maxxis_ml1_carnivore_tires.jpg,""
10044541,P896284,"Quad Boss QBT673 Mud Tires",quad-boss-qbt673-mud-tires,Tires,Quad Boss,"Utvatv","Mud Tire / Utv Atv Tire",241.99,0.00,0.00,0,"Can-Am, Polaris, Honda, Yamaha, Kawasaki, Arctic Cat","Can-Am Spyder / Ryker / Maverick, Polaris RZR / Ranger, Honda Pioneer / Foreman, Yamaha Grizzly",2008 - 2025,"QuadBoss QBT673 Mud Tires The choice is simple: If muddin' is your game, the Quad Boss 673 Tires are for you. The 673 Mud Tires are the most aggressive mud tires in the Quad Boss lineup. Tapered, directional treads self clean and provide peak traction in the wettest mud.","Aggressive mud tire 6 ply bias construction Built-in rim guard protects wheels from dents and dings Tapered tread for self-cleaning in soft conditions Directional tread for optimal traction 1.75"" tread depth For off highway use only",https://www.cyclegear.com/_a/product_images/1525/1293/quad_boss_qbt673_mud_tires.jpg,""
10048674,P898333,"CST Lobo RC Tires",cst-lobo-rc-tires,Tires,N/A,"Utvatv","Hard Terrain / Utv Atv Tire",257.40,286.00,0.00,0,"Can-Am, Polaris, Honda, Yamaha, Kawasaki, Arctic Cat","Can-Am Spyder / Ryker / Maverick, Polaris RZR / Ranger, Honda Pioneer / Foreman, Yamaha Grizzly",2008 - 2025,"CST Lobo RC Tires ""RC"" stands for ""Rock Crawling"" with CST's Lobo RC Tires. The Lobo RC keeps the fast rolling center tread and high speed stability of the standard CST Lobo Tire but dials-up the off-road ability with bigger tread lugs at the shoulder. Designed with traction over rocks and hard edges in mind, this RC version sports a softer, grippier rubber compound than the standard Lobo. The radial construction comes in a variety of plies to balance durability and lightweight. The Lobo RC tire is engineered with full size, big output desert rigs in mind. For a tire with further reduced weight that is designed for high speed stability without the emphasis on rock crawling, consider the standard CST Lobo.","Easy-rolling all-terrain tire designed for high speed stability Softer rubber compound for traction over rock Excels on hard and intermediate surfaces Aggressive, square shoulder lugs designed for grip over rocks and roots 6 ply, 8 ply and 9 ply radial construction Crisp, responsive steering For off highway use only",https://www.cyclegear.com/_a/product_images/1532/9891/cst_lobo_rc_tires.jpg,""
10253112,P1018213,"EFX MotoSlayer Tires",efx-motoslayer-tires,Tires,EFX Tires,"Utvatv","Utv Atv Tire / Mud Tire",210.00,0.00,3.00,2,"Can-Am, Polaris, Honda, Yamaha, Kawasaki, Arctic Cat","Can-Am Spyder / Ryker / Maverick, Polaris RZR / Ranger, Honda Pioneer / Foreman, Yamaha Grizzly",2008 - 2025,"EFX Tires MotoSlayer Tire Make the elements dread the tread with the all-new EFX MotoSlayer. Owning up to its namesake, the MotoSlayer shows no mercy while brutalizing the mud pits and its competition along the way. Neurotically engineered to be the most capable mud tire in the industry, the MotoSlayer boasts an updated checkmark tread design built for ample tracking in forward and reverse. Rest assured all your off-road antics will remain unimpaired with EFX’s puncture resistant sidewalls and alternating 1.5”-2” lugs resulting in a capable and comfortable ride. Unleash the MotoSlayer!","6-ply construction Alternating 1.5"" and 2"" lugs resulting in a capable and comfortable ride Puncture-resistant sidewalls Updated checkmark tread design for traction in forward and reverse",https://www.cyclegear.com/_a/product_images/1859/9572/efx_tires_moto_slayer_tire.jpg,""
10307983,P1048573,"High Lifter Out & Back Max'D Tires",high-lifter-out-back-maxd-tires,Tires,High Lifter Products Inc,"Utvatv","Utv Atv Tire / Mud Tire",331.34,340.95,0.00,0,"Can-Am, Polaris, Honda, Yamaha, Kawasaki, Arctic Cat","Can-Am Spyder / Ryker / Maverick, Polaris RZR / Ranger, Honda Pioneer / Foreman, Yamaha Grizzly",2008 - 2025,"High Lifter Out & Back Max'D Tire With the aggressive V lug design to dig deep into the mud, but still provide you with a smooth ride on hard pack surfaces you can rest assured that the Out & Back Max will get you where you need to go, and get you back home. The 5-inch tread depth in the center, and up to 2.0-inch on the shoulder in a 6-ply or 8-ply carcass allows for low psi operation and maximum flotation.","9-inches wide, made specifically for 20-inch wheels Aggressive “V” lug tread digs deep while offering smooth ride on hard pack surfaces Stepped, 1.5-inch to 2.0-inch tread blocks Lightweight, aggressive, and 8-ply rated Deep rim guard protects your wheel investment",https://www.cyclegear.com/_a/product_images/2052/3215/high_lifter_out_back_max_d_tire.jpg,""
10313104,P1026424,"Tensor Desert Series Race Tires",tensor-desert-series-race-tires,Tires,N/A,"Utvatv","Utv Atv Tire / Intermediate Terrain / Soft Terrain",440.00,0.00,0.00,0,"Honda, Yamaha, KTM, Kawasaki, Suzuki, Husqvarna, GasGas","Honda CRF250R / CRF450R, Yamaha YZ250F / YZ450F, KTM 250 SX-F / 450 SX-F, Kawasaki KX250 / KX450, Suzuki RM-Z250 / RM-Z450, Husqvarna FC 250 / FC 450",1995 - 2025,"Tensor Tire Desert Series Race Tire Looking for the best competition-legal UTV race tire? Look no further than the Desert Race Series (DSR) Tire from Tensor. Specifically designed for motorsports UTVs, the Tensor Desert Series Tire is the lightest high-performance tire available, with countless race wins to back it up. Weighing in as low as 39.2 pounds, the DSR offers maximum weight savings with race proven technology that's built for those who demand the best.","Patented, American-Made race tire developed specifically for competition Superior steering response and decreased braking distance from flatter tread contact patch Unique weight-optimized ribbed protection for puncture prone upper sidewalls Proprietary nylon bias ply with fiberglass belted construction saves weight over steel Increased number of biting edges for quick acceleration 1600 lb. load rating",https://www.cyclegear.com/_a/product_images/2189/9432/tensor_tire_desert_series_race.jpg,""
10253014,P1018122,"EFX Sandslinger Tires",efx-sandslinger-tires,Tires,EFX Tires,"Utvatv","Utv Atv Tire / Sand Tire",301.00,0.00,0.00,0,"Can-Am, Polaris, Honda, Yamaha, Kawasaki, Arctic Cat","Can-Am Spyder / Ryker / Maverick, Polaris RZR / Ranger, Honda Pioneer / Foreman, Yamaha Grizzly",2008 - 2025,"EFX Tires Sandslinger Tire After investing a couple hundred bucks into high quality sunscreen, snagging a couple of high-powered test machines and a band of misfit test riders, EFX took to the dunes to hand craft the best performing UTV sand tire. Because their test offices are located in Colorado, they have their pick of some amazing terrain right at home or awesome dunes just over the Utah border. After numerous edits, upgrades, and modifications they nailed the tire all UTV riders have been waiting for.","4-ply construction 14 lug rear paddle design Optimized for float, balanced grip and superior power from a complete stop",https://www.cyclegear.com/_a/product_images/1859/6453/efx_tires_sandslinger_tire.jpg,""
10453113,P1117175,"DragonFire Racing 4Peak Tires",dragonfire-racing-4peak-tires,Tires,DragonFire Racing,"Utvatv","Intermediate Terrain / Hard Terrain / Utv Atv Tire",299.99,0.00,0.00,0,"Can-Am, Polaris, Honda, Yamaha, Kawasaki, Arctic Cat","Can-Am Spyder / Ryker / Maverick, Polaris RZR / Ranger, Honda Pioneer / Foreman, Yamaha Grizzly",2008 - 2025,"DragonFire Racing 4Peak Tire The product features a meticulously crafted tread block design that enhances stone ejection and augments rigidity. The adaptable tread surface is engineered to adjust seamlessly to a variety of trail conditions, ensuring optimal performance. Notably, the extended tread blocks on the shoulder significantly bolster puncture resistance and traction, providing the rider with a dependable grip. The comprehensive tread design of this tire ensures superior traction and stability in a multitude of terrains.","Stepped tread block design to improve stone cleaning and tread block stiffness Tread surface design can adapt to various trail conditions and environments Tread block extended to shoulder to improve puncture resistance and traction Tread design provides excellent traction and stability Sold each",https://www.cyclegear.com/_a/product_images/2343/9061/dragon_fire_racing_dragonfire_racing4_peak_tire.jpg,""
10185416,P980434,"ITP MT911 Tires",itp-mt911-tires,Tires,N/A,"Utvatv","Utv Atv Tire / Mud Tire",291.61,323.99,0.00,0,"Can-Am, Polaris, Honda, Yamaha, Kawasaki, Arctic Cat","Can-Am Spyder / Ryker / Maverick, Polaris RZR / Ranger, Honda Pioneer / Foreman, Yamaha Grizzly",2008 - 2025,"ITP MT911 Tire The MT911 from ITP Tires offers a square-shouldered tread design, belted bias construction and an 8-ply rating to increase tread stiffness to provide better handling and excellent steering response.","Center flex zone disperses mud quickly to keep you moving Aggressive shoulder lugs to help propel your ride through rutted and rocky mud terrain Tough Tread rubber compound resists abrasions, chips and cuts Multi-angled lugs provide extra biting edges and a comfortable ride Extra sidewall lugs and cuts provide additional traction in ruts 42/32 to 48/32"" tread depth, depending on size For off highway use only",https://www.cyclegear.com/_a/product_images/2082/4650/itp_tires_mt911_tire_1800x1800.jpg,""
10044576,P896288,"Quad Boss QBT680 Mud Tires",quad-boss-qbt680-mud-tires,Tires,Quad Boss,"Utvatv","Mud Tire / Utv Atv Tire",278.99,0.00,0.00,0,"Can-Am, Polaris, Honda, Yamaha, Kawasaki, Arctic Cat","Can-Am Spyder / Ryker / Maverick, Polaris RZR / Ranger, Honda Pioneer / Foreman, Yamaha Grizzly",2008 - 2025,"QuadBoss QBT680 Mud Tires The Quad Boss 680 Mud Tires feature an ultra-aggressive tractor style tread pattern for supreme mud propulsion. Designed to shine in the muddiest conditions, the semi-continuous center lug pattern improves ride and handling on hard pack. Wide groove spacing improves clean out.","Aggressive staggered mud paddle 6 ply bias, directional construction 1.5"" tractor style lugs Semi-continuous center pattern for a smooth ride on hard terrain Wide groove between lugs for improved traction and clean out For off highway use only",https://www.cyclegear.com/_a/product_images/1524/9757/quad_boss_qbt680_mud_tires.jpg,""
10032740,P891852,"Maxxis ML3 Liberty Tires",maxxis-ml3-liberty-tires,Tires,Maxxis Tires,"Utvatv","Hard Terrain / Utv Atv Tire",281.20,305.03,0.00,0,"Can-Am, Polaris, Honda, Yamaha, Kawasaki, Arctic Cat","Can-Am Spyder / Ryker / Maverick, Polaris RZR / Ranger, Honda Pioneer / Foreman, Yamaha Grizzly",2008 - 2025,"Maxxis ML3 Liberty Tires The Liberty Tires from Maxxis are engineered to give you and your side-by-side the freedom to roam in virtually all terrains. The eight ply AT design is a true light truck-inspired tire. Engineered for performance in a variety of terrains, the Liberty Tires stand proudly for ultimate control on- and off-road. The specialized rubber compound fights for excellent traction on rocks and desert terrains while delivering long life. Heavier loads and higher speeds of the largest SxS machines are matched perfectly to the ML3 Liberty Tires.","Designed for rocky terrain and hard pack 8 ply rated radial construction Excellent tread life ML3 Podium Proven: 2015 Baja 500 Specialized rubber compound for supreme traction and control For off highway use only",https://www.cyclegear.com/_a/product_images/1513/8110/maxxis_ml3_liberty_tires.jpg,""
10041264,P895121,"ITP Versa Cross V3 Tires",itp-versa-cross-v3-tires,Tires,N/A,"Utvatv","Intermediate Terrain / Utv Atv Tire",280.36,355.69,0.00,0,"Can-Am, Polaris, Honda, Yamaha, Kawasaki, Arctic Cat","Can-Am Spyder / Ryker / Maverick, Polaris RZR / Ranger, Honda Pioneer / Foreman, Yamaha Grizzly",2008 - 2025,"ITP Versa Cross V3 DOT Tires The ITP Versa Cross V3 Tire offers performance on hard pack and intermediate terrain. With an enhanced tread pattern and eight ply rated radial construction, the Versa Cross V3 is designed for high performance UTV applications. On low profile sizes, shoulder lugs enhanced with unique contouring and channel cuts promote easier, lower resistance steering. This DOT rated tire has been approved for on highway use. Additional sizes of the Versa Cross V3 are available without the DOT rating (NHS).","Designed for hard pack and intermediate surfaces 8 ply construction Light truck-inspired extreme-terrain tread pattern Shoulder lugs enhanced with contour changes and channel cuts to promote ease of steering on low profile sizes Increases traction in slick and rutted conditions Additional channel cuts to improve traction on slick rock and on wet, muddy surfaces Deep rim guard designed to protect the rim lip on aftermarket wheels Reinforced belts provide increased traction and improved puncture resistance ""Tough Tread” rubber compound protects against cuts, chips and tread wear 3/4"" lug depth Made in USA",https://www.cyclegear.com/_a/product_images/1521/9294/itp_versa_cross_v3_tires.jpg,""
10032791,P891869,"Maxxis Rampage Tires",maxxis-rampage-tires,Tires,Maxxis Tires,"Utvatv","Soft Terrain / Utv Atv Tire",285.96,329.99,0.00,0,"Honda, Yamaha, KTM, Kawasaki, Suzuki, Husqvarna, GasGas","Honda CRF250R / CRF450R, Yamaha YZ250F / YZ450F, KTM 250 SX-F / 450 SX-F, Kawasaki KX250 / KX450, Suzuki RM-Z250 / RM-Z450, Husqvarna FC 250 / FC 450",1995 - 2025,"Maxxis Rampage Tires The Maxxis Rampage UTV Tires are engineered for performance in all-terrain types. The Rampage is a true light truck-inspired design with a robust eight ply radial carcass. A specialized rubber compound provides excellent traction in West Coast-style terrains with exceptional tread wear. Cut and tear resistant construction is built to handle all the abuse that you and your SxS throw its way.","Designed for desert, hard pack and intermediate surfaces 8 ply rated radial construction Aggressive all-terrain tread pattern Exceptional tread wear Light truck-based design Specialized rubber compound for supreme traction and control For off highway use only",https://www.cyclegear.com/_a/product_images/1513/3435/maxxis_rampage_tires.jpg,""
10307867,P1048495,"High Lifter Chicane DS Tires",high-lifter-chicane-ds-tires,Tires,High Lifter Products Inc,"Utvatv","Utv Atv Tire / Hard Terrain / Intermediate Terrain / Soft Terrain",285.95,0.00,0.00,0,"Honda, Yamaha, KTM, Kawasaki, Suzuki, Husqvarna, GasGas","Honda CRF250R / CRF450R, Yamaha YZ250F / YZ450F, KTM 250 SX-F / 450 SX-F, Kawasaki KX250 / KX450, Suzuki RM-Z250 / RM-Z450, Husqvarna FC 250 / FC 450",1995 - 2025,"High Lifter Chicane DS Tire This multi-terrain tire from High Lifter provides great traction on hard-pack as well as loose terrain. The 8-ply carcass keeps you on the trail longer without having to worry about ride quality or performance. Perfect for recreational or utility applications.","Dual sport, non-directional tread design for sport and utility applications Tight center spacing excels on hard-pack and wide shoulder lugs pull hard in loose terrain 8-ply rated carcass is lightweight and premium compound extends tread life .65”-.80” tread depth with deep rim guard",https://www.cyclegear.com/_a/product_images/2051/5803/high_lifter_chicane_ds_tire.jpg,""
10222977,P998024,"Bridgestone TW2 Scooter Tires",bridgestone-tw2-scooter-tires,Tires,Bridgestone,"Scooter","Scooter Radial Bias / Dot Tire / Scooter Tire",56.19,78.43,5.00,1,"Honda, Yamaha, Vespa, Suzuki, Piaggio, Kymco","Honda PCX150 / Ruckus, Yamaha Zuma / XMAX, Vespa Primavera / GTS 300, Suzuki Burgman 400",2005 - 2025,"Bridgestone TW2 Scooter Tires","Designed for off-road mini-bikes DOT Approved Directional tread pattern for added grip Notes : It is recommended to change your valve stem, tube and/or rim strip when installing a new tire. Shop Here!",https://www.cyclegear.com/_a/product_images/1952/8225/bridgestone_tw2_scooter_tires.jpg,""
10032730,P891851,"Maxxis MU9C Coronado Tires",maxxis-mu9c-coronado-tires,Tires,Maxxis Tires,"Utvatv","Soft Terrain / Utv Atv Tire",233.70,246.12,0.00,0,"Honda, Yamaha, KTM, Kawasaki, Suzuki, Husqvarna, GasGas","Honda CRF250R / CRF450R, Yamaha YZ250F / YZ450F, KTM 250 SX-F / 450 SX-F, Kawasaki KX250 / KX450, Suzuki RM-Z250 / RM-Z450, Husqvarna FC 250 / FC 450",1995 - 2025,"Maxxis MU9C Coronado Tires Designed for high speeds and high temperatures, the MU9C Coronado Tires from Maxxis are the ultimate desert tire for your ATV or side-by-side. An eight ply carcass and aggressive tread pattern allow the Coronado Tires to serve double-duty against brutal rocks and thorns or function equally well against chores and ho-hum utility miles. Whether you are running backcountry trails or national races, the MU9C Coronado Tires deliver a smooth ride stemming from true radial construction and a center tread configuration with a high land-to-sea ratio of lugs. Tread compounds offer supreme performance and longevity. The stepped side lugs and a long-wearing rubber formulation optimize grip on loose-over-hard desert terrains.","Designed for desert and rocky terrain Excels on hard pack and intermediate surfaces 8 ply radial construction resists punctures High weight capacity for utility needs Performance-matched front and rear setup provides steering control and confidence at high speeds Aggressive tread pattern extends well over the shoulder area for increased sidewall protection Stepped lugs to provide multiple biting edges Rounded front tire edges boost steering feel and traction For off highway use only",https://www.cyclegear.com/_a/product_images/1513/8195/maxxis_mu9_c_coronado_tires.jpg,""
10269915,P1026241,"DragonFire Racing Kopa Sand Paddle Tires",dragonfire-racing-kopa-sand-paddle-tires,Tires,DragonFire Racing,"Utvatv","Utv Atv Tire / Sand Tire",229.99,0.00,0.00,0,"Can-Am, Polaris, Honda, Yamaha, Kawasaki, Arctic Cat","Can-Am Spyder / Ryker / Maverick, Polaris RZR / Ranger, Honda Pioneer / Foreman, Yamaha Grizzly",2008 - 2025,"DragonFire Racing Kopa Sand Paddle Tires From the expert engineers at DragonFire - the Kopa sand paddle tire. Achieve maximum flotation and spin in the sand with a tire constructed from a lightweight, 2-ply carcass with 23 millimeter paddles to provide optimum traction for both naturally aspirated and turbo-equipped UTVs.","2-ply design Added texture built into the mold for increased friction without the additional drag",https://www.cyclegear.com/_a/product_images/1881/3135/dragon_fire_racing_kopa_paddle_tire.jpg,""
10307901,P1048525,"High Lifter XComp ATR Tires",high-lifter-xcomp-atr-tires,Tires,High Lifter Products Inc,"Utvatv","Utv Atv Tire / Hard Terrain / Intermediate Terrain / Soft Terrain",328.95,0.00,0.00,0,"Honda, Yamaha, KTM, Kawasaki, Suzuki, Husqvarna, GasGas","Honda CRF250R / CRF450R, Yamaha YZ250F / YZ450F, KTM 250 SX-F / 450 SX-F, Kawasaki KX250 / KX450, Suzuki RM-Z250 / RM-Z450, Husqvarna FC 250 / FC 450",1995 - 2025,"High Lifter XComp ATR Tire The XComp ATR from High Lifter is a merciless tread pattern is a two-stage, 10-ply rated radial featuring dual steel belts with nylon cap plies and polyester carcass. This unique LT-inspired design achieves a higher level of strength and ride comfort than any other UTV tire and exceeds DOT requirements.","Aggressive tread pattern with multi-angle shoulder tread Dual steel belted, heavy duty steel belt plies for maximum durability Advanced construction for superior uniformity and overall balance 10-ply rated Sold each",https://www.cyclegear.com/_a/product_images/2051/9084/high_lifter_x_comp_atr_tire.jpg,""
10041374,P895165,"ITP Cryptid Tires",itp-cryptid-tires,Tires,N/A,"Utvatv","Mud Tire / Utv Atv Tire",261.41,293.11,0.00,0,"Can-Am, Polaris, Honda, Yamaha, Kawasaki, Arctic Cat","Can-Am Spyder / Ryker / Maverick, Polaris RZR / Ranger, Honda Pioneer / Foreman, Yamaha Grizzly",2008 - 2025,"ITP Cryptid Tires The Cryptid Tires from ITP are an extreme mud tire with a paddle-like chevron tread configuration for maximum side bite. The Cryptid Tire specializes in conquering the gnarliest muck. They're real swamp monsters that feature mud-churning performance, unmatched tread size and trail versatility. The chevron pattern allows the Cryptid Tires to climb in and out of the mud without compromising ride comfort on trails and hard pack. They also excel in snow.","Extreme mud tire with chevron-shaped paddles Ultra deep lug depth Good performance in snow Maximum side bite for climbing in and out of the mud without compromising ride comfort on trails and hard pack Grooved center lugs to channel away mud and debris and a super durable rubber compound to protect against abrasions, chips and cuts Unparalleled forward traction Graduated lug height: 1.5"" at center growing to 2"" at the shoulder 6 ply rated bias construction Made in the USA For off highway use only",https://www.cyclegear.com/_a/product_images/1522/0059/itp_cryptid_tires.jpg,""
10589654,P1186762,"ITP Tires Savage XT Tire",itp-tires-savage-xt-tire,Tires,N/A,"Utvatv","Hard Terrain / Non Dot Tire / Utv Atv Tire",321.92,357.69,0.00,0,"Can-Am, Polaris, Honda, Yamaha, Kawasaki, Arctic Cat","Can-Am Spyder / Ryker / Maverick, Polaris RZR / Ranger, Honda Pioneer / Foreman, Yamaha Grizzly",2008 - 2025,"ITP Tires Savage XT Tire The ITP Savage XT Tire confidently supports the increased weight and power of modern high-performance UTVs. Designed with an assertive all-terrain tread, it ensures reliable traction through mud, rocks, and compacted terrains, offering the rider command in diverse conditions. Featuring an 8-ply radial structure, it not only delivers a comfortable ride but also resists punctures effectively. Stout sidewalls bolstered with a protective rim guard shield against harsh impacts and trail hazards. It arrives in RG2 and Hyper Adhesion compounds to meet the expectations of riders seeking persistent grip and high resilience through their adventures.","Engineered to support the heavier demands of today's larger, more powerful UTVs Aggressive All Terrain pattern designed to excel in a wide variety of terrain, including mud, rocks and hard pack 8-ply Durable 8PR radial construction Reinforced sidewall and aggressive shoulder design Protective rim guard Available in two compounds - RG2 (soft) and all new super sticky (Hyper-Adhesion Rubber Compound Tread Depth: 24 Weight: 45.5 lb. - 63 lb. Hand crafted in the USA Sold each",https://www.cyclegear.com/_a/product_images/2582/5726/itp_tires_savage_xt_tire.jpg,""
10620477,P1198433,"System 3 Off-Road XT400W Tires",system-3-off-road-xt400w-tires,Tires,System 3 Off-Road,"Utvatv","Mud Tire / Non Dot Tire / Utv Atv Tire",347.79,386.43,0.00,0,"Can-Am, Polaris, Honda, Yamaha, Kawasaki, Arctic Cat","Can-Am Spyder / Ryker / Maverick, Polaris RZR / Ranger, Honda Pioneer / Foreman, Yamaha Grizzly",2008 - 2025,"System 3 Off-Road XT400W Tires The System 3 Off-Road XT400W Tire is designed for riders seeking reliable traction across mud, rocks, and challenging trails. Its full-width tread showcases deep dual-stage lugs and aggressive shoulder blocks that enhance grip significantly. Constructed with a 10-ply radial design, it ensures both strength and comfort during rides. The deep rim guard serves as an added layer of protection against impacts and punctures, equipping the XT400W for rigorous off-road experiences.","""W"" features a full 12"" tread Deeper 1.625"" - 2.50"" deep 2-stage lugs Mud-trail hybrid for extreme trail traction Advanced 10 ply radial construction Multi-stage center lugs Super aggressive shoulder lugs Deep rim guard For off highway use only Note : Tire only. Wheel not included.",https://www.cyclegear.com/_a/product_images/2627/3776/system3_off_road_xt400_w_tires.jpg,""
10032717,P891849,"Maxxis Ceros Tires",maxxis-ceros-tires,Tires,Maxxis Tires,"Utvatv","Hard Terrain / Utv Atv Tire",219.45,0.00,0.00,0,"Can-Am, Polaris, Honda, Yamaha, Kawasaki, Arctic Cat","Can-Am Spyder / Ryker / Maverick, Polaris RZR / Ranger, Honda Pioneer / Foreman, Yamaha Grizzly",2008 - 2025,"Maxxis Ceros Tires Designed for intermediate and harder packed surfaces, the Maxxis Ceros Tires excel in desert and rocky conditions. These 6 ply rated tires are also perfect for short course UTV racing and high speed desert racing.","Designed for intermediate and hard pack surfaces Excels in desert and rocky conditions Excellent traction and stability on hard pack or loose-over-hard conditions 6 ply rated tire Great for short-course UTV racing as well as high-speed desert riding UTV and side-by-side-specific Suitable for high operating pressures For off highway use only",https://www.cyclegear.com/_a/product_images/1513/8535/maxxis_ceros_tires.jpg,""
10447094,P1113975,"Quad Boss QBT889 Loose Terrain Tires",quad-boss-qbt889-loose-terrain-tires,Tires,Quad Boss,"Utvatv","Soft Terrain / Utv Atv Tire",255.50,0.00,0.00,0,"Honda, Yamaha, KTM, Kawasaki, Suzuki, Husqvarna, GasGas","Honda CRF250R / CRF450R, Yamaha YZ250F / YZ450F, KTM 250 SX-F / 450 SX-F, Kawasaki KX250 / KX450, Suzuki RM-Z250 / RM-Z450, Husqvarna FC 250 / FC 450",1995 - 2025,"Quad Boss QBT889 Loose Terrain Tires The QuadBoss QBT889 Tires are designed for navigating loose terrain, while delivering exceptional all-terrain capability. The thoughtfully designed tread, incorporating shouldered and stepped lugs, excels in expelling rocks and self-cleaning. Enhanced stability and puncture resistance are achieved through the tire's reinforced sidewall. Despite the long list of features, the QuadBoss 889 Tires maintain a lighter weight compared to competitors, ensuring that power transfer to the ground is optimized.","Engineered for loose terrain Unique tread design ensures stability and traction Tread depth on the shoulder combined with stepping tread block keeps weight low Corner cutting and stepping on tread block improves stone cleaning capability ""Overbead"" design on shoulder and sidewall boosts puncture resistance and traction For off-highway use only",https://www.cyclegear.com/_a/product_images/2328/3055/quad_boss_qbt889_loose_terrain_tires.jpg,""
10049821,P899147,"System 3 Off-Road XCR350 Tires",system-3-off-road-xcr350-tires,Tires,System 3 Off-Road,"Utvatv","Utv Atv Tire / Hard Terrain",307.62,341.81,0.00,0,"Can-Am, Polaris, Honda, Yamaha, Kawasaki, Arctic Cat","Can-Am Spyder / Ryker / Maverick, Polaris RZR / Ranger, Honda Pioneer / Foreman, Yamaha Grizzly",2008 - 2025,"System 3 Off-Road XCR350 Tires System 3 Off-Road gives you a rock crawling tire that grips more than just rocks with the XCR350. Staggered shoulder treads and multi-angled center tread provide superior bite. These provide optimum grip even when you air them down and their eight ply assembly resists cuts and punctures.","Light truck-inspired rugged-terrain tire 8 ply radial construction Multi-angle tread blocks with stepped structure for maximum bite Staggered shoulder treads for cornering bite Medium compound allows extra tread flex Lightweight, flexible design Sizes 35"" and 36"" are not DOT approved Note : Tire only. Wheel not included.",https://www.cyclegear.com/_a/product_images/1534/3362/system3_off_road_xcr350_tires.jpg,""
10476859,P1130574,"EFX MotoCrusher Tires",efx-motocrusher-tires,Tires,EFX Tires,"Utvatv","Soft Terrain / Intermediate Terrain / Hard Terrain / Utv Atv Tire",314.00,0.00,0.00,0,"Honda, Yamaha, KTM, Kawasaki, Suzuki, Husqvarna, GasGas","Honda CRF250R / CRF450R, Yamaha YZ250F / YZ450F, KTM 250 SX-F / 450 SX-F, Kawasaki KX250 / KX450, Suzuki RM-Z250 / RM-Z450, Husqvarna FC 250 / FC 450",1995 - 2025,"EFX Tires MotoCrusher Tire The EFX MotoCrusher tire is engineered to dominate any terrain with ease. Built with an 8-ply radial construction and a proprietary competition-grade compound, it offers exceptional softness, grip, and adaptability for off-road adventures. Featuring a flexible reinforced sidewall for low-pressure applications and advanced siping for enhanced traction, the MotoCrusher lives up to its name. Its alternating side lugs deliver outstanding control in deep ruts, while the balanced tread depth ensures optimal self-cleaning for peak performance.","8-ply radial construction 22"" Tread depth Speed Rating: M Made from a proprietary competition-grade compound Flexible reinforced sidewall for low-pressure applications Advanced siping for increased traction Alternating side lugs Specifications: 32x10R14 - 48.24 lbs / 760 Load Rating 32x10R15 - 49.12 lbs / 760 Load Rating 33x10R15 - 52.65 lbs / 760 Load Rating 35x10R15 - 56.77 lbs / 785 Load Rating 37x10R15 - 63.92 lbs / 935 Load Rating 37x10R18 - 60.63 lbs / 880 Load Rating 40x10R18 - 70.28 lbs / 1020 Load Rating",https://www.cyclegear.com/_a/product_images/2378/5170/efx_tires_motocrusher32_x1000_r148_ply321014.jpg,""
10426450,P1104845,"System 3 Off-Road RC500S ""Sticky"" Tires",system-3-off-road-rc500s-sticky-tires,Tires,System 3 Off-Road,"Utvatv","Hard Terrain / Utv Atv Tire",309.77,344.19,0.00,0,"Can-Am, Polaris, Honda, Yamaha, Kawasaki, Arctic Cat","Can-Am Spyder / Ryker / Maverick, Polaris RZR / Ranger, Honda Pioneer / Foreman, Yamaha Grizzly",2008 - 2025,"System 3 Off-Road RC500S ""Sticky"" Tire The product presents a tire featuring deep interlocking tread blocks that range from 0.65 to 1.0 inches in depth, paired with optimal voids for trail superiority. Its design ensures enhanced grip due to wider spaced, staggered tread blocks adept for traversing loose surfaces. Engineered with a ""Sticky Compound,"" the blend of a proprietary soft tread on a flexible 8-ply rated carcass positions it as a leading choice for rock crawling endeavors. The inventive combination of soft compound and carcass crafts a new benchmark in slick surface traction. Furthermore, the innovative carcass construction enhances ride quality and offers exceptional stability across a variety of terrains, both loose and compacted. The tire also boasts a super deep rim guard to shield wheel lips and aid in the prevention of pinch flats at reduced air pressures.","Deep .65” - 1.0” inter-locking tread blocks and optimal void excels on the trails while the wider spaced, staggered tread blocks grip in the loose terrain “S” or “sticky compound” features a combination of our proprietary soft tread compound and flexible 8-ply rated carcass which results in one of the best rock crawling tires on the market The soft compound and carcass flotation set a new standard in slick surface traction The new carcass maximizes ride quality and the trackability is unmatched on loose or hard pack terrains Super deep rim guard protects wheel lips and helps avoid pinch flats at lower psi",https://www.cyclegear.com/_a/product_images/2287/6823/system3_off_road_rc500_s_sticky_tire_1800x1800.jpg,""
10051958,P899566,"GBC Terra Master Tires",gbc-terra-master-tires,Tires,N/A,"Utvatv","Hard Terrain / Utv Atv Tire",228.56,253.95,0.00,0,"Can-Am, Polaris, Honda, Yamaha, Kawasaki, Arctic Cat","Can-Am Spyder / Ryker / Maverick, Polaris RZR / Ranger, Honda Pioneer / Foreman, Yamaha Grizzly",2008 - 2025,"GBC Terra Master Tires The Terra Master Tires from GBC hold a unique tread design that gives riders the benefits of two tires in one. You customize the orientation of the Terra Masters to best match your vehicle and driving style. With lateral lugs facing outward, the Terra Masters are oriented for better forward traction in mud and loose surfaces with better obstacle climbing ability. Flip them around (with staggered A/T pattern facing out) for quicker steering response and better high speed road manners. Either way, the ten ply radial construction is well up the the task of battling flats and trail damage, and the Terra Master is also DOT approved.","The industry's first asymmetrical, non-directional all-terrain tire Can be oriented facing either direction 10 ply rated radial design Puncture resistant Lightweight construction Note : Tire only. Wheel not included.",https://www.cyclegear.com/_a/product_images/1535/1657/gbc_tire_terra_master_front27_x9_r14_radial_lr760_lbs_terra_master_front27_x9_r14.jpg,""
10052023,P899574,"GBC Kanati Mongrel Tires",gbc-kanati-mongrel-tires,Tires,N/A,"Utvatv","Hard Terrain / Utv Atv Tire",196.43,217.95,0.00,0,"Can-Am, Polaris, Honda, Yamaha, Kawasaki, Arctic Cat","Can-Am Spyder / Ryker / Maverick, Polaris RZR / Ranger, Honda Pioneer / Foreman, Yamaha Grizzly",2008 - 2025,"GBC Kanati Mongrel Tires The Kanati Mongrel Tires from GBC debuted as the world’s first all-purpose, DOT-approved tire for SxS applications. These ten-ply rated radials offer unparalleled performance over virtually all terrains, yet the ride remains smooth and predictable. Their design is lightweight while keeping extreme puncture resistance. The Mongrel's toughness isn't just an empty claim. These tires have crushed the competition in appearances at the Baja 500, King of the Hammers, and WORCS amateur and pro class events - edging out the competition with a unique blend of traction, stability, and especially durability.","Race-ready all-terrain design Industry first all-purpose, DOT approved SxS tire 10 ply radial construction Lightweight and highly puncture resistant Race-proven durability and performance Note : Tire only. Wheel not included.",https://www.cyclegear.com/_a/product_images/1535/1963/gbc_tire_kanati_mongrel_dot10_ply_fr26_x10_r12_radial_lr760_lbs_kanati_mongrel_dot10_ply_fr26_x10_r12_1800x1800.jpg,""
10032703,P891848,"Maxxis Bighorn Radial Tires",maxxis-bighorn-radial-tires,Tires,Maxxis Tires,"Utvatv","Utv Atv Tire / Intermediate Terrain",225.15,237.00,0.00,0,"Can-Am, Polaris, Honda, Yamaha, Kawasaki, Arctic Cat","Can-Am Spyder / Ryker / Maverick, Polaris RZR / Ranger, Honda Pioneer / Foreman, Yamaha Grizzly",2008 - 2025,"Maxxis Bighorn Radial Tires The Bighorn Tires from Maxxis are an aggressive off-road tire with tenacious performance over dirt, desert and rock. This radial version gives racers and recreational riders alike an immediately appreciation for the the Bighorn's ride quality and comfort. The tread pattern and wide footprint give exceptional traction. Large shoulder lugs help to protect the sidewalls and rims from contact with rock and debris.","Extreme all terrain designed for hard pack, intermediate, loose and soft surfaces Excels in desert, MX, rocky and sandy terrains Extra shoulder lugs protect sidewall and rim 6 ply radial construction offers a significantly smoother ride over rough trails Tire is suitable for desert, dirt and rock applications The tread pattern and wide footprint give exceptional traction Raised white lettering on one side (unless noted) Fully black ""BSW"" sidewalls available in select sizes For off highway use only",https://www.cyclegear.com/_a/product_images/1514/0677/maxxis_bighorn_radial_tires.jpg,""
10252813,P1017997,"EFX MotoHavok Tires",efx-motohavok-tires,Tires,EFX Tires,"Utvatv","Mud Tire / Utv Atv Tire",257.00,0.00,0.00,0,"Can-Am, Polaris, Honda, Yamaha, Kawasaki, Arctic Cat","Can-Am Spyder / Ryker / Maverick, Polaris RZR / Ranger, Honda Pioneer / Foreman, Yamaha Grizzly",2008 - 2025,"EFX Tires MotoHavok Tire The EFX MotoHavok is like no other UTV mud/ag tire on the market. Innovating the best in class ag-style tire is no easy accomplishment. EFX combined unparalleled deep mud traction with a smooth hard-pack ride quality to ensure you're covered no matter what terrain you're on. The MotoHavok is the only ag-style mud tire to feature an ultra-deep wheel lip protector, shielding your custom wheels from debris while in motion.","Industry-first checkmark design tread pattern for ample traction in forward gears and reverse Ultra deep wheel lip protector Durable 6-ply carcass 2""+ lugs for bonus mud traction",https://www.cyclegear.com/_a/product_images/1858/6440/efx_tires_moto_havok_tire.jpg,""
10020628,P1053031,"Avon 3D Ultra Xtreme Slick Tires",avon-3d-ultra-xtreme-slick-tires,Tires,Avon Tire,"Street / Sportbike","Dot Tire / Race Tire / Sportbike Tire",241.74,349.61,0.00,0,"Honda, Yamaha, Kawasaki, Suzuki, BMW, Ducati, Triumph, Aprilia","Honda CBR600RR / CBR1000RR, Yamaha YZF-R6 / YZF-R1 / MT-07 / MT-09, Kawasaki Ninja 650 / ZX-6R / ZX-10R, Suzuki GSX-R600 / GSX-R1000, BMW S1000RR, Ducati Monster / Panigale",1998 - 2025,"Avon 3D Ultra Xtreme Slick Tires The 3D Ultra Xtreme Slick Tire is an high performance track day tire with a super-sticky rubber compound that excels in dry conditions.","Outstanding handling characteristics Large footprint at extreme lean angles High performance super-sticky rubber compound enhances grip Notes : It is recommended to change your valve stem, tube and/or rim strip when installing a new tire. Shop Here! Need your tire mounted? We’ve got you covered! Tire Mount Discount",https://www.cyclegear.com/_a/product_images/2078/5728/avon_av81_av823_d_ultra_xtreme_tires.jpg,""
10252900,P1018035,"EFX MotoVator Radial Tires",efx-motovator-radial-tires,Tires,EFX Tires,"Utvatv","Utv Atv Tire / Hard Terrain",273.00,0.00,0.00,0,"Can-Am, Polaris, Honda, Yamaha, Kawasaki, Arctic Cat","Can-Am Spyder / Ryker / Maverick, Polaris RZR / Ranger, Honda Pioneer / Foreman, Yamaha Grizzly",2008 - 2025,"EFX Tires MotoVator Radial Tire Specifically developed for the harsh terrain of today's UTV race teams, the MotoVator is loaded with cutting-edge engineering, improved safety, and top notch performance. The EFX Tires MotoVator is a true steel-belted puncture-resistant radial tire capable of high speeds on any hard-packed surface. Utilizing light truck engineering, the inner and outer bead are steel belted to ensure the smoothest, quietest ride quality on the market.","8-ply radial construction Unique center tread pattern provides large contact patch Elongated shoulder tread improves high and low speed cornering with reduced rolling resistance",https://www.cyclegear.com/_a/product_images/1858/8361/efx_tires_moto_vator_dot_radial_tire.jpg,""
10303573,P1046790,"Tensor Sand Series Tires",tensor-sand-series-tires,Tires,N/A,"Utvatv","Sand Tire / Utv Atv Tire",344.00,0.00,0.00,0,"Can-Am, Polaris, Honda, Yamaha, Kawasaki, Arctic Cat","Can-Am Spyder / Ryker / Maverick, Polaris RZR / Ranger, Honda Pioneer / Foreman, Yamaha Grizzly",2008 - 2025,"Tensor Sand Series Tires The Sand Series Tires from Tensor Tire are race-built tires aimed squarely at UTV sand racing. Available in both bias and radial construction, all versions of the Sand Tire use two ply construction with reinforced sidewalls for excellent puncture resistance. These rigid tires are designed with high horsepower, full size UTVs and have the load capacity to match. The Sand Series Tires keep steering response sharp, braking distances short and accelerative grip strong. Bias ply models use a proprietary fiberglass belted construction.","Developed specifically for modern high-performance machines Lightweight 2 ply bias construction reduces rotating mass for maximum power delivery 33"" tall tire provides added ground clearance for increased vehicle capability Patent-pending Velocity Grid design provides added biting edges for superior handling and acceleration Less drag and rolling resistance with decreased weight from incorporated Velocity GridT pattern Front tire features dual apex turning ribs to provide exceptional steering response Rear tire features 14 paddles optimized with a 1"" height for maximum performance.",https://www.cyclegear.com/_a/product_images/2072/3684/tensor_sand_series_tires.jpg,""
10499324,P1143359,"Moose Racing Insurgent Tires",moose-racing-insurgent-tires,Tires,Moose Racing,"Utvatv","Soft Terrain / Intermediate Terrain / Utv Atv Tire",222.95,0.00,0.00,0,"Honda, Yamaha, KTM, Kawasaki, Suzuki, Husqvarna, GasGas","Honda CRF250R / CRF450R, Yamaha YZ250F / YZ450F, KTM 250 SX-F / 450 SX-F, Kawasaki KX250 / KX450, Suzuki RM-Z250 / RM-Z450, Husqvarna FC 250 / FC 450",1995 - 2025,"Moose Racing Insurgent Tires Moose Racing introduces the Insurgent UTV Tires, designed for exceptional performance across diverse off-road conditions. These tires feature an all-terrain tread pattern, ensuring reliable traction wherever the trail may lead. At the tread's center, a densely arranged lug pattern enhances the Insurgent's comportment on hard-packed surfaces. Available in both six-ply and eight-ply versions, their radial construction delivers a comfortable ride, while providing the strength to support full-size UTVs and side-by-sides, even when carrying heavy loads or additional passengers. Features Light truck-inspired all-terrain tire 6 and 8 ply versions High land ratio at the tread center enhances steering and performance on hard pack Flatter profile offers wide ground contact and enhances cornering traction Radial construction provides a better ride with more stability","N/A",https://www.cyclegear.com/_a/product_images/2416/0736/moose_racing_insurgent_tires.jpg,""
10042410,P895541,"ITP Tenacity XNR Tires",itp-tenacity-xnr-tires,Tires,N/A,"Utvatv","Utv Atv Tire / Intermediate Terrain",320.56,356.17,0.00,0,"Can-Am, Polaris, Honda, Yamaha, Kawasaki, Arctic Cat","Can-Am Spyder / Ryker / Maverick, Polaris RZR / Ranger, Honda Pioneer / Foreman, Yamaha Grizzly",2008 - 2025,"ITP Tenacity XNR Tires The Tenacity XNR tires from ITP are all terrain with a 10 ply construction. Distinctively designed for desert, gravel, rock and sandy terrain, the new rubber compound ensures and balances consistent traction and tread life.","All-terrain light truck design for desert, hard pack, intermediate and loose surfaces 10 ply construction Specifically designed for desert, gravel, rock and sandy terrain Premium nylon body plies and CCB (continuous cap belt) for a lighter, non-steel belted construction Computer-aided, non-directional tread pattern Revised chain type tread pattern increases traction in loose terrain Staggered shoulder blocks ensure consistent traction New rubber compound effectively balances traction and tread life Improved compliance for trail riding over rocks, roots, and rutted conditions at lower speeds Made in the USA For off highway use only",https://www.cyclegear.com/_a/product_images/1522/7046/itp_tenacity_xnr_tires.jpg,""
10369512,P1079320,"ITP Intersect Tires",itp-intersect-tires,Tires,N/A,"Utvatv","Hard Terrain / Utv Atv Tire",336.72,374.13,0.00,0,"Can-Am, Polaris, Honda, Yamaha, Kawasaki, Arctic Cat","Can-Am Spyder / Ryker / Maverick, Polaris RZR / Ranger, Honda Pioneer / Foreman, Yamaha Grizzly",2008 - 2025,"ITP Tires Intersect Tire Add some grip to your next ride with this all-terrain tire from ITP.","8-ply Sold each Note: Tire only, wheel sold separately.",https://www.cyclegear.com/_a/product_images/2173/0935/itp_tires_intersect_tires.jpg,""
10613753,P1196105,"System 3 Off-Road XTR370W Tires",system-3-off-road-xtr370w-tires,Tires,System 3 Off-Road,"Utvatv","Intermediate Terrain / Hard Terrain / Non Dot Tire / Utv Atv Tire",325.67,361.86,0.00,0,"Can-Am, Polaris, Honda, Yamaha, Kawasaki, Arctic Cat","Can-Am Spyder / Ryker / Maverick, Polaris RZR / Ranger, Honda Pioneer / Foreman, Yamaha Grizzly",2008 - 2025,"System 3 Off-Road XTR370W Tires The XTR370W Wide Xtreme Terrain Radial is designed for those who tackle the toughest trails with confidence. Its impressive 12-inch tread width allows for easier navigation over ruts, preventing riders from becoming stuck. Featuring deep 1.125-inch tread blocks with integrated siping, it ensures remarkable traction on loose, rocky, and slick surfaces. Extended sidewall lugs enhance grip during aggressive cornering and steep climbs. Offered in both a durable 10-ply standard compound and a softer 8-ply carcass option, the XTR370W strikes the perfect balance between traction, flotation and durability for extreme all-terrain capabilities.","""W"" features a full 12-inch tread width 1.125 inch tread depth 10 ply radial construction for Standard Compound 8 ply radial construction for Sticky Compound Extreme all-terrain performance Multi-angle tread blocks with integrated siping Extended sidewall tread offers increased side bite and lateral grip Wide lug spacing ejects mud Flexible, pliant advanced sidewall construction Deep rim guard Max load: 1,210 lbs. - 1,860 lbs. Tire weight: 58.2 lbs. - 69.4 lbs. For off highway use only Note : Tire only. Wheel not included.",https://www.cyclegear.com/_a/product_images/2619/2522/system3_off_road_xtr370_w_tires.jpg,""
10044569,P896287,"Quad Boss QBT808 Radial Utility Tires",quad-boss-qbt808-radial-utility-tires,Tires,Quad Boss,"Utvatv","Intermediate Terrain / Utv Atv Tire",224.55,0.00,0.00,0,"Can-Am, Polaris, Honda, Yamaha, Kawasaki, Arctic Cat","Can-Am Spyder / Ryker / Maverick, Polaris RZR / Ranger, Honda Pioneer / Foreman, Yamaha Grizzly",2008 - 2025,"QuadBoss QBT808 Radial Utility Tires Quad Boss has the solution to your hard pack tire needs in the QBT808 Radial Utility Tire. Constructed using a chain-linked chevron-shaped lug pattern for increased grip with predictable driving behavior. Designed to improve tread life and reduce ride noise this multipurpose tire excels while keeping the grip to the ground.","Rugged, light truck-inspired all-terrain tire Large, staggered tread knobs and shoulder lugs Linked chevron shaped center tread pattern Reduced rolling resistance and improved tread life 8 ply non-directional radial construction 5/8"" tread depth",https://www.cyclegear.com/_a/product_images/1525/0715/quad_boss_qbt808_radial_utility_tires.jpg,""
10431076,P1087962,"Sedona Trail Saw 2.0 Tires",sedona-trail-saw-20-tires,Tires,Sedona,"Utvatv","Soft Terrain / Intermediate Terrain / Utv Atv Tire",263.66,292.95,0.00,0,"Honda, Yamaha, KTM, Kawasaki, Suzuki, Husqvarna, GasGas","Honda CRF250R / CRF450R, Yamaha YZ250F / YZ450F, KTM 250 SX-F / 450 SX-F, Kawasaki KX250 / KX450, Suzuki RM-Z250 / RM-Z450, Husqvarna FC 250 / FC 450",1995 - 2025,"Sedona Trail Saw 2.0 Tires Crafted for today's high-performance UTVs, the Sedona Trail Saw 2.0 radial tire is your all-encompassing solution, conquering deserts to east coast woods. With aggressive tread and 18mm depth, it excels in various terrains, while sidewall coverage enhances protection and traction in rutted landscapes. The performance-driven Crown Radius tread ensures precise steering through hardpack, ruts, and rocky terrain.","8 ply rated puncture resistant Radial Extremely durable sidewall with inset bead for added protection Aggressive tread design with integrated side lugs to grip in extreme riding conditions Integrated rock ejectors in tread design Designed to match the high-horsepower, high-speed requirements of today’s side-by-sides Note: Yellow balance dot needs to be positioned opposite the valve stem",https://www.cyclegear.com/_a/product_images/2207/7381/sedona_trail_saw20_tires.jpg,""
10046508,P897241,"Vision W396 Duo Trax Tires",vision-w396-duo-trax-tires,Tires,N/A,"Utvatv","Utv Atv Tire / Intermediate Terrain",201.95,0.00,0.00,0,"Can-Am, Polaris, Honda, Yamaha, Kawasaki, Arctic Cat","Can-Am Spyder / Ryker / Maverick, Polaris RZR / Ranger, Honda Pioneer / Foreman, Yamaha Grizzly",2008 - 2025,"Vision W396 Duo Trax Tires The Duo Trax Tires from Vision Wheel pack an asymmetrical, all-terrain tread design with different inner and outer tread patterns. The highlight of this dynamic tread pattern is excellent performance in mud, hard pack and snow. The tread design delivers a smooth ride with great stability when cornering. The radial, six-ply construction holds up against trail damage and punctures while handling the load needs of full size SxS's and hardworking UTVs.","Unique asymmetrical tread design for superb performance in mud, hard pack and snow All-terrain performance Radial 6 ply design Dimpled tire surfaces helps eject packed mud and snow Smooth ride and increased handling stability at high speeds and on hard cornering Designed for full size UTVs and side-by-sides Load rating of 760lb at 15psi Non-directional and reversible, fitting both left-side and right-side applications",https://www.cyclegear.com/_a/product_images/1528/3001/vision_duo_trax_tires.jpg,""
159093,P43390,"ITP Mud Lite XTR Tires",itp-mud-lite-xtr-tires,Tires,N/A,"Utvatv","Utv Atv Tire / Mud Tire",231.30,256.99,0.00,0,"Can-Am, Polaris, Honda, Yamaha, Kawasaki, Arctic Cat","Can-Am Spyder / Ryker / Maverick, Polaris RZR / Ranger, Honda Pioneer / Foreman, Yamaha Grizzly",2008 - 2025,"ITP Mud Lite XTR Tires Radial construction means the Mud Lite XTR Tire delivers extreme traction over mud and rock. The radial design creates a smoother ride while handling higher payload and delivering sharper handling. The super-aggressive tread design features 1 1/8 inch deep angled, grooved lugs to achieve exceptional grip. Long-wearing tread compound and six ply construction resist punctures mile after mile.","Extreme terrain radial tire Super aggressive tread design features deep, angled, grooved lugs to achieve an exceptional level of traction 1 1/8 inch tread depth Among the smoothest-riding mud tires on the market today Super-aggressive tread design features deep, angled, grooved lugs to achieve an exceptional level of traction Radial construction means the Mud Lite XTR rides smoothly and finds more traction than a bias-ply tire because of a larger contact patch - a radial tires footprint actually grows under load Lightweight, 6 ply design Puncture resistant construction Made in USA For off highway use only Note: Sold individually.",https://www.cyclegear.com/_a/product_images/0001/4624/ITP_Mud_Lite_XTR_ATV_Tires.jpg,""
10046942,P897485,"Michelin Desert Race Baja Tires",michelin-desert-race-baja-tires,Tires,Michelin Tires,"Dirt Bike / Off-Road","Dirt Bike Tire / Intermediate Terrain / Soft Terrain / Sand Tire",306.99,361.95,0.00,0,"Honda, Yamaha, KTM, Kawasaki, Suzuki, Husqvarna, GasGas","Honda CRF250R / CRF450R, Yamaha YZ250F / YZ450F, KTM 250 SX-F / 450 SX-F, Kawasaki KX250 / KX450, Suzuki RM-Z250 / RM-Z450, Husqvarna FC 250 / FC 450",1995 - 2025,"Michelin Desert Race Baja Tires Racing born and desert bred, the Desert Race Baja tires from Michelin were developed alongside KTM and Husqvarna rally teams. Michelin combined the same proven Desert Race compound from the original Desert Race tires with a new tread pattern (with more void ratio) and a new softer architecture to provide better grip and stronger support when riding in deep, soft ground conditions.","Improved tread pattern with more void ratio New softer architecture Highly proven Michelin Desert Race compound More grip and better support in deep, soft ground V-shaped central knobs on front tires provide maximum traction in deep sand 500g lighter than original Desert Race tires Michelin Desert Bib Mousse (M02) optimized",https://www.cyclegear.com/_a/product_images/1529/4561/michelin_desert_race_baja_tires.jpg,""
10307823,P1048477,"High Lifter Outlaw Max Tires",high-lifter-outlaw-max-tires,Tires,High Lifter Products Inc,"Utvatv","Utv Atv Tire / Mud Tire",259.95,0.00,0.00,0,"Can-Am, Polaris, Honda, Yamaha, Kawasaki, Arctic Cat","Can-Am Spyder / Ryker / Maverick, Polaris RZR / Ranger, Honda Pioneer / Foreman, Yamaha Grizzly",2008 - 2025,"High Lifter Outlaw Max Tire Overengineered to dominate the mud the Outlaw Max Tire by High Lifters super deep 2.0”-2.5” pre-grooved, ""dual stage” tread lugs and beefy square shoulder combined with aggressively siped and stepped center lug that will shed mud and stay clean. The 10"" tread width provides a 2"" wider footprint than narrow ag style treads for superior traction and flotation. The super deep, notched shoulder lugs will bite through the ruts and the overlapping tread at the center gives a smooth transitional trail use.","Continued evolution of the iconic Outlaw tire line Super deep 2.0”-2.5” pre-grooved, “dual stage” tread lugs Square shoulder Aggressively siped and stepped center lug that will shed mud and stay clean 10” tread width 2” wider footprint than narrow Ag style treads for superior traction and flotation at a competitive weight Super deep, notched shoulder lugs bite in the ruts Overlapping tread at center Flexible 8-ply carcass Smooth transitional trail use Sold each",https://www.cyclegear.com/_a/product_images/2051/4953/high_lifter_outlaw_max_tire.jpg,""
10046120,P897050,"Moose Racing Rigid Tires",moose-racing-rigid-tires,Tires,Moose Racing,"Utvatv","Hard Terrain / Utv Atv Tire",238.95,0.00,0.00,0,"Can-Am, Polaris, Honda, Yamaha, Kawasaki, Arctic Cat","Can-Am Spyder / Ryker / Maverick, Polaris RZR / Ranger, Honda Pioneer / Foreman, Yamaha Grizzly",2008 - 2025,"Moose Racing Rigid Tires Big, square tread blocks? Radial construction? Six ply and eight ply versions. Yes, yes and yes! The Moose Racing Rigid Tires check all the necessary boxes for rigidity. The rugged-terrain design provides a good balance of surface area with lug spacing and a 19/32"" tread depth. The design is smooth and composed over hard pack and pavement and easily handles the weight of full size UTVs and side-by-sides. The square-shouldered footprint delivers a wide, sure-footed contact patch that is bolstered with large side lugs for bite over rocks and roots. Improved road manners, longer tread life and better stability at higher speeds are other benefits of the unique tread design. Another highlight of the Rigid Tire is the shoulder lugs which creep all the way up the sidewall for an aggressive look even when parked. Features Light truck-inspired all-terrain tire High land ratio at the tread center enhances steering and performance on hard pack Flatter profile offers wide ground contact and enhances cornering traction Radial construction provides a better ride with more stability 19/32"" tread depth 6 ply and 8 ply versions","N/A",https://www.cyclegear.com/_a/product_images/1527/7885/moose_racing_rigid_tires.jpg,""
10045092,P896476,"Carlisle Versa Trail XTR Tires",carlisle-versa-trail-xtr-tires,Tires,N/A,"Utvatv","Utv Atv Tire / Intermediate Terrain",241.16,267.95,0.00,0,"BMW, KTM, Honda, Yamaha, Triumph, Suzuki, Ducati, Kawasaki, Husqvarna","BMW R1200GS / R1250GS / F850GS, KTM 1290 Super Adventure / 890 Adventure, Honda Africa Twin / CRF300L, Yamaha Ténéré 700, Triumph Tiger 900 / 1200, Suzuki V-Strom 650, Kawasaki KLR650",2000 - 2025,"Carlisle Versa Trail XTR Tires Carlisle Versa Trail XTR Tires, an all-terrain option with six ply radial construction. Carlisle's tough tread rubber compound ensures excellent grip over the life of the tire along with resistance to cuts, chips and punctures. The XTR version of the Versa Trail Tire features enlarged lug channels for improved off-road bite and mud ejection. The Versa Trail XTR Tires also sport a reinforced construction with added puncture resistance via heavier, reinforced plies.","Extreme rugged-trail design for hard pack and intermediate conditions Increased lug spacing Non-directional tread pattern Extreme performance and handling on multiple surfaces Reinforcement belts for added puncture resistance Reinforced radial 6 ply construction For off highway use only",https://www.cyclegear.com/_a/product_images/1525/5176/carlisle_versa_trail_xtr_tires.jpg,""
10426442,P1104844,"System 3 Off-Road RC500 Tires",system-3-off-road-rc500-tires,Tires,System 3 Off-Road,"Utvatv","Hard Terrain / Soft Terrain / Utv Atv Tire",252.21,280.24,0.00,0,"Honda, Yamaha, KTM, Kawasaki, Suzuki, Husqvarna, GasGas","Honda CRF250R / CRF450R, Yamaha YZ250F / YZ450F, KTM 250 SX-F / 450 SX-F, Kawasaki KX250 / KX450, Suzuki RM-Z250 / RM-Z450, Husqvarna FC 250 / FC 450",1995 - 2025,"System 3 Off-Road RC500 Tire The product boasts an aggressive tread design with interlocking blocks measuring from 0.65 inches to a full inch, delivering superb trail handling and superior traction on loose surfaces thanks to its wide, staggered pattern. With a durable 10-ply carcass that includes a fortified lower sidewall and robust ply cord, this tire is built for resilience. The innovative carcass architecture enhances ride comfort and ensures steady tracking across various terrains. Moreover, the exceptionally deep rim guard shields the wheel edges and assists in reducing the risk of pinch flats when operating at lower pressures.","Deep .65” - 1.0” inter-locking tread blocks and optimal void excels on the trails while the wider spaced, staggered tread blocks grip in the loose terrain 10-ply carcass which utilizes a reinforced lower sidewall and heavier ply cord resulting in extreme durability The new carcass maximizes ride quality and the trackability is unmatched on loose or hard pack terrains Super deep rim guard protects wheel lips and helps avoid pinch flats at lower psi",https://www.cyclegear.com/_a/product_images/2287/6534/system3_off_road_rc500_tire_1800x1800.jpg,""
10046500,P897237,"Vision W1805 Trail Finder Tires",vision-w1805-trail-finder-tires,Tires,N/A,"Utvatv","Utv Atv Tire / Soft Terrain / Mud Tire",213.95,0.00,0.00,0,"Honda, Yamaha, KTM, Kawasaki, Suzuki, Husqvarna, GasGas","Honda CRF250R / CRF450R, Yamaha YZ250F / YZ450F, KTM 250 SX-F / 450 SX-F, Kawasaki KX250 / KX450, Suzuki RM-Z250 / RM-Z450, Husqvarna FC 250 / FC 450",1995 - 2025,"Vision W1805 Trail Finder Tires The Trailfinder Tire by Vision Wheel is designed for UTVs and ATVs. Featuring a non-directional tread pattern for both front and rear use, this tire is perfect for multi-terrain adventures. The 26x10R14 tire size and 6-ply radial construction ensure durability and reliability in diverse conditions. The tire is designed with a flatter tread area to provide more contact area with the ground, improving traction and handling. The reduction in sidewall height enhances handling at higher speeds and in hard cornering, while meeting or exceeding OEM requirements for tread wear and shock deflection. Lightweight yet sturdy, the Trailfinder Tire is a great choice for anyone looking for reliable performance on different types of terrain.","All-terrain mud tire tread pattern Flatter tread area to give more contact area with ground Reduced sidewall height for improved handling at higher speeds and in hard cornering Large shoulder lugs with wide tread spacing Lightweight 6 ply radial construction Note : Not certified for use on public roads. Tire only. Wheel not included.",https://www.cyclegear.com/_a/product_images/1528/6724/vision_w1805_trail_finder_tires.jpg,""
10579729,P1184318,"Maxxis Razr XTZ Tires",maxxis-razr-xtz-tires,Tires,Maxxis Tires,"Utvatv","Hard Terrain / Non Dot Tire / Utv Atv Tire",292.60,308.00,0.00,0,"Can-Am, Polaris, Honda, Yamaha, Kawasaki, Arctic Cat","Can-Am Spyder / Ryker / Maverick, Polaris RZR / Ranger, Honda Pioneer / Foreman, Yamaha Grizzly",2008 - 2025,"Maxxis Razr XTZ Tires The RAZR XTZ leverages cutting-edge materials to trim excess weight, enhancing both acceleration and agility without compromising the renowned durability associated with Maxxis. Its carefully engineered contact patch delivers exceptional traction, making it suitable for challenging conditions. In addition, the RAZR XTZ's updated tread design not only boosts its resistance to abrasion and punctures but also amplifies ride comfort for the user.","Next-Generation Tread Pattern: Enhances traction and steering performance for superior handling. Sipe Design: Reduces tread stiffness, delivering a smoother and more comfortable ride. Optimized Shoulder Lug Design: Features integrated rock ejectors to improve debris cleanout and prevent clogging. Enhanced Tread Pattern and Lower Void Ratio: Boosts abrasion and puncture resistance for increased durability. 8-ply-rated",https://www.cyclegear.com/_a/product_images/2570/4619/maxxis_razr_xtz_tires.jpg,""
10041265,P1054097,"ITP Versa Cross V3 Tires",itp-versa-cross-v3-tires-1,Tires,N/A,"Utvatv","Intermediate Terrain / Utv Atv Tire",251.94,319.69,0.00,0,"Can-Am, Polaris, Honda, Yamaha, Kawasaki, Arctic Cat","Can-Am Spyder / Ryker / Maverick, Polaris RZR / Ranger, Honda Pioneer / Foreman, Yamaha Grizzly",2008 - 2025,"ITP Versa Cross V3 Tires The ITP Versa Cross V3 Tire offers extreme performance for hard pack and intermediate terrains. With an enhanced tread pattern and eight ply rated radial construction, the Versa Cross V3 is designed for high performance UTV applications. On low profile sizes, shoulder lugs enhanced with unique contouring and channel cuts promote easier, lower resistance steering.","Designed for hard pack and intermediate surfaces 8 ply construction Light truck-inspired extreme-terrain tread pattern Shoulder lugs enhanced with contour changes and channel cuts to promote ease of steering on low profile sizes Increases traction in slick and rutted conditions Additional channel cuts to improve traction on slick rock and on wet, muddy surfaces Deep rim guard designed to protect the rim lip on aftermarket wheels Reinforced belts provide increased traction and improved puncture resistance ""Tough Tread” rubber compound protects against cuts, chips and tread wear 3/4"" lug depth Made in USA For off highway use only (additional sizes that meet or exceed DOT standards available)",https://www.cyclegear.com/_a/product_images/2082/3852/itp_versa_cross_v3_tires.jpg,""
10519177,P1152777,"EFX MotoRavage XL Tires",efx-motoravage-xl-tires,Tires,EFX Tires,"Utvatv","Intermediate Terrain / Hard Terrain / Non Dot Tire / Utv Atv Tire",249.00,0.00,0.00,0,"Can-Am, Polaris, Honda, Yamaha, Kawasaki, Arctic Cat","Can-Am Spyder / Ryker / Maverick, Polaris RZR / Ranger, Honda Pioneer / Foreman, Yamaha Grizzly",2008 - 2025,"EFX MotoRavage XL Tires The EFX MotoRavage XL, a highly regarded radial tire, features an all-terrain tread design that ensures reliable performance across various surfaces. Enhanced with both an aggressive sidewall pattern and deep main lugs, it delivers exceptional traction whether navigating through thick mud or scaling rough, rocky terrain. Constructed with an eight-ply rating, this tire excels in maintaining internal pressure. The ""XL"" iteration builds upon the original with an increased lug depth of 1.5 inches and a more pronounced sidewall pattern, enhancing its capabilities and durability even further.","Designed to conquer everything XL version features deeper main lugs and sidewall lugs 1.5""+ main lug depth Rugged 8-ply radial construction Soft compound formulation All-terrain tread pattern Performs in mud, sand, rock and everything else Smooth, controlled ride on hard surfaces / trails Deep main lugs and lugged sidewalls Pebbled sidewall pattern",https://www.cyclegear.com/_a/product_images/2466/2684/efx_tires_moto_ravage_tire.jpg,""
10585010,P1184658,"Sedona Ridge Ripr Tire",sedona-ridge-ripr-tire,Tires,Sedona,"Utvatv","Soft Terrain / Intermediate Terrain / Hard Terrain / Non Dot Tire",228.56,253.95,0.00,0,"Honda, Yamaha, KTM, Kawasaki, Suzuki, Husqvarna, GasGas","Honda CRF250R / CRF450R, Yamaha YZ250F / YZ450F, KTM 250 SX-F / 450 SX-F, Kawasaki KX250 / KX450, Suzuki RM-Z250 / RM-Z450, Husqvarna FC 250 / FC 450",1995 - 2025,"Sedona Ridge Ripr Tire The Sedona Ridge Ripr offers unwavering traction and control over a diverse range of terrains, from jagged mountain paths to expansive desert sands. Its pronounced tread design ensures a solid grip and stable handling for side by side riders, allowing them to confidently navigate mixed landscapes. The tire's 8 ply radial build, fortified by robust sidewalls, enhances puncture resistance and extends its longevity under rough conditions. It is crafted to keep pace with the rigors of high-speed desert runs and the technical demands of narrow forest trails, providing riders with a tire that's not only reliable but also complements the dynamic styling of modern high-performance vehicles.","8-ply rated puncture-resistant radial construction for extreme durability Reinforced sidewall with inset bead for added protection against trail hazards Aggressive tread pattern with integrated side lugs for superior grip in rutted terrain Self-cleaning tread design with rock ejectors to maintain traction Engineered for high-horsepower, high-speed UTVs Available in sizes up to 35” for a wide range of fitments Balance dot indicator for proper mounting opposite the valve stem Sold each",https://www.cyclegear.com/_a/product_images/2572/8795/sedona_ridge_ripr_tire.jpg,""
10252716,P1017958,"EFX MotoHammer Radial Tires",efx-motohammer-radial-tires,Tires,EFX Tires,"Utvatv","Utv Atv Tire / Intermediate Terrain",233.00,0.00,0.00,0,"Can-Am, Polaris, Honda, Yamaha, Kawasaki, Arctic Cat","Can-Am Spyder / Ryker / Maverick, Polaris RZR / Ranger, Honda Pioneer / Foreman, Yamaha Grizzly",2008 - 2025,"EFX Tires MotoHammer Radial Tire Conquering hard-packed terrain with superior traction control is no easy feat. When EFX hit the drawing board to engineer the best contact patch in the market, they knew they had to set the bar high. The MotoHammer is the single best hard pack tire on the market, boasting the best/largest contact patches, superior traction control, rugged 8-ply carcass and smooth radial performance.","Shoulder tooth lug that grips and grabs when you need it most KOTH, SCORE, and BITD-tested and approved by EFX-sponsored race teams The industry's most comfortable ride available in a variety of sizes and applications 8 ply carcass",https://www.cyclegear.com/_a/product_images/1858/4214/efx_tires_motohammer_dot_radial.jpg,""
10253108,P1018211,"EFX MotoRally Tires",efx-motorally-tires,Tires,EFX Tires,"Utvatv","Hard Terrain / Utv Atv Tire",248.00,0.00,0.00,0,"BMW, KTM, Honda, Yamaha, Triumph, Suzuki, Ducati, Kawasaki, Husqvarna","BMW R1200GS / R1250GS / F850GS, KTM 1290 Super Adventure / 890 Adventure, Honda Africa Twin / CRF300L, Yamaha Ténéré 700, Triumph Tiger 900 / 1200, Suzuki V-Strom 650, Kawasaki KLR650",2000 - 2025,"EFX Tires MotoRally Tire Introducing the all-new MotoRally tire from EFX. They spent months engineering the ultimate desert tire built with one thing in mind: pure performance and grip. They took their learnings from off-road motoring and extensive R&D and developed a tire that not only exceeds expectations but rises through the ranks for a podium finish. Based off the popular MotoHammer tire, the MotoRally features an upgraded tread design utilizing increased pattern spacing and improved staggered sidewall lugs – resulting in a hard packed desert powerhouse that handles rocks with ease.","8-ply radial construction Based on the MotoHammer but refocused for hard-packed desert terrain",https://www.cyclegear.com/_a/product_images/1859/9487/efx_tires_moto_rally_tire.jpg,""
10508647,P1148926,"AMS All Terrain Tires",ams-all-terrain-tires,Tires,AMS,"Utvatv","Soft Terrain / Intermediate Terrain / Hard Terrain / Utv Atv Tire",223.95,0.00,0.00,0,"Honda, Yamaha, KTM, Kawasaki, Suzuki, Husqvarna, GasGas","Honda CRF250R / CRF450R, Yamaha YZ250F / YZ450F, KTM 250 SX-F / 450 SX-F, Kawasaki KX250 / KX450, Suzuki RM-Z250 / RM-Z450, Husqvarna FC 250 / FC 450",1995 - 2025,"AMS All Terrain Tires Experience relentless performance with the AMS All Terrain Tire, designed to conquer challenging landscapes with its formidable 8-ply radial casing that ensures precision steering and superior traction. The tire's dual-compound tread adds to its longevity, providing a durable option for adventurers. Sipes integrated into the tread blocks enhance flexibility for optimal traction, contributing to a more comfortable ride. Enhanced by a comprehensive rim guard and robust sidewall protection, it navigates through rough terrains with confidence and resilience.","Deep rim guard Extended shoulder design Sipes in tread blocks allow for increased flex, increased traction and a smoother ride Dual compound tread for maximum tear and puncture resistance 8 ply radial Sold each",https://www.cyclegear.com/_a/product_images/2444/3825/ams_all_terrain_tires.jpg,""
10475264,P895542,"ITP Tenacity XSR Tires",itp-tenacity-xsr-tires,Tires,N/A,"Utvatv","Utv Atv Tire / Intermediate Terrain",305.43,339.36,0.00,0,"Can-Am, Polaris, Honda, Yamaha, Kawasaki, Arctic Cat","Can-Am Spyder / Ryker / Maverick, Polaris RZR / Ranger, Honda Pioneer / Foreman, Yamaha Grizzly",2008 - 2025,"ITP Tenacity XSR Tires The Tenacity XSR Tire by ITP stands as a testament to advanced engineering for peak performance across desert, gravel, and sand. Designed with an emphasis on high-speed stability, this tire features a 10-ply radial construction inspired by light truck designs, catering specifically to the demands of extreme riders and competitors. The addition of steel-belted radial technology marks ITP's inaugural venture into this robust category. The tire's rigid body ply structure enhances steering precision and feedback, ensuring a confident and responsive ride in challenging terrains.","All-terrain light truck design for desert, hard pack, intermediate and loose surfaces Specifically designed for desert, gravel, rock and sandy terrain High-performance 10 ply radial construction Computer-aided, non-directional tread pattern Revised chain type tread pattern increases traction in loose terrain Staggered shoulder blocks ensure consistent traction New rubber compound effectively balances traction and tread life ITP’s first steel-belted radial design tailored for the extreme rider/competitor Reinforced steel belts offer improved puncture resistance and confidence-inspiring high-speed stability A more rigid body ply construction method provides crisp steering response",https://www.cyclegear.com/_a/product_images/1522/7012/itp_tenacity_xsr_tires.jpg,""
10049805,P899143,"System 3 Off-Road RT320 Tires",system-3-off-road-rt320-tires,Tires,System 3 Off-Road,"Utvatv","Utv Atv Tire / Hard Terrain",241.36,268.18,0.00,0,"Can-Am, Polaris, Honda, Yamaha, Kawasaki, Arctic Cat","Can-Am Spyder / Ryker / Maverick, Polaris RZR / Ranger, Honda Pioneer / Foreman, Yamaha Grizzly",2008 - 2025,"System 3 Off-Road RT320 Tires The RT320 Tires from System 3 Off-Road sport a race-ready, mixed terrain design. Providing grip in a variety of conditions, the RT320 Tires excel on loose surfaces and hard pack. The eight ply radial design is tough yet lightweight and compliant - delivering a quiet, smooth ride over hard surfaces. The wide, non-directional contact patch uses wider tread spacing at the shoulders for added bite over obstacles and improved cornering stability.","Race-ready, non-directional mixed terrain design Excellent traction on loose surfaces Smooth, quiet ride on hard pack Lightweight 8 ply rated radial design Wide contact patch Long wearing rubber compound Note : Tire only. Wheel not included.",https://www.cyclegear.com/_a/product_images/1534/3668/system3_off_road_rt320_tires.jpg,""
10273458,P1029589,"System 3 Off-Road XC450 Radial Tires",system-3-off-road-xc450-radial-tires,Tires,System 3 Off-Road,"Utvatv","Utv Atv Tire / Hard Terrain / Intermediate Terrain / Soft Terrain",253.56,281.74,0.00,0,"Honda, Yamaha, KTM, Kawasaki, Suzuki, Husqvarna, GasGas","Honda CRF250R / CRF450R, Yamaha YZ250F / YZ450F, KTM 250 SX-F / 450 SX-F, Kawasaki KX250 / KX450, Suzuki RM-Z250 / RM-Z450, Husqvarna FC 250 / FC 450",1995 - 2025,"System 3 Off-Road XC450 Radial Tire Hard pack / intermediate / and loose terrain are no match for the XC450 tire from System 3 Off-Road. Built with tight center-block spacing and open channel shoulders you will find the grip when you need it.","Sold each Mixed terrain tread pattern; tight center-block spacing & open channel shoulders 10-ply rated carcass Super-deep rim guard Tread depth .70” to .85 Max PSI: 24 psi Max Load 28x10R-14: 1185 lbs. 30x10R-14: 1341 lbs. 32x10R-14: 1530 lbs. 30x10R-15: 1317 lbs. 32x10R-15: 1491 lbs. 33x10R-15: 1599 lbs. 35x10R-15: 1719 lbs. Weight 28x10R-14: 37.0 lbs. 30x10R-14: 41.2 lbs. 32x10R-14: 45.8 lbs. 30x10R-15: 41.7 lbs. 32x10R-15: 45.4 lbs. 33x10R-15: 49.8 lbs. 35x10R-15: 56.2 lbs.",https://www.cyclegear.com/_a/product_images/1893/1148/system3_off_road_xc450_radial_tires28_x10_r14_radial.jpg,""
10045534,P896805,"AMS Mud Evil Tires",ams-mud-evil-tires,Tires,AMS,"Utvatv","Mud Tire / Utv Atv Tire",254.95,0.00,0.00,0,"Can-Am, Polaris, Honda, Yamaha, Kawasaki, Arctic Cat","Can-Am Spyder / Ryker / Maverick, Polaris RZR / Ranger, Honda Pioneer / Foreman, Yamaha Grizzly",2008 - 2025,"AMS Mud Evil Tires The Mud Evil Tires are both mud-ready and very evil. Your local pits, bogs and mires tremble with the mere mention of the name ""Mud Evil"". AMS uses a towering two inch tread depth for excellent traction in deep, rutty mud. A semi-continuous center tread improves steering response and keeps the Mud Evil Tires flowing more steadily over dryer, harder, less intense surfaces. Shoulder knobs wrap themselves up the sidewall for increased protection and side bite. The natural rubber compound and six ply nylon bias construction increase durability and puncture resistance.","Extreme mud directional paddle Designed for deep mud and ruts 2"" lug depth Tractor-inspired tread pattern Aggressive shoulder knobs for increased side bite and sidewall protection Semi-continuous center tread for sure-footed control in smoother, less intense conditions 6 ply rated nylon casing Natural rubber compound increases puncture resistance For off highway use only",https://www.cyclegear.com/_a/product_images/1527/2268/ams_mud_evil_tires.jpg,""
922445,P255981,"IRC WF-920HD Wild Flare Motorcycle Tires",irc-wf-920hd-wild-flare-motorcycle-tires,Tires,IRC Tires,"Adventure / Dual Sport","Dot Tire / Harley Tire",165.95,0.00,0.00,0,"Harley-Davidson","Harley (Sportster, Softail, Dyna, Street Glide, Road King, Fat Boy), Honda Shadow / VTX, Yamaha V-Star / Bolt, Indian Scout / Chief, Kawasaki Vulcan, Suzuki Boulevard",1990 - 2025,"IRC WF-920HD Wild Flare Motorcycle Tires IRC WF-920 Wild Flare Motorcycle Tires have been developed especially for use on cruiser models and well balanced in design and performance. Added reinforcement to the sidewall and tire bead junction helps prevent torsional flexing under heavy load.","Tire Size:130/90-16, MT90-16 H-rated for speeds up to 130 mph Available only in tubeless design with blackwall Notes : It is recommended to change your valve stem, tube and/or rim strip when installing a new tire. Shop Here! Need your tire mounted? We’ve got you covered! Tire Mount Discount",https://www.cyclegear.com/_a/product_images/2072/5112/ircwf920_hd_wild_flare_motorcycle_tires.jpg,""
10585000,P1184653,"Sedona Trail Ripr Tire",sedona-trail-ripr-tire,Tires,Sedona,"Utvatv","Intermediate Terrain / Hard Terrain / Non Dot Tire / Utv Atv Tire",219.56,243.95,0.00,0,"BMW, KTM, Honda, Yamaha, Triumph, Suzuki, Ducati, Kawasaki, Husqvarna","BMW R1200GS / R1250GS / F850GS, KTM 1290 Super Adventure / 890 Adventure, Honda Africa Twin / CRF300L, Yamaha Ténéré 700, Triumph Tiger 900 / 1200, Suzuki V-Strom 650, Kawasaki KLR650",2000 - 2025,"Sedona Trail Ripr Tire The Sedona Trail Ripr is designed for riders who demand versatility and endurance from their tires as they traverse dense forests and expansive deserts alike. Its assertive tread design, complete with deep lugs, ensures powerful grip in muddy conditions, tenacious hold on rocky substrates, and stable traction on compacted trails. With reinforced sidewalls and resilient radial construction, the Sedona Trail Ripr confronts high-speed challenges and demanding terrains with unwavering durability.","8-ply rated radial construction for strength and puncture resistance Aggressive tread design for maximum traction in varied terrain Deep lug pattern enhances grip and self-cleaning capability Reinforced sidewall structure for added durability and impact protection Engineered for predictable handling in ruts, rocks, and hardpack Sold each",https://www.cyclegear.com/_a/product_images/2572/8557/sedona_trail_ripr_tire_1800x1800.jpg,""
10253081,P1018204,"EFX MotoRavage Tires",efx-motoravage-tires,Tires,EFX Tires,"Utvatv","Utv Atv Tire / Intermediate Terrain",243.00,0.00,0.00,0,"Can-Am, Polaris, Honda, Yamaha, Kawasaki, Arctic Cat","Can-Am Spyder / Ryker / Maverick, Polaris RZR / Ranger, Honda Pioneer / Foreman, Yamaha Grizzly",2008 - 2025,"EFX Tires MotoRavage Tires The EFX MotoRavage is a critically acclaimed radial with all-terrain tread pattern. An aggressive sidewall pattern and deep main lug depth provide traction for both deep mud pits and jagged rocks - and everything in between. Eight ply construction keeps the air on the inside. MotorRavage ""XL"" Tires (sizes 37"" and 40"") feature an increased lug depth of 1.5” and deeper sidewall pattern.","Designed to conquer everything Rugged 8-ply radial construction Soft compound formulation All-terrain tread pattern Performs in mud, sand, rock and everything else Smooth, controlled ride on hard surfaces / trails Deep main lugs and lugged sidewalls Pebbled sidewall pattern XL sizes (37"" and larger) feature deeper main and sidewall lugs 1.5""+ main lug depth",https://www.cyclegear.com/_a/product_images/1859/9436/efx_tires_moto_ravage_tire.jpg,""
10049435,P898956,"Tensor Desert Series Tires",tensor-desert-series-tires,Tires,N/A,"Utvatv","Utv Atv Tire / Hard Terrain",293.00,0.00,0.00,0,"Can-Am, Polaris, Honda, Yamaha, Kawasaki, Arctic Cat","Can-Am Spyder / Ryker / Maverick, Polaris RZR / Ranger, Honda Pioneer / Foreman, Yamaha Grizzly",2008 - 2025,"Tensor Desert Series Tires The Desert Series Tires from Tensor Tire are race-built tires aimed squarely at UTV desert racing. Available in both bias and radial construction, all versions of the Desert Tire use tough, eight ply construction with reinforced sidewalls for excellent puncture resistance. These rigid tires are designed with high horsepower, full size UTVs and have the load capacity to match. The Desert Series Tires keep steering response sharp, braking distances short and accelerative grip strong. Bias ply models use a proprietary fiberglass belted construction. Select sizes of the Desert Series are approved for Score and BITD racing. Tensor Tire rates the 35"" model among the lightest race tire on the market. All models of the Desert Series feature tread blocks designed to allow custom grooving.","High performance desert-running tire Engineered for UTV race applications Bias or radial 8 ply designs Ribbed sidewall for enhanced puncture resistance Large, flat contact patch Superior steering response and decreased braking distance Designed for high horsepower, full size UTV applications 1,200-1,600lb load capacity, depending on model 33"" approved for Score and BITD (2020) UTV Racing 35"" among the lightest Class 10 specific race tires on the market Made in USA For off highway use only Note : Tire only. Wheel not included.",https://www.cyclegear.com/_a/product_images/1533/5964/tensor_desert_series_tires.jpg,""
10499336,P1143363,"System 3 Off-Road RX600 Tires",system-3-off-road-rx600-tires,Tires,System 3 Off-Road,"Utvatv","Soft Terrain / Intermediate Terrain / Hard Terrain / Utv Atv Tire",270.92,301.02,0.00,0,"Honda, Yamaha, KTM, Kawasaki, Suzuki, Husqvarna, GasGas","Honda CRF250R / CRF450R, Yamaha YZ250F / YZ450F, KTM 250 SX-F / 450 SX-F, Kawasaki KX250 / KX450, Suzuki RM-Z250 / RM-Z450, Husqvarna FC 250 / FC 450",1995 - 2025,"System 3 Off-Road RX600 Tires The System 3 Off-Road RX600 stands as a rally-inspired tire crafted to conquer all terrains with ease. Its knobby tread design ensures exceptional handling off the beaten path, catering to the power and performance of modern UTVs such as the Pro-R and Maverick-R. With a 10-ply reinforced carcass, RX600 provides remarkable durability. It excels not only in rugged performance but also in offering the quietest ride in its category.","Rally-inspired knobby tread 10-ply rated Reinforced carcass For high horsepower platforms The quietest driving all-terrain tire on the market Sold each",https://www.cyclegear.com/_a/product_images/2416/1212/system3_off_road_system3_rx600_tires.jpg,""
10049441,P898957,"Tensor Regulator All-Terrain Tires",tensor-regulator-all-terrain-tires,Tires,N/A,"Utvatv","Utv Atv Tire / Intermediate Terrain",240.34,0.00,0.00,0,"Can-Am, Polaris, Honda, Yamaha, Kawasaki, Arctic Cat","Can-Am Spyder / Ryker / Maverick, Polaris RZR / Ranger, Honda Pioneer / Foreman, Yamaha Grizzly",2008 - 2025,"Tensor Regulator All-Terrain Tires The Tensor Regulator All Terrain Tires are a heavy duty all-terrain radial with an 8 ply radial construction. Deep and widely spaced shoulder lugs with a variable tread pattern combined provides smooth handling and stronger grip.","Heavy-duty all-terrain radial 8 ply radial construction Steel belted inner and outer bead Wide footprint for enhanced handling and braking Variable tread pattern delivers smooth, quiet ride with tightly spaced center lugs Deep, widely-spaced shoulder lugs improved cornering traction Extended treadwear Made in USA Note : Tire only. Wheel not included.",https://www.cyclegear.com/_a/product_images/1533/6032/tensor_regulator_all_terrain_tires.jpg,""
10042400,P895534,"ITP Terra Claw Tires",itp-terra-claw-tires,Tires,N/A,"Utvatv","Utv Atv Tire / Intermediate Terrain",221.36,245.95,0.00,0,"Can-Am, Polaris, Honda, Yamaha, Kawasaki, Arctic Cat","Can-Am Spyder / Ryker / Maverick, Polaris RZR / Ranger, Honda Pioneer / Foreman, Yamaha Grizzly",2008 - 2025,"ITP Terra Claw Tires The Terra Claw Tires from ITP are an all-terrain style tire with wider lug spacing for more aggressive off-road ability. This widely spaced tread design ejects packed mud easier and creates a large biting edge for rocks and ruts. Siping throughout the tread pattern creates better wet weather grip and tread flex for rock crawling. The rounded shoulder, V-shaped center lugs and tough eight ply radial construction add to the tire's long lasting, easy handling nature.","All-terrain pattern designed for hard pack, intermediate, soft and loose surfaces Excels over rocks and ruts and for utility duties Unique alternating angled tread pattern to provide ultimate traction in multiple terrains Additional siping yields increased traction in wet conditions and allows tread ﬂex over rocky terrain Reinforced belts provide increased traction and puncture resistance Stepped tread blocks give additional biting edges to aid traction in rutted conditions Round shoulder design provides excellent steering response and lateral stability V-shaped lug design provides increased traction and self-cleaning Center lug design provides both traction and a comfortable ride 8 ply radial construction Made in the USA For off highway use only",https://www.cyclegear.com/_a/product_images/1522/6893/itp_terra_claw_tires.jpg,""
10042433,P895555,"ITP Coyote Tires",itp-coyote-tires,Tires,N/A,"Utvatv","Utv Atv Tire / Intermediate Terrain",248.08,315.99,0.00,0,"Can-Am, Polaris, Honda, Yamaha, Kawasaki, Arctic Cat","Can-Am Spyder / Ryker / Maverick, Polaris RZR / Ranger, Honda Pioneer / Foreman, Yamaha Grizzly",2008 - 2025,"ITP Coyote Tires ITP has created one of the best all-terrain UTV tires to have ever hit the market. The ITP Coyote is designed for high performance, high horsepower units that command traction and excel at high speeds. Built using ITP’s legendary technology these racing tires perform well above the standard in dirt, gravel, sand and even hard pack. Their 8-ply construction makes them strong enough to handle heavy power and also resist punctures.","All-terrain design engineered for racing, desert, hard pack, intermediate, soft and loose surfaces Dominates rough, hard-pack, gravel and sandy terrain Specifically designed for high horsepower UTV and SxS vehicles Wide tread voids and multiple biting edges on the tread blocks offer excellent traction in a variety of environments 0.75"" inch lug depth for maximum handling, braking and traction control Center lug channels improve traction by allowing the tread to flex and wrap around rocks and other objects when riding on rough trails 8 ply rated radial performance tire Superior traction and side bite Predictable lateral stability ""Surgical"" steering response Staggered width shoulder lugs Optimal footprint for even pressure distribution",https://www.cyclegear.com/_a/product_images/1522/7590/itp_coyote_tires.jpg,""
10584773,P1184556,"Kenda K3214 Warhawk Tire",kenda-k3214-warhawk-tire,Tires,N/A,"Utvatv","Intermediate Terrain / Hard Terrain / Non Dot Tire / Utv Atv Tire",232.01,272.95,0.00,0,"Can-Am, Polaris, Honda, Yamaha, Kawasaki, Arctic Cat","Can-Am Spyder / Ryker / Maverick, Polaris RZR / Ranger, Honda Pioneer / Foreman, Yamaha Grizzly",2008 - 2025,"Kenda K3214 Warhawk Tire The Kenda Warhawk UTV Tire is designed for those who demand peak performance from their vehicles on rugged terrain. It possesses an assertive tread design that grips tenaciously to a variety of surfaces, whether tackling rocky paths or strategic trails. Drawing inspiration from the esteemed Kenda Klever model, the Warhawk offers commendable rock-crawling abilities complemented by a fortified structure that withstands harsh off-road conditions. Its 8-ply rated carcass enhances durability against punctures, and the strategically designed shoulder knobs extend lateral traction, providing drivers with increased stability in erratic landscapes.","Aggressive tread pattern built to conquer rocks, ruts, and rough terrain Extreme grip and crawling performance for tough and technical off-road trails Reinforced construction delivers durability in traveling through harsh conditions Designed for UTV riders who demand power, control, and confidence 8PLY carcass for puncture resistance Step down shoulder knobs for increased side bite Sold each",https://www.cyclegear.com/_a/product_images/2572/0343/kenda_k3214_warhawk_tire_1800x1800.jpg,""
10369384,P1079216,"Tensor Regulator 2 Tires",tensor-regulator-2-tires,Tires,N/A,"Utvatv","Intermediate Terrain / Hard Terrain / Utv Atv Tire",269.00,0.00,0.00,0,"Can-Am, Polaris, Honda, Yamaha, Kawasaki, Arctic Cat","Can-Am Spyder / Ryker / Maverick, Polaris RZR / Ranger, Honda Pioneer / Foreman, Yamaha Grizzly",2008 - 2025,"Tensor Regulator 2 Tire Taking every successful aspect of the original race winning Tensor Regulator and shedding weight while adding performance is how you create the Regulator 2. Built to be responsive, predictable in multiple conditions, without sacrificing build quality and durability help provide confidence in your ride.","Proprietary nylon bias ply carcass with nylon belts results in improved ride dynamics and performance while off-road while saving weight compared to steel belted construction tires Decreased weight Variable, all-terrain tread design delivers responsive and predictable acceleration, steering, and braking with a smooth and quiet ride 18/32in tread depth Unique ribbed upper sidewall design for increased puncture resistance in susceptible areas Size | Max Tire Load | Weight 28x10x14 | 1200 lbs. @ 14psi 30x10x14 | 1200 lbs. @ 14psi | 33.1 lbs. 30x10x15 | 1200 lbs. @ 14psi | 32.9 lbs. 32x10x15 | 1200 lbs. @ 14psi | 35.9 lbs. 33x10x15 | 1200 lbs. @ 14psi | 38.6 lbs. 35x10x15 | 1200 lbs. @ 14psi | Sold each Note: Tire only, wheel sold separately.",https://www.cyclegear.com/_a/product_images/2172/7876/tensor_tire_regulator2_tire.jpg,""
10307856,P1048492,"High Lifter Roctane T4 Tires",high-lifter-roctane-t4-tires,Tires,High Lifter Products Inc,"Utvatv","Utv Atv Tire / Hard Terrain / Intermediate Terrain / Soft Terrain",222.95,0.00,0.00,0,"Honda, Yamaha, KTM, Kawasaki, Suzuki, Husqvarna, GasGas","Honda CRF250R / CRF450R, Yamaha YZ250F / YZ450F, KTM 250 SX-F / 450 SX-F, Kawasaki KX250 / KX450, Suzuki RM-Z250 / RM-Z450, Husqvarna FC 250 / FC 450",1995 - 2025,"High Lifter Roctane T4 Tire Built to be an aggressive and designed to dig deep into loose terrain the Roctane T4 Tire from High Lifter is the perfect 10-ply tire with aggressive tread and lug design to perform in sand, trail, and rocks.","Aggressive multi-angle tread blocks Staggered shoulder blocks bite in loose terrain 10-ply rated carcass features a wide, flat profile for sure-footed and comfortable ride .75”-.85” tread depth with deep rim guard Sold each",https://www.cyclegear.com/_a/product_images/2051/5650/high_lifter_roctane_t4_tire.jpg,""
10043941,P896010,"Sedona Rip Saw R/T Tires",sedona-rip-saw-rt-tires,Tires,Sedona,"Utvatv","Soft Terrain / Utv Atv Tire",169.16,187.95,0.00,0,"Honda, Yamaha, KTM, Kawasaki, Suzuki, Husqvarna, GasGas","Honda CRF250R / CRF450R, Yamaha YZ250F / YZ450F, KTM 250 SX-F / 450 SX-F, Kawasaki KX250 / KX450, Suzuki RM-Z250 / RM-Z450, Husqvarna FC 250 / FC 450",1995 - 2025,"Sedona Rip Saw R/T Tires The Rip Saw R/T is an extreme-terrain radial with deep, widely spaced lugs. Offering good traction on a variety of terrain types, the Rip Saw R/T Tires deliver more bite over rocks and ruts than your typical all-terrain rubber option. Tread depth measures a heady 1-1/8 inch and transitions into reinforced sidewall lugs and ultimately a textured sidewall for function - and form.","Extreme-terrain radial Design for grip over all surfaces Excels in mud and rock 6 or 8 ply radial construction Aggressive 1-1/8"" tread depth Reinforced shoulder lugs Puncture resistant For off highway use only Note : Yellow balance dot needs mounting opposite the valve stem.",https://www.cyclegear.com/_a/product_images/1524/2005/sedona_rip_saw_rt_tires.jpg,""
1063899,P314185,"Bridgestone BT015-M Tires",bridgestone-bt015-m-tires,Tires,Bridgestone,"Street / Sportbike","Hypersport Dot / Dot Tire / Sportbike Tire",177.47,182.19,0.00,0,"Honda, Yamaha, Kawasaki, Suzuki, BMW, Ducati, Triumph, Aprilia","Honda CBR600RR / CBR1000RR, Yamaha YZF-R6 / YZF-R1 / MT-07 / MT-09, Kawasaki Ninja 650 / ZX-6R / ZX-10R, Suzuki GSX-R600 / GSX-R1000, BMW S1000RR, Ducati Monster / Panigale",1998 - 2025,"Bridgestone BT015-M Tires","Ultra-High performance radial optimized contact patch provides enhanced wet weather capability New tread design for higher durability Optimized tread grooves for excellent grip and traction All tires have blackwall, and tubeless Notes : It is recommended to change your valve stem, tube and/or rim strip when installing a new tire. Shop Here! Need your tire mounted? We’ve got you covered! Tire Mount Discount",https://www.cyclegear.com/_a/product_images/0152/4321/bridgestone_bt015_m_gsxr13_frt.jpg,""
10044592,P896290,"Quad Boss QBT672 Radial Mud Tires",quad-boss-qbt672-radial-mud-tires,Tires,Quad Boss,"Utvatv","Mud Tire / Utv Atv Tire",168.99,0.00,0.00,0,"Can-Am, Polaris, Honda, Yamaha, Kawasaki, Arctic Cat","Can-Am Spyder / Ryker / Maverick, Polaris RZR / Ranger, Honda Pioneer / Foreman, Yamaha Grizzly",2008 - 2025,"QuadBoss QBT672 Radial Mud Tires Split, V-oriented tread blocks make the 672 Radial Mud Tires from Quad Boss up to the challenge of the most arduous terrain - especially mud. With a unique directional tread design and eight ply radial assembly, the tires are tough while offering a smooth, responsive ride.","Aggressive mud and extreme all-terrain tread pattern 1.25"" mud lugs for bite in muddy and soft conditions Ultra-durable 8 ply radial carcass Extremely puncture resistant Built-in rim guard protects wheels from trail damage Long life compound and radial structure outlasts bias ply competitors Directional tread design for greater off-road traction For off highway use only",https://www.cyclegear.com/_a/product_images/1524/8805/quad_boss_qbt672_radial_mud_tires.jpg,""
10252746,P1017969,"EFX MotoMax Tires",efx-motomax-tires,Tires,EFX Tires,"Utvatv","Utv Atv Tire / Mud Tire",200.00,0.00,0.00,0,"Can-Am, Polaris, Honda, Yamaha, Kawasaki, Arctic Cat","Can-Am Spyder / Ryker / Maverick, Polaris RZR / Ranger, Honda Pioneer / Foreman, Yamaha Grizzly",2008 - 2025,"EFX Tires MotoMax Tire The MotoMax ATV tire is an all-purpose mud tire designed to perform in medium to light mud while providing a stable, comfortable ride on hard packed surfaces as well. Designed with deep 1"" lugs and evenly spaced contact patch for stable traction. Features rim protector design to help protect your wheels from ugly scrapes.","A staple for riders all over the world 6-ply carcass 1"" lugs spaced evenly for compliant ride over hard terrain Rim protector lip",https://www.cyclegear.com/_a/product_images/1858/4826/efx_tires_moto_max_tire.jpg,""
10042418,P895548,"ITP Terra Hook Tires",itp-terra-hook-tires,Tires,N/A,"Utvatv","Utv Atv Tire / Intermediate Terrain",211.75,254.99,0.00,0,"Can-Am, Polaris, Honda, Yamaha, Kawasaki, Arctic Cat","Can-Am Spyder / Ryker / Maverick, Polaris RZR / Ranger, Honda Pioneer / Foreman, Yamaha Grizzly",2008 - 2025,"ITP Terra Hook Tires The Terra Hook Tires pack an aggressive all-terrain tread pattern with alternating lug pitches and shoulder elements with DOT compliance. The eight ply radial construction features a three-quarter inch tread depth and a balanced tread-to-void ratio for a smooth ride over hard surfaces.","All-terrain design for hard pack, intermediate, rocks and ruts, loose and soft surfaces Tread block channels allow the tread to flex giving consistent traction over roots, rocks and other trail conditions Unique tread blocks with alternating pitches provide true multi-surface, multi-condition traction Alternating shoulder elements assist grip from any angle of approach or direction and enhance forward or reverse motion in rutted conditions Multi-angled channeled lugs Supreme traction on lush trails and soft terrain Unique non-directional tread design delivers traction and performance over roots, rocks and other trail conditions 8 ply radial construction Balanced tread-to-void ratio ensures a smooth ride on harder surfaces 0.75"" lug depth for maximum handling and control",https://www.cyclegear.com/_a/product_images/1733/4195/itp_tires_terra_hook_tires.jpg,""
10035798,P893277,"Duro DI2038 Power Grip II Tires",duro-di2038-power-grip-ii-tires,Tires,N/A,"Utvatv","Intermediate Terrain / Utv Atv Tire",173.73,207.95,0.00,0,"Can-Am, Polaris, Honda, Yamaha, Kawasaki, Arctic Cat","Can-Am Spyder / Ryker / Maverick, Polaris RZR / Ranger, Honda Pioneer / Foreman, Yamaha Grizzly",2008 - 2025,"Duro DI2038 Power Grip II Tires The Power Grip 2 Tires from Duro are an extreme all-terrain tire for loose, wet conditions. Angled tread bars and cupped lugs provide quick acceleration while maintaining stability. The radial, six ply construction improves load capacity and puncture resistance.","All-terrain choice for difficult terrain Smooth, comfortable ride Angled tread bars and deep shoulder lugs to evacuate mud Impressive grip on rocks Radial 6 ply construction For off highway use only",https://www.cyclegear.com/_a/product_images/1518/6039/duro_di2038_power_grip_ii_tires.jpg,""
10042734,P895671,"ITP AT489 M/S Tires",itp-at489-ms-tires,Tires,N/A,"Utvatv","Utv Atv Tire / Soft Terrain",165.33,183.71,0.00,0,"Honda, Yamaha, KTM, Kawasaki, Suzuki, Husqvarna, GasGas","Honda CRF250R / CRF450R, Yamaha YZ250F / YZ450F, KTM 250 SX-F / 450 SX-F, Kawasaki KX250 / KX450, Suzuki RM-Z250 / RM-Z450, Husqvarna FC 250 / FC 450",1995 - 2025,"ITP AT489 M/S Tires The AT489 Tire from ITP is an aggressive all-terrain tire that is OE equipment for many manufacturers. Three heavy duty bias plies balance durability with reduced weight. Tread blocks oriented in a ""V"" create versatile grip characteristics over a wide range of terrains.","Aggressive all-terrain tire with V-oriented tread blocks Combines traction, good shock absorption and excellent stability A direct replacement for many OEM tires Front tread pattern gives admirable forward traction and braking while still offering great turning traction Heavy duty bias 3 ply construction OE option for for Polaris and Arctic Cat Excellent balance of traction and treadwear Made in the USA For off highway use only",https://www.cyclegear.com/_a/product_images/1523/0768/itp_tires_at489_front56_f_bias.jpg,""
10499340,P1143364,"System 3 Off-Road SS365 Tires",system-3-off-road-ss365-tires,Tires,System 3 Off-Road,"Utvatv","Sand Tire / Utv Atv Tire",286.94,318.83,0.00,0,"Can-Am, Polaris, Honda, Yamaha, Kawasaki, Arctic Cat","Can-Am Spyder / Ryker / Maverick, Polaris RZR / Ranger, Honda Pioneer / Foreman, Yamaha Grizzly",2008 - 2025,"System 3 Off-Road SS365 Tires The System 3 Off-Road SS365 Tires have been meticulously designed to excel in sandy terrains, ideally suited for turbocharged vehicles with significant power. Its 11-inch front tires are crafted with a central rib and 15mm deep treads to deliver precise steering and robust grip. Complementing them, the 13-inch rear tires flaunt a flat contour with 22mm tread depth and larger voids, offering impressive propulsion and exceptional floatation in the sand.","The best-handling sand tire on the market today The upgraded SS365 is designed to meet the demand of the high-horsepower turbo platforms Front tires: 11"" wide; center ribbed with a 15mm tread depth Rear tires: 13” wide; flat profile with a 22mm tread depth Sold each (wheel sold separately)",https://www.cyclegear.com/_a/product_images/2416/1229/system3_off_road_system3_ss365_tires.jpg,""
10605484,P1192945,"Maxxis MU511/MU521 Tire",maxxis-mu511mu521-tire,Tires,Maxxis Tires,"Utvatv","Intermediate Terrain / Hard Terrain / Non Dot Tire / Utv Atv Tire",199.50,210.00,0.00,0,"Can-Am, Polaris, Honda, Yamaha, Kawasaki, Arctic Cat","Can-Am Spyder / Ryker / Maverick, Polaris RZR / Ranger, Honda Pioneer / Foreman, Yamaha Grizzly",2008 - 2025,"Maxxis MU511/MU521 Tire The MU511 front and MU521 rear tires are designed to tackle demanding jobs and challenging terrains, ensuring reliable performance for work-oriented ATVs and UTVs. With a broad contact patch and a 6 ply-rated carcass, they offer impressive load-carrying capacity. Their rugged tread pattern enhances traction while promoting longevity. Tall tread blocks and substantial void areas facilitate efficient mud clearance, allowing the MU511 and MU521 to perform effectively in wet and muddy environments.","6-Ply-Rated construction Max PSI 22 Tread depth: 22/32 Sold each",https://www.cyclegear.com/_a/product_images/2608/3191/maxxis_mu511_mu521_tire.jpg,""
10048577,P898203,"CST Abuzz Tires",cst-abuzz-tires,Tires,N/A,"Utvatv","Hard Terrain / Utv Atv Tire",149.36,173.99,0.00,0,"Can-Am, Polaris, Honda, Yamaha, Kawasaki, Arctic Cat","Can-Am Spyder / Ryker / Maverick, Polaris RZR / Ranger, Honda Pioneer / Foreman, Yamaha Grizzly",2008 - 2025,"CST Abuzz Tires The CST Abuzz Tire is an all-terrain tire built to conquer everything from soft pack, hard pack and all terrain types in between. The Abuzz Tire blazes over mud, sand and rocks. Wide lug spacing provides increased bite, and dimpled lug faces eject packed mud. While extremely puncture resistant, the tire is also lightweight for reduced steering effort, quick braking and faster acceleration. A six ply rating gives your ATV or side-by-side extra load capacity and durability for full size rigs and heavy payloads.","Rugged all-terrain tread pattern Excels in sand, mud, rock, soft and hard pack Dimpled lug design with wide lug spacing Lightweight construction for effortless steering 6 ply bias rating for durability and extra load capability For off highway use only",https://www.cyclegear.com/_a/product_images/1532/6577/cst_abuzz_tires.jpg,""
159101,P43391,"ITP Terra Cross R/T Tires",itp-terra-cross-rt-tires,Tires,N/A,"Utvatv","Utv Atv Tire / Intermediate Terrain / Hard Terrain / Mud Tire",188.43,239.99,0.00,0,"Can-Am, Polaris, Honda, Yamaha, Kawasaki, Arctic Cat","Can-Am Spyder / Ryker / Maverick, Polaris RZR / Ranger, Honda Pioneer / Foreman, Yamaha Grizzly",2008 - 2025,"ITP Tires Terra Cross R/T Tires From the desert to the dense forest trails, the versatile Terra Cross R/T Tire from ITP was designed to overcome a wide variety of challenging conditions. The Terra Cross R/T is ideal for mud, snow and sand.","Ideal for mud, snow and sand All-terrain design excels on hard pack, intermediate, loose surfaces and rocks/ruts Radial construction offers a much smoother ride and greater overall control, enhancing operator confidence OE fitment with some makes and models (Rhino, Mule, Ranger) Wrap-around shoulder lugs offer excellent sidewall protection and traction when navigating rutted trails Interlocking non-directional tread pattern and wide footprint result in exceptional traction and flotation Lightweight design 6-ply construction provides unmatched durability Made in USA",https://www.cyclegear.com/_a/product_images/1894/3048/itp_terra_cross_rt_tires.jpg,""
10041384,P895166,"ITP Mega Mayhem Tires",itp-mega-mayhem-tires,Tires,N/A,"Utvatv","Mud Tire / Soft Terrain / Utv Atv Tire",202.55,257.99,0.00,0,"Honda, Yamaha, KTM, Kawasaki, Suzuki, Husqvarna, GasGas","Honda CRF250R / CRF450R, Yamaha YZ250F / YZ450F, KTM 250 SX-F / 450 SX-F, Kawasaki KX250 / KX450, Suzuki RM-Z250 / RM-Z450, Husqvarna FC 250 / FC 450",1995 - 2025,"ITP Mega Mayhem Tires The Mega Mayhem Tires are a continuation of the original Mayhem Tires with an expanded range of larger sizes. Built to last with an extended-wear rubber compound and six ply rating, the Mega Mayhems generate tremendous bite for exceptional acceleration and braking. This taller, brawnier version of the original Mayhem features a more aggressive 1.5 inch lug depth while maintaining balanced cornering qualities.","All-terrain design excels in intermediate and loose surfaces Excellent grip in mud, snow and utility applications 6-ply rated for added puncture resistance Tread pattern delivers a surprisingly smooth ride Lightweight carcass enhances trail comfort and handling Durable, extended-wear rubber compound 1.5"" lug depth Made in USA For off highway use only",https://www.cyclegear.com/_a/product_images/1522/0195/itp_mega_mayhem_tires.jpg,""
10252742,P1017968,"EFX MotoMTC Tires",efx-motomtc-tires,Tires,EFX Tires,"Utvatv","Utv Atv Tire / Intermediate Terrain",178.00,0.00,0.00,0,"Can-Am, Polaris, Honda, Yamaha, Kawasaki, Arctic Cat","Can-Am Spyder / Ryker / Maverick, Polaris RZR / Ranger, Honda Pioneer / Foreman, Yamaha Grizzly",2008 - 2025,"EFX Tires MotoMTC Tire No other all-terrain ATV tire performs better as an ""all-in-one tire"" than the EFX MotoMTC. A proven tire design that adds immediate performance and response to your machine on and off the trails. They spent countless hours perfecting the right amount of center and shoulder tread depth, lug pattern and contact patch so your machine could tackle any terrain.","6-ply construction Enormous 1.25"" lugs spaced to provide a smooth ride Performs in rocks, roots, mud and sand",https://www.cyclegear.com/_a/product_images/1858/4724/efx_tires_moto_mtc_tire.jpg,""
10041205,P895104,"ITP Blackwater Evolution Tires",itp-blackwater-evolution-tires,Tires,N/A,"Utvatv","Soft Terrain / Utv Atv Tire",222.26,246.95,0.00,0,"Honda, Yamaha, KTM, Kawasaki, Suzuki, Husqvarna, GasGas","Honda CRF250R / CRF450R, Yamaha YZ250F / YZ450F, KTM 250 SX-F / 450 SX-F, Kawasaki KX250 / KX450, Suzuki RM-Z250 / RM-Z450, Husqvarna FC 250 / FC 450",1995 - 2025,"ITP Blackwater Evolution Tires The Blackwater Evolution Tires are a durable radial tire with all-terrain traction. Heavy duty eight ply construction handles heavy loads and resists punctures while offering a smooth ride and responsive handling characteristics. Long wearing rubber compounds also mean the Blackwater Evolution is a trusty utility tire that will last for many hard miles.","All-terrain design for intermediate and soft/loose surfaces Excels in mud, racing, rocks/ruts, snow and utility applications Exceptionally durable for OEM replacement applications Radial 8 ply construction Exceptionally durable, long wearing and puncture resistant tread compounds Made in USA For off highway use only",https://www.cyclegear.com/_a/product_images/1521/9234/itp_blackwater_evolution_tires.jpg,""
10184715,P853128,"Duro HF307 Trail Rear Tires",duro-hf307-trail-rear-tires,Tires,N/A,"Cruiser / V-Twin","40 On Road 60 Off Road / Dual Sport Tire / Vintage Tire / Dirt Bike Tire",123.01,0.00,0.00,0,"Harley-Davidson, Honda, Yamaha, Indian, Kawasaki, Suzuki, Victory","Harley (Sportster, Softail, Dyna, Street Glide, Road King, Fat Boy), Honda Shadow / VTX, Yamaha V-Star / Bolt, Indian Scout / Chief, Kawasaki Vulcan, Suzuki Boulevard",1990 - 2025,"Duro HF307 Rear Tires The HF307 Trail Tires from Duro is a classically styled dual-sport tire with a spliced tread design offers superior handling during cornering. The HF307 Tires are the OEM tire fitment for the following models: Ural Solo ST, Gear Up, M70 Retro, Patrol T, Ural T and Yamaha LTD motorcycles. The HF307 is a light off-road rear replacement tire for the HF308 Vintage Tire.","Classically inspired dual-sport/trail tire 4 ply bias construction Rear and/or sidecar fitment Tube type DOT approved Need your tire mounted? We’ve got you covered! Tire Mount Discount",https://www.cyclegear.com/_a/product_images/1423/6385/duro_hf307_tires.jpg,""
1806563,P845677,"Continental ContiRace Attack 2 Track Tires",continental-contirace-attack-2-track-tires,Tires,Continental Tire,"Street / Sportbike","Sportbike Tire",223.22,341.95,0.00,0,"Honda, Yamaha, Kawasaki, Suzuki, BMW, Ducati, Triumph, Aprilia","Honda CBR600RR / CBR1000RR, Yamaha YZF-R6 / YZF-R1 / MT-07 / MT-09, Kawasaki Ninja 650 / ZX-6R / ZX-10R, Suzuki GSX-R600 / GSX-R1000, BMW S1000RR, Ducati Monster / Panigale",1998 - 2025,"Continental ContiRace Attack 2 Track Tires The Continental ContiRace Attack 2 Track Tires are made from a black chili race compound for better grip and rapid warm up within the first few miles during any ride. Perfect for amateur racers.","Constructed from black chili race compound Performance-treaded race tire available in soft and medium compounds Faster warm up and consistant grip Tested with low air pressure for race use DOT approved Need your tire mounted? We’ve got you covered! Tire Mount Discount",https://www.cyclegear.com/_a/product_images/1401/0937/continental_conti_race_attack2_track_tires.jpg,""
10044254,P896152,"Quad Boss QBT671 Mud Tires",quad-boss-qbt671-mud-tires,Tires,Quad Boss,"Utvatv","Mud Tire / Utv Atv Tire",125.25,0.00,0.00,0,"Can-Am, Polaris, Honda, Yamaha, Kawasaki, Arctic Cat","Can-Am Spyder / Ryker / Maverick, Polaris RZR / Ranger, Honda Pioneer / Foreman, Yamaha Grizzly",2008 - 2025,"QuadBoss QBT671 Mud Tires The Quad Boss 671 Mud Tires uses a split ""V"" tread design for excellent grip in mud. Deep, widely spaced lugs bite well over rock, roots and ruts with equal aplomb. The 671 Mud Tires use a six ply bias construction with superior puncture resistance and sport a built-in rim guard. The tread valley uses a uniquely ""scaled"" surface to provide extra traction and cleanout - all while looking like pterodactyl skin.","Heavy duty split lug ""V"" mud tread Excels over mud, rocks, roots and ruts Reinforced 6 ply bias construction 24"" and 25"" tires feature 3/4"" tread depth 26"" and 27"" tires feature 7/8"" tread depth Unique scale design in tread valley provides extra traction and superior cleanout Slotted lugs add traction and provide weight savings for better steering control Wrap around shoulder lugs give extra sidewall protection and excellent bite for cornering Built-in rim guard for wheel protection For off highway use only",https://www.cyclegear.com/_a/product_images/1525/2303/quad_boss_qbt671_mud_tires.jpg,""
10388088,P1088737,"System 3 Off-Road ATX470 Tires",system-3-off-road-atx470-tires,Tires,System 3 Off-Road,"Utvatv","Intermediate Terrain / Hard Terrain / Utv Atv Tire",221.16,245.74,0.00,0,"Can-Am, Polaris, Honda, Yamaha, Kawasaki, Arctic Cat","Can-Am Spyder / Ryker / Maverick, Polaris RZR / Ranger, Honda Pioneer / Foreman, Yamaha Grizzly",2008 - 2025,"System 3 Off-Road ATX470 Tire The ATX 470 tire enhances all-terrain capabilities with a medium compound material and supple tread blocks, combined with an expansive contact patch for exceptional traction on slippery surfaces. Angled at .80 inches, the tread blocks deliver effective grip across varied terrain types, from loose soil to compacted trails. Split, staggered shoulder blocks on either side improve the tire's grip during lateral movements, making it simple to maneuver through challenging ruts. The 10-ply rating of this tire indicates a commitment to longevity, accompanied by a pliable carcass that adeptly absorbs bumps for a smoother ride. A deep rim guard reinforces the tire, shielding the wheel edge from damage due to impacts.","10 Ply Medium compound all-terrain Split, dual stagger shoulder blocks Deep rim guard Tread Depth: .80-1.50 Weight: 28x10R14: 34.8 lbs. 30x10R14: 37.7 lbs. 32x10R14: 41.2 lbs. 31x10R15: 40.6 lbs. 33x10R15: 44.1 lbs. 35x10R15: 50.3 lbs. 35x10R18: 49.6 lbs. Max Load: 28x10R14: 1160 lbs. 30x10R14: 1210 lbs. 32x10R14: 1410 lbs. 31x10R15: 1370 lbs. 33x10R15: 1515 lbs. 35x10R15: 1710 lbs. 35x10R18: 1530 lbs. For off highway use only Note : Tire only. Wheel not included.",https://www.cyclegear.com/_a/product_images/2224/5588/system3_off_road_atx470_tire.jpg,""
10051938,P899564,"GBC Dirt Commander Tires",gbc-dirt-commander-tires,Tires,N/A,"Utvatv","Utv Atv Tire / Intermediate Terrain",168.26,186.95,0.00,0,"Honda, Yamaha, KTM, Kawasaki, Suzuki, Husqvarna, GasGas","Honda CRF250R / CRF450R, Yamaha YZ250F / YZ450F, KTM 250 SX-F / 450 SX-F, Kawasaki KX250 / KX450, Suzuki RM-Z250 / RM-Z450, Husqvarna FC 250 / FC 450",1995 - 2025,"GBC Dirt Commander Tires The Dirt Commanders from GBC Tire are an aggressive all-terrain design that borrows cues from the world of light truck tires. Available in both radial and bias versions, all options of the Dirt Commanders use super tough, puncture-resistant eight ply construction. Deep, wide traction bars are positioned on a bias across the tire's surface. Shoulder lugs are positioned laterally for grip up and over rocks and obstacles. Void spacing is wide to eject packed mud, and a rounded tire profile keeps steering effort light and breakaway handling characteristics predictable. For a more aggressive Dirt Commander option, consider the Dirt Commander 2.0 Radial Tires.","Aggressive all-terrain design Excels on rock, mud, dirt, creek beds, grass, hills and rock ledges Rounder tread profile with tapering shoulder lugs Balanced void ratio for added bite Improved mud clean out Excellent braking and acceleration 8 ply radial or 8 ply bias construction For off highway use only Note : Tire only. Wheel not included.",https://www.cyclegear.com/_a/product_images/1535/1589/gbc_tire_dirt_commander8_ply_front_bias_lr480_lbs_dirt_commander8_ply_front_1800x1800.jpg,""
10043928,P896007,"Sedona Mud Rebel R/T Tires",sedona-mud-rebel-rt-tires,Tires,Sedona,"Utvatv","Mud Tire / Utv Atv Tire",158.40,175.95,0.00,0,"Can-Am, Polaris, Honda, Yamaha, Kawasaki, Arctic Cat","Can-Am Spyder / Ryker / Maverick, Polaris RZR / Ranger, Honda Pioneer / Foreman, Yamaha Grizzly",2008 - 2025,"Sedona Mud Rebel R/T Tires The Sedona Mud Rebel R/T Tire mirrors the tread design of the standard Mud Rebel Tire but turns up the wick with radial, eight ply construction and deeper 1-1/8 inch V-shaped tread lugs. The more aggressive design relies on the addition of radial construction to maintain good steering response and ride over hard pack that is on par with the more mild, standard Mud Rebel. Wide lug spacing ejects packed mud and claws tenaciously over rocks, ruts and roots.","Designed for aggressive mud and utility applications V-shaped lug pattern excels over trails, rocks and ruts 8 ply radial construction 1-1/8"" tread depth High-quality rubber compounds and construction methods Increased sidewall strength for puncture resistance and impact absorption Designed for high load capacities Responsive steering Increased puncture resistance For off highway use only",https://www.cyclegear.com/_a/product_images/1524/1920/sedona_mud_rebel_rt_tires.jpg,""
10042700,P895657,"ITP Dura City Radial Tires",itp-dura-city-radial-tires,Tires,N/A,"Utvatv","Utv Atv Tire / Intermediate Terrain",167.35,185.97,0.00,0,"Can-Am, Polaris, Honda, Yamaha, Kawasaki, Arctic Cat","Can-Am Spyder / Ryker / Maverick, Polaris RZR / Ranger, Honda Pioneer / Foreman, Yamaha Grizzly",2008 - 2025,"ITP Dura City Radial Tires The Duracity Radial Tires are a versatile extreme-terrain radial with improved on-road manners. The multi-pitch design and directional tread pattern keep steering, ride and road noise in check. Stepped shoulder blocks and wide lug spacing not only create solid bite off-road and over rocks but also expel packed in mud - all without the penalties typically associated with hardcore all-terrain rubber.","All-terrain design engineered for hard pack, intermediate, soft surfaces, rocks and ruts Multi-pitch design with siping promotes a quieter ride on harder surfaces Directional, self-cleaning tread pattern with shoulder steps ensures traction in multiple dry, loose and wet conditions True multi-surface design and with features to match the demands of terrains ranging from hard, engineered surfaces to various off-road environments Radial construction provides a compliant, comfortable ride and enhances traction Reinforced belts increase puncture resistance in the vulnerable tread areas Multiple pitch design with siping to promote a quiet ride Continuous center contact patch and directional tread pattern make this tire ideal for off-roading in various conditions Shoulder steps allow for better self-cleaning and improved handling and stability Flatter center profile for enhanced traction and stability Rounded shoulder design improves steering response 6 ply radial construction Made in the USA For off highway use only",https://www.cyclegear.com/_a/product_images/1523/0513/itp_duracity_radial_tires.jpg,""
10044550,P896285,"Quad Boss QBT446 Radial Utility Tires",quad-boss-qbt446-radial-utility-tires,Tires,Quad Boss,"Utvatv","Intermediate Terrain / Utv Atv Tire",149.99,0.00,0.00,0,"Can-Am, Polaris, Honda, Yamaha, Kawasaki, Arctic Cat","Can-Am Spyder / Ryker / Maverick, Polaris RZR / Ranger, Honda Pioneer / Foreman, Yamaha Grizzly",2008 - 2025,"QuadBoss QBT446 Radial Utility Tires The 446 Radial Utility Tires from Quad Boss utilize stout, eight ply radial construction and a non-directional tread design for optimal traction in the most difficult conditions. The staggered over-center tread design keep the ride smooth over hard surfaces. The 446 Radial Utility Tires keep you protected with a extreme puncture-resistance and a built-in rim guard.","Light truck-inspired rugged-terrain design Ultra-durable, 8 ply radial construction Radial casing with over-center tread design for a smooth hard surface ride High puncture resistance Built-in rim guard protects wheels from trail damage 3/4"" tread depth For off highway use only",https://www.cyclegear.com/_a/product_images/1525/1174/quad_boss_qbt446_radial_utility_tires.jpg,""
10032699,P891847,"Maxxis Bighorn 3.0 Tires",maxxis-bighorn-30-tires,Tires,Maxxis Tires,"Utvatv","Utv Atv Tire / Intermediate Terrain",182.40,259.99,0.00,0,"Can-Am, Polaris, Honda, Yamaha, Kawasaki, Arctic Cat","Can-Am Spyder / Ryker / Maverick, Polaris RZR / Ranger, Honda Pioneer / Foreman, Yamaha Grizzly",2008 - 2025,"Maxxis Bighorn 3.0 Tires The Bighorn 3.0 Tires from Maxxis are an all terrain tire with tenacious performance over dirt, desert and rock. This radial design gives racers and recreational riders alike an immediate appreciation for the the Bighorn 3.0's ride quality and comfort. The tread pattern and wide footprint give exceptional traction. The Bighorn 3.0 is a longer wearing, trail friendly version of the original Bighorn extreme A/T tire.","All terrain tread pattern 6 ply radial construction offers a significantly smoother ride over rough trails The tread pattern and wide footprint give exceptional traction For off highway use only Note: Tire only, wheel sold separately",https://www.cyclegear.com/_a/product_images/1514/0830/maxxis_bighorn30_tires.jpg,""
10184801,P979999,"Bridgestone Battlax BT-012 Rear Scooter Tires",bridgestone-battlax-bt-012-rear-scooter-tires,Tires,Bridgestone,"Scooter","Scooter Tire / Dot Tire",199.04,277.80,0.00,0,"Honda, Yamaha, Vespa, Suzuki, Piaggio, Kymco","Honda PCX150 / Ruckus, Yamaha Zuma / XMAX, Vespa Primavera / GTS 300, Suzuki Burgman 400",2005 - 2025,"Bridgestone Battlax BT-012 Rear Scooter Tires The BT012 R-E Scooter Tire is a premium, radial scooter tire, and the OE tire of choice for select scooter manufacturers.","Rear fitment OE tire for Yamaha T-Max Tubeless design Radial construction DOT approved Sport / touring tread pattern Notes : It is recommended to change your valve stem, tube and/or rim strip when installing a new tire. Shop Here!",https://www.cyclegear.com/_a/product_images/1820/7610/bridgestone_tire_bt011_fe.jpg,""
10386967,P1087832,"Mitas Enduro Trail Rally Pro Tires",mitas-enduro-trail-rally-pro-tires,Tires,Mitas,"Dirt Bike / Off-Road","20 On Road 80 Off Road / 10 On Road 90 Off Road / Dot Dirt Tires / Dot Tire",149.06,170.99,0.00,0,"Honda, Yamaha, KTM, Kawasaki, Suzuki, Husqvarna, GasGas","Honda CRF250R / CRF450R, Yamaha YZ250F / YZ450F, KTM 250 SX-F / 450 SX-F, Kawasaki KX250 / KX450, Suzuki RM-Z250 / RM-Z450, Husqvarna FC 250 / FC 450",1995 - 2025,"Mitas Enduro Trail Rally Pro Tires The Mitas Enduro Trail Rally Tires meet the needs of riders craving the utmost in aggressive off-road performance for high-speed Rally Raid ADV use. Part of the Rally product line, these tires are the result of rigorous testing and development with world-class riders in the Dakar Rally. Engineered with a flexible reinforced carcass and a soft compound, the Enduro Trail Rally tires maximize off-road potential. Offering unparalleled traction, these tires provide the ultimate off-road experience without the need to switch to Enduro model tires.","The Rally tires are designed for Rally and competition use on adventure, dual sport and off road motorcycles Mitas Rally tires are approved for Tube Type use only DOT Road Legal Rally Pro tire profile with deep, wide knob pattern balancing maximum off-highway traction and high speed stability Notes : It is recommended to change your valve stem, tube and/or rim strip when installing a new tire. Shop Here! Need your tire mounted? We’ve got you covered! Tire Mount Discount",https://www.cyclegear.com/_a/product_images/2387/8662/mitas_enduro_trail_rally_pro_tires.jpg,""
10184764,P979984,"Bridgestone Exedra L309 Front Tires",bridgestone-exedra-l309-front-tires,Tires,Bridgestone,"Cruiser / V-Twin","Customcruisertouring Bi / Dot Tire / Cruiser Tire",217.13,303.03,0.00,0,"Harley-Davidson, Honda, Yamaha, Indian, Kawasaki, Suzuki, Victory","Harley (Sportster, Softail, Dyna, Street Glide, Road King, Fat Boy), Honda Shadow / VTX, Yamaha V-Star / Bolt, Indian Scout / Chief, Kawasaki Vulcan, Suzuki Boulevard",1990 - 2025,"Bridgestone Exedra L309 Front Tires","The L series front tires are original equipment on a large number of current and late model Japanese motorcycles Notes : It is recommended to change your valve stem, tube and/or rim strip when installing a new tire. Shop Here! Need your tire mounted? We’ve got you covered! Tire Mount Discount",https://www.cyclegear.com/_a/product_images/1821/0824/bridgestone_exedra_l309_front_tire.jpg,""
10289407,P1037640,"Sedona Ridge Saw Tires",sedona-ridge-saw-tires,Tires,Sedona,"Utvatv","Utv Atv Tire / Hard Terrain / Intermediate Terrain / Mud Tire",128.66,142.95,0.00,0,"Can-Am, Polaris, Honda, Yamaha, Kawasaki, Arctic Cat","Can-Am Spyder / Ryker / Maverick, Polaris RZR / Ranger, Honda Pioneer / Foreman, Yamaha Grizzly",2008 - 2025,"Sedona Ridge Saw Tire Introducing the Sedona Ridge Saw Tire, a premium performance tire at an excellent price! Utilizing the Sedona New Tech carcass for a smooth ride, predictable handling and excellent tread life. From the ranch to the desert the Ridge Saw tire is right at home!","Ultra durable, puncture resistant 8-ply New Tech carcass Performance driven crown radius tread profile for precise steering and control Tire sizes 30” and above are upgraded to an 8-ply radial carcass for improved performance on today's performance UTVs Integrated side lugs for added protection and traction in deep ruts Extremely durable sidewall with inset bead for added protection",https://www.cyclegear.com/_a/product_images/1918/6841/sedona_tire_ridge_saw_bias8_pr_lr310_lbs.jpg,""
10252987,P1018099,"EFX SandSlinger Bias Ply Tires",efx-sandslinger-bias-ply-tires,Tires,EFX Tires,"Utvatv","Utv Atv Tire / Sand Tire",188.00,0.00,0.00,0,"Can-Am, Polaris, Honda, Yamaha, Kawasaki, Arctic Cat","Can-Am Spyder / Ryker / Maverick, Polaris RZR / Ranger, Honda Pioneer / Foreman, Yamaha Grizzly",2008 - 2025,"EFX Tires SandSlinger Tire After investing in a band of misfit test riders, EFX took to the dunes to craft some of the best performing sand tires. Because their test offices are located in Colorado, they have their pick of some amazing terrain right at home or awesome dunes just over the Utah border. After numerous edits, upgrades, and modifications they nailed the tire all UTV riders have been waiting for.","4-ply bias construction 14 lug rear paddle design Optimized for float, balanced grip and superior power from a complete stop",https://www.cyclegear.com/_a/product_images/1859/1837/efx_tires_sandslinger_tire.jpg,""
10043820,P895988,"Sedona Buck Snort Tires",sedona-buck-snort-tires,Tires,Sedona,"Utvatv","Mud Tire / Soft Terrain / Utv Atv Tire",158.35,175.95,0.00,0,"Honda, Yamaha, KTM, Kawasaki, Suzuki, Husqvarna, GasGas","Honda CRF250R / CRF450R, Yamaha YZ250F / YZ450F, KTM 250 SX-F / 450 SX-F, Kawasaki KX250 / KX450, Suzuki RM-Z250 / RM-Z450, Husqvarna FC 250 / FC 450",1995 - 2025,"Sedona Buck Snort Tires The Buck Snort Tires are an extreme-terrain UTV tire with a center lug pattern that mimics a deer hoof. Wide lug spacing provides a more aggressive bite off-road than typical all-terrain options. Heavy-duty six ply construction uses Sedona's New-Tech assembly methods - keeping the tire durable and puncture-resistant. Siped tread lugs, a built-in rim guard and smooth ride characteristics provide ample ""go"" to match the novelty tread pattern ""show"".","Extreme all-terrain with wide lug spacing for ruts and rocks Functional deer hoof center tread design leaves tracks down the trail Ultra-durable, puncture-resistant 6 ply bias construction Sedona New-Tech carcass construction Aggressive tread with integrated side lugs grip in extreme conditions Tread lugs are siped for added traction and durability Built-in rim guard for added wheel protection Class leading ride quality and performance For off highway use only",https://www.cyclegear.com/_a/product_images/1524/0900/sedona_buck_snort_bias6_pr_buck_snort.jpg,""
10340880,P1065602,"Dunlop Geomax EN91 EX Gummy Rear Tire",dunlop-geomax-en91-ex-gummy-rear-tire,Tires,Dunlop,"Dirt Bike / Off-Road","Off Highway Non Dot Inc / Dual Onoff Dot / Non Dot Tire / Dirt Bike Tire",177.99,215.95,0.00,0,"Honda, Yamaha, KTM, Kawasaki, Suzuki, Husqvarna, GasGas","Honda CRF250R / CRF450R, Yamaha YZ250F / YZ450F, KTM 250 SX-F / 450 SX-F, Kawasaki KX250 / KX450, Suzuki RM-Z250 / RM-Z450, Husqvarna FC 250 / FC 450",1995 - 2025,"Dunlop Geomax EN91 EX Gummy Rear Tire The Dunlop Geomax EN91 EX Tires excel in delivering superior traction across a diverse array of landscapes, particularly on rocky and hardpack terrains, courtesy of their Block-In-A-Block tread design. Additionally, a fresh rubber compound enhances both longevity and grip performance.","Progressive Cornering Block Technology (PCBT) on the shoulder knobs increases surface area of the interior block, while additional tread angles enhance grip, stability, and slide control Construction has an additional ply to improve the linearity of the sidewall stiffness and enhance damping and absorption performance A super soft rubber compound provides tremendous traction in the gnarliest of conditions Improves grip while cornering with enhanced feel and absorption Provides grip and handling for off-road performance A hard enduro tire based off the popular EN91 Works in hard packed conditions Neither DOT nor FIM approved Need your tire mounted? We’ve got you covered! Tire Mount Discount",https://www.cyclegear.com/_a/product_images/2123/7131/dunlop_geomax_en91_ex_tires.jpg,""
10035758,P893268,"Duro DI2039 Power Grip V2 Tires",duro-di2039-power-grip-v2-tires,Tires,N/A,"Utvatv","Intermediate Terrain / Utv Atv Tire",181.01,219.95,0.00,0,"Can-Am, Polaris, Honda, Yamaha, Kawasaki, Arctic Cat","Can-Am Spyder / Ryker / Maverick, Polaris RZR / Ranger, Honda Pioneer / Foreman, Yamaha Grizzly",2008 - 2025,"Duro DI2039 Power Grip V2 Tires The ""V2"" version of the Power Grip Tire from Duro sports a rounder profile, greater lug spacing and reduced weight when compared to the original Duro Power Grip. A special bead design enhances protection against side punctures.","Reduced weight and rounded profile Rock deflectors between lugs Shoulder protection provides additional puncture safeguards Built-in rim guard protects the sidewall and wheel Radial 6 ply and 8 ply options OE fitment for Polaris Sportsman XP 1000 S For off highway use only",https://www.cyclegear.com/_a/product_images/1518/6056/duro_di2039_power_grip_v2_tires.jpg,""
10045504,P896796,"AMS Slingshot X/T Tires",ams-slingshot-xt-tires,Tires,AMS,"Utvatv","Mud Tire / Utv Atv Tire",148.95,0.00,0.00,0,"Can-Am, Polaris, Honda, Yamaha, Kawasaki, Arctic Cat","Gs",2008 - 2025,"AMS Slingshot X/T Tires The AMS Slingshot X/T Tire are built to tackle extreme terrain with ease. Their aggressive design is focused on excelling over rocks, ruts, roots and through mud. These tires also perform well in snow, thanks to their 1"" tread depth. With 6-ply bias construction, they offer durability and reliability on any trail. The reinforced centerline lugs keep the tire smooth over hard surfaces and pavement, while the dimpled tread elements on the surface of each lug provide better traction and expel mud. The large shoulder lugs wrap the sidewall for deeper mud and snow grip, making these tires a must-have for any off-road adventure.","Aggressive extreme-terrain design focused on mud and rock Excels over rocks, ruts and roots Performs well in snow 1"" tread depth 6 ply bias construction Reinforced centerline lugs keep the tire smooth over hard surfaces and pavement Dimpled tread elements on surface of each lug offers better traction and expel mud Large shoulder lugs wrap the sidewall for deeper mud and snow grip Note : Tire only. Wheel not included.",https://www.cyclegear.com/_a/product_images/1527/3339/ams_slingshot_xt_tires.jpg,""
10033615,P892217,"Kenda K3204R Klever X/T Tires",kenda-k3204r-klever-xt-tires,Tires,N/A,"Utvatv","Utv Atv Tire / Intermediate Terrain",182.74,214.99,0.00,0,"Can-Am, Polaris, Honda, Yamaha, Kawasaki, Arctic Cat","Can-Am Spyder / Ryker / Maverick, Polaris RZR / Ranger, Honda Pioneer / Foreman, Yamaha Grizzly",2008 - 2025,"Kenda K3204R Klever X/T Tires The Kenda Klever X/T Tires present a formidable option for all-terrain radial needs, designed with durability and DOT approval in mind. Their eight-ply construction ensures wear resistance and longevity, coupled with the benefit of lower rolling resistance. As a lighter choice among steel-belted radial options for UTVs, the Klever X/T Tires excel in versatility, with the capability to be outfitted with studs to enhance traction in ice and snowy conditions.","Smooth ride quality with low rolling resistance 8 ply steel-belted radial design Medium durometer compound Exceptional traction on all surfaces Reduced weight Robust bead protector to shield wheel from rocks Studdable design for snow and ice riding",https://www.cyclegear.com/_a/product_images/1514/7817/kenda_k3204_klever_xt_tires.jpg,""
10340876,P1065599,"Dunlop Geomax Trial TL01 Tires",dunlop-geomax-trial-tl01-tires,Tires,Dunlop,"Dirt Bike / Off-Road","Off Highway Non Dot Inc / Dirt Bike Tire / Hard Terrain / Non Dot Tire",164.99,201.95,0.00,0,"Honda, Yamaha, KTM, Kawasaki, Suzuki, Husqvarna, GasGas","Honda CRF250R / CRF450R, Yamaha YZ250F / YZ450F, KTM 250 SX-F / 450 SX-F, Kawasaki KX250 / KX450, Suzuki RM-Z250 / RM-Z450, Husqvarna FC 250 / FC 450",1995 - 2025,"Dunlop Geomax Trial TL01 Tires The Dunlop Geomax Trial TL01 Tires deliver superior control, stability and control with Specialized Groove Channel Technology and High-Adhesion Compound.","New block design that retrains blocks/knobs from flexing and losing their shape to improve performance in all conditions Maximum traction, stability, and controllability in various ground conditions Specialized Groove Channel Technology (SGCT) in the shoulder blocks allow for 3 times stronger blocks than the previous D803GP High Adhesion Compound (H-AC) Oil rich compound increases flexibility with provides increased grip Special carbon helps convert impact energy to heat which provides enhanced grip on slick surfaces Need your tire mounted? We’ve got you covered! Tire Mount Discount",https://www.cyclegear.com/_a/product_images/2122/5945/dunlop_geomax_trial_tl01_tires.jpg,""
10036276,P893598,"Duro DI-K591 / DI-K911 Tires",duro-di-k591-di-k911-tires,Tires,N/A,"Utvatv","Intermediate Terrain / Utv Atv Tire",145.31,170.95,0.00,0,"Can-Am, Polaris, Honda, Yamaha, Kawasaki, Arctic Cat","Can-Am Spyder / Ryker / Maverick, Polaris RZR / Ranger, Honda Pioneer / Foreman, Yamaha Grizzly",2008 - 2025,"Duro DI-K591 / DI-K911 Tires The Duro DIK591 / DI-K911 tire provides OE style fitment with predictable solid grip. The four ply construction gives predictable performance in multiple terrains.","Staggered V-shaped directional all-terrain tread knobs 4 ply bias construction OE equipment and sizes on the Kawasaki KVF750 Brute Force 4x4 ATV For off highway use only",https://www.cyclegear.com/_a/product_images/1518/7654/duro_dik591_dik911_tires.jpg,""
10186505,P956959,"Maxxis Workzone Tires",maxxis-workzone-tires,Tires,Maxxis Tires,"Utvatv","Utv Atv Tire / Intermediate Terrain",140.60,148.00,0.00,0,"Can-Am, Polaris, Honda, Yamaha, Kawasaki, Arctic Cat","Can-Am Spyder / Ryker / Maverick, Polaris RZR / Ranger, Honda Pioneer / Foreman, Yamaha Grizzly",2008 - 2025,"Maxxis Workzone Tires The Maxxis Workzone Tire is a purpose-built utility tire designed to help you get the job done over a wide variety of terrains and conditions. The high land ratio design on the tread enhances tread life, load capacity, and traction. The WorkZone also boasts exceptional puncture resistance while providing a comfortable, predictable ride even under load. Head to the job site with confidence on the Maxxis Workzone.","Engineered for utility working purposes Lightweight with puncture-resistant layers that enhance rigidness Innovative tread design to enhance wear life and capacity for high loads 6-ply-rated",https://www.cyclegear.com/_a/product_images/1823/6855/maxxis_tires_workzone_tire_1800x1800.jpg,""
10386966,P1087831,"Mitas Enduro Trail Rally MH Super Light Tires",mitas-enduro-trail-rally-mh-super-light-tires,Tires,Mitas,"Dirt Bike / Off-Road","20 On Road 80 Off Road / 10 On Road 90 Off Road / Dot Dirt Tires / Hard Terrain",149.06,170.99,0.00,0,"Honda, Yamaha, KTM, Kawasaki, Suzuki, Husqvarna, GasGas","Honda CRF250R / CRF450R, Yamaha YZ250F / YZ450F, KTM 250 SX-F / 450 SX-F, Kawasaki KX250 / KX450, Suzuki RM-Z250 / RM-Z450, Husqvarna FC 250 / FC 450",1995 - 2025,"Mitas Enduro Trail Rally MH Super Light Tires The Mitas Enduro Trail Rally Tires meet the needs of riders craving the utmost in aggressive off-road performance for high-speed Rally Raid ADV use. Part of the Rally product line, these tires are the result of rigorous testing and development with world-class riders in the Dakar Rally. Engineered with a flexible reinforced carcass and a soft compound, the Enduro Trail Rally tires maximize off-road potential. Offering unparalleled traction, these tires provide the ultimate off-road experience without the need to switch to Enduro model tires.","The Rally tires are designed for Rally and competition use on adventure, dual sport and off road motorcycles Mitas Rally tires are approved for Tube Type use only DOT Road Legal Enduro influenced tire profile and knob pattern balancing maximum off-highway traction stability in medium to hard terrain Notes : It is recommended to change your valve stem, tube and/or rim strip when installing a new tire. Shop Here! Need your tire mounted? We’ve got you covered! Tire Mount Discount",https://www.cyclegear.com/_a/product_images/2208/6918/mitas_enduro_trail_rally_mh_super_light_tires.jpg,""
10049452,P898959,"GMZ Sand Stripper TT Front Tires",gmz-sand-stripper-tt-front-tires,Tires,GMZ Race Products,"Utvatv","Sand Tire / Utv Atv Tire",263.12,286.00,0.00,0,"Can-Am, Polaris, Honda, Yamaha, Kawasaki, Arctic Cat","Can-Am Spyder / Ryker / Maverick, Polaris RZR / Ranger, Honda Pioneer / Foreman, Yamaha Grizzly",2008 - 2025,"GMZ Sand Stripper TT Front Tires For the sand and dune enthusiasts of the world, GMZ Race Products present the Sand Stripper line of performance tires. Front or rear, Sand Stripper Tires feature an extra wide footprint that provides maximum flotation and smooth dune transitions. Thick rim guards protect the wheel lip and seal the bead from sand intrusion. Bias ply construction in two, four and six ply variants deliver good durability while keeping weight savings at the forefront. Sand Stripper TT Front Tires are intended for four-wheel-drive applications. Sand Stripper TT Tires use a hybrid tread design that pairs concave tread ribs with lateral traction blocks. These lateral traction blocks take power from front driven wheels and deliver it straight to the sand - maximizing grip to climb steep hills faster while keeping transitions nimble. Sand Stripper TT Front Tires can be paired with any of the rear tire applications in the Sand Stripper lineup. For rear-wheel-drive applications, consider the ""standard"" Sand Stripper Front Tires without lateral traction blocks for reduced drag.","Full-service sand and dune tire Designed for 4x4 front wheel applications Lateral traction blocks for front wheel power delivery Excellent floatation and smooth transitions Thick rim guard keeps sand out of bead and protects rim 4 ply bias construction For off-highway use only Note : Tire only. Wheel not included.",https://www.cyclegear.com/_a/product_images/1533/8176/gmz_sand_stripper_tt_front_tires.jpg,""
10386868,P1087873,"Mitas Terra Force EX XT Super Light Tires",mitas-terra-force-ex-xt-super-light-tires,Tires,Mitas,"Dirt Bike / Off-Road","20 On Road 80 Off Road / Dot Dirt Tires / Dot Tire / Intermediate Terrain",136.57,155.99,0.00,0,"Honda, Yamaha, KTM, Kawasaki, Suzuki, Husqvarna, GasGas","Honda CRF250R / CRF450R, Yamaha YZ250F / YZ450F, KTM 250 SX-F / 450 SX-F, Kawasaki KX250 / KX450, Suzuki RM-Z250 / RM-Z450, Husqvarna FC 250 / FC 450",1995 - 2025,"Mitas Terra Force EX XT Super Light Tires Experience superior traction and legendary durability with the Mitas Terra Force EX XT Tires. These tires are equipped with multiple rubber compound and carcass options, complemented by tread designs tailored for specific terrains. The rear tire, with full-height knobs, is race-ready and DOT certified, ensuring a high-performance and reliable option for your off-road adventures. Note: This tire is shown with the green stripe in the photo.","Rear tire tread designed for optimum performance in extreme soft to medium terrain, deep roots and rocks Competition tire, DOT legal for use on Enduro and Dual Sport Motorcycles 20% on-road / 80% off-road Legendary Chunking Resistance Extra tall knob pattern for maximum bite in the deepest mud, ruts or rocks Tube Type Application Notes : It is recommended to change your valve stem, tube and/or rim strip when installing a new tire. Shop Here! Need your tire mounted? We’ve got you covered! Tire Mount Discount",https://www.cyclegear.com/_a/product_images/2209/1678/mitas_terra_force_exxt_super_light_tires.jpg,""
10049449,P899006,"GMZ Sand Stripper Rear Tires",gmz-sand-stripper-rear-tires,Tires,GMZ Race Products,"Utvatv","Sand Tire / Utv Atv Tire",287.96,313.00,0.00,0,"Can-Am, Polaris, Honda, Yamaha, Kawasaki, Arctic Cat","Can-Am Spyder / Ryker / Maverick, Polaris RZR / Ranger, Honda Pioneer / Foreman, Yamaha Grizzly",2008 - 2025,"GMZ Sand Stripper Rear Tires For the sand and dune enthusiasts of the world, GMZ Race Products present the Sand Stripper line of performance tires. Front or rear, Sand Stripper Tires feature an extra wide footprint that provides maximum flotation and smooth dune transitions. Thick rim guards protect the wheel lip and seal the bead from sand intrusion. Bias ply construction in two, four and six ply variants deliver good durability while keeping weight savings at the forefront. Sand Stripper Rear Tires feature a 22.2mm paddle depth with paddles running the width of the contact patch. In both ten or fourteen paddle versions, the tires use a six ply bias construction to maintain their form and contact patch when putting down big power. For a more aggressive sand option, consider the ""HP"" version of the GMZ Sand Stripper Rear Tires with a 28.5mm paddle depth.","Full-service sand and dune tire Designed for rear wheel applications 22.2mm paddle depth 10 or 14 paddle variations Excellent floatation and smooth transitions Thick rim guard keeps sand out of bead and protects rim Rear tires use deep cut lateral paddles 6 ply bias construction For off highway use only Note : Tire only. Wheel not included.",https://www.cyclegear.com/_a/product_images/1533/8244/gmz_sand_stripper_rear_tires.jpg,""
10045459,P896788,"AMS Swamp Fox Plus Tires",ams-swamp-fox-plus-tires,Tires,AMS,"Utvatv","Mud Tire / Soft Terrain / Utv Atv Tire",143.95,0.00,0.00,0,"Honda, Yamaha, KTM, Kawasaki, Suzuki, Husqvarna, GasGas","Honda CRF250R / CRF450R, Yamaha YZ250F / YZ450F, KTM 250 SX-F / 450 SX-F, Kawasaki KX250 / KX450, Suzuki RM-Z250 / RM-Z450, Husqvarna FC 250 / FC 450",1995 - 2025,"AMS Swamp Fox Plus Tires The Swamp Fox Plus Tires pack a punch with staggered, V-oriented main lugs that are a whopping 1.2"" deep. Adding further grip are oversized shoulder knobs for good bite up and over ruts. The dimpled tread design with wide spacing ejects packed mud and snow for continued traction bog after bog. Tough, six ply bias construction and natural rubber compounds deliver long life and good puncture resistance.","Extreme all-terrain design excels in mud Deep 1.2"" center tread depth for maximum grip Excellent snow traction Dimpled, reinforced lugs give more biting edges Aggressive shoulder knobs add side bite in deep ruts and protect against punctures Rugged 6 ply construction Computer-enhanced tread pattern for stability and traction at any speed Natural rubber compound for superior puncture resistance and durability Note : Tire only. Wheel not included.",https://www.cyclegear.com/_a/product_images/1527/3975/ams_swamp_fox_plus_tires.jpg,""
158978,P43332,"ITP Holeshot XCR Tires",itp-holeshot-xcr-tires,Tires,N/A,"Utvatv","Utv Atv Tire / Non Dot Tire / Intermediate Terrain",148.64,175.54,0.00,0,"Can-Am, Polaris, Honda, Yamaha, Kawasaki, Arctic Cat","Can-Am Spyder / Ryker / Maverick, Polaris RZR / Ranger, Honda Pioneer / Foreman, Yamaha Grizzly",2008 - 2025,"ITP Holeshot XCR Tires The ITP Holeshot XCR Tires sport specially angled shoulder knobs designed for increased side bite for faster, more controllable cornering. The MX tread pattern excels in hard pack, intermediate terrain, mud, rocks and ruts - creating a good all around all-terrain option. The six ply design is tough while being lighter in weight than most of the competition.","Classic MX all-terrain tread pattern designed for hard pack, intermediate, rocks, ruts and mud 6 ply toughness yet light in weight Weight savings of 2 lbs when compared to similarly sized ITP Holeshot XC and Razr models Specially angled shoulder knob design provides increased side bite for faster, more controllable cornering Bright hot patch logo on sidewall Made in the USA For off highway use only",https://www.cyclegear.com/_a/product_images/0001/4484/ITP_Holeshot_XCR_Tires.jpg,""
10049775,P899136,"System 3 Off-Road XTR370 Tires",system-3-off-road-xtr370-tires,Tires,System 3 Off-Road,"Utvatv","Utv Atv Tire / Soft Terrain",200.61,222.90,0.00,0,"Honda, Yamaha, KTM, Kawasaki, Suzuki, Husqvarna, GasGas","Honda CRF250R / CRF450R, Yamaha YZ250F / YZ450F, KTM 250 SX-F / 450 SX-F, Kawasaki KX250 / KX450, Suzuki RM-Z250 / RM-Z450, Husqvarna FC 250 / FC 450",1995 - 2025,"System 3 Off-Road XTR370 Tires System 3 Off-Road has you covered with the extreme-terrain XTR370. Perfect for multiple environments with its deep treads and flexibility you can tackle almost any obstacle. The eight ply construction adds durability and the large videos between lugs help eject mud and gunk.","Extreme all-terrain performance Multi-angle tread blocks at shoulder for improved side bite 8 ply radial construction Wide lug spacing ejects mud Flexible, pliant advanced sidewall construction Deep rim guard For off highway use only Note : Tire only. Wheel not included.",https://www.cyclegear.com/_a/product_images/1534/4161/system3_off_road_xtr370_tires.jpg,""
10526949,P1156624,"Motoz Tractionator Outback Race Tires",motoz-tractionator-outback-race-tires,Tires,Motoz,"Dirt Bike / Off-Road","10 On Road 90 Off Road / Intermediate Terrain / Hard Terrain / Dot Tire",191.99,0.00,0.00,0,"Honda, Yamaha, KTM, Kawasaki, Suzuki, Husqvarna, GasGas","Honda CRF250R / CRF450R, Yamaha YZ250F / YZ450F, KTM 250 SX-F / 450 SX-F, Kawasaki KX250 / KX450, Suzuki RM-Z250 / RM-Z450, Husqvarna FC 250 / FC 450",1995 - 2025,"Motoz Tractionator Outback Race Tires Experience peak performance on treacherous terrains with the Motoz Tractionator Outback Race Tire, meticulously crafted for the extreme rally raid environment. Subjected to years of rigorous testing over thousands of kilometers, this tire stands as Motoz's toughest creation, adept at handling high speeds off-road. It guarantees exceptional stability and dissipates heat effectively to maintain consistent performance. A proven companion in the intense Dakar Rally, it caters to riders who demand the pinnacle of endurance and power.","10% on-road / 90% off-road Motoz’s most heavy duty tire built for the worlds toughest conditions Unique tread compound and carcass construction enhance stability and longevity in extreme terrain Developed and tested in the most extreme world rally raid events ECER75 Approved DOT approved Tube type",https://www.cyclegear.com/_a/product_images/2473/1570/motoz_tractionator_outback_race_tires.jpg,""
10046502,P897238,"Vision KT306 Load Boss Tires",vision-kt306-load-boss-tires,Tires,N/A,"Utvatv","Utv Atv Tire / Hard Terrain",152.95,0.00,0.00,0,"Can-Am, Polaris, Honda, Yamaha, Kawasaki, Arctic Cat","Can-Am Spyder / Ryker / Maverick, Polaris RZR / Ranger, Honda Pioneer / Foreman, Yamaha Grizzly",2008 - 2025,"Vision KT306 Load Boss Tires The Load Boss Tires from Vision Wheel are a utility tire that knows how to ""take it eaze"" on grass, turf and paved environments. The mild-mannered design uses a quarter inch tread depth that reduces stress on drivetrains and mitigates impact on surfaces. A smooth ride and long treadwear come standard.","Turf-friendly tread design Ideal for race tracks, factory floors and campgrounds Suitable for golf courses Long tread life over hard or paved surfaces 1/4"" tread depth 6 ply bias construction Note : Tire only. Wheel not included.",https://www.cyclegear.com/_a/product_images/1528/4429/vision_kt306_load_boss_tires.jpg,""
10320575,P1054764,"Motoz Arena Hybrid Gummy Rear Tires",motoz-arena-hybrid-gummy-rear-tires,Tires,Motoz,"Dirt Bike / Off-Road","Dirt Bike Tire / Non Dot Tire / Hard Terrain / Intermediate Terrain",164.99,0.00,0.00,0,"Honda, Yamaha, KTM, Kawasaki, Suzuki, Husqvarna, GasGas","Honda CRF250R / CRF450R, Yamaha YZ250F / YZ450F, KTM 250 SX-F / 450 SX-F, Kawasaki KX250 / KX450, Suzuki RM-Z250 / RM-Z450, Husqvarna FC 250 / FC 450",1995 - 2025,"Motoz Arena Hybrid Gummy Rear Tires The Arena Hybrid Gummy takes the purpose build Arenacross / Extreme Enduro tire to the next level of traction using the ultra soft Gummy BFM compound. Note: This tire makes the most traction when not wheel spinning. Using this tire with heavy throttle/full wheel spin like an MX tire will defeat the purpose of how it makes maximum traction and cause premature wear.","Extremely soft Gummy BFM rubber compound Hybrid natural / synthetic rubber Hybrid carcass with reinforced sidewalls Significant weight savings Reversible tread pattern NHS (not highway safe) Tube type Need your tire mounted? We’ve got you covered! Tire Mount Discount",https://www.cyclegear.com/_a/product_images/2084/2448/motoz_arena_hybrid_gummy_rear_tires.jpg,""
10321030,P1054906,"Motoz Xtreme Hybrid Gummy Rear Tires",motoz-xtreme-hybrid-gummy-rear-tires,Tires,Motoz,"Dirt Bike / Off-Road","20 On Road 80 Off Road / 10 On Road 90 Off Road / Dot Dirt Tires / Dirt Bike Tire",177.99,0.00,0.00,0,"Honda, Yamaha, KTM, Kawasaki, Suzuki, Husqvarna, GasGas","Honda CRF250R / CRF450R, Yamaha YZ250F / YZ450F, KTM 250 SX-F / 450 SX-F, Kawasaki KX250 / KX450, Suzuki RM-Z250 / RM-Z450, Husqvarna FC 250 / FC 450",1995 - 2025,"Motoz Xtreme Hybrid Gummy Rear Tires The Xtreme Hybrid Gummy takes the aggressive hybrid (moto/trials) tread pattern of the Xtreme Hybrid and increases traction in slick conditions using the Motoz Gummy BFM compound.","15% on-road / 85% off-road Intermediate / soft terrain tread pattern Ultra-soft Gummy BFM compound Hybrid natural / synthetic rubber construction Reinforced sidewalls to allow for lower inflation pressure Flexible tread Concave and Lock system for increased traction Tread blocks with deep sipes for extra trials-like grip Reversible rear tread design DOT approved Tube type Notes : It is recommended to change your valve stem, tube and/or rim strip when installing a new tire. Shop Here! Need your tire mounted? We’ve got you covered! Tire Mount Discount",https://www.cyclegear.com/_a/product_images/2084/5423/motoz_xtreme_hybrid_gummy_rear_tires.jpg,""
10035777,P893272,"Duro DI2037 Frontier Tires",duro-di2037-frontier-tires,Tires,N/A,"Utvatv","Intermediate Terrain / Utv Atv Tire",148.66,179.95,0.00,0,"Can-Am, Polaris, Honda, Yamaha, Kawasaki, Arctic Cat","Can-Am Spyder / Ryker / Maverick, Polaris RZR / Ranger, Honda Pioneer / Foreman, Yamaha Grizzly",2008 - 2025,"Duro DI2037 Frontier Tires The Frontier Tires from Duro use radial construction for enhanced steering and control. The six ply rating design increases puncture resistance, improves ride and reduces rolling resistance.","Unique pattern design and strengthened structure improve traction and durability on uneven terrain 6 ply radial construction Converging pattern layout for high-speed handling and stability Bars with grooves offer optimal traction in muddy conditions and enhance mud-expelling ability Angled, directional tread pattern (unless specified) For off highway use only",https://www.cyclegear.com/_a/product_images/1518/5971/duro_di2037_frontier_tires.jpg,""
10431081,P1106125,"Sedona Ridge Saw 2.0 Tires",sedona-ridge-saw-20-tires,Tires,Sedona,"Utvatv","Intermediate Terrain / Utv Atv Tire",171.86,190.95,0.00,0,"Can-Am, Polaris, Honda, Yamaha, Kawasaki, Arctic Cat","Can-Am Spyder / Ryker / Maverick, Polaris RZR / Ranger, Honda Pioneer / Foreman, Yamaha Grizzly",2008 - 2025,"Sedona Ridge Saw 2.0 Tire The Sedona Ridge Saw 2.0 tires are crafted using advanced technology to deliver remarkable durability and precise control. These tires come with a new-tech carcass that's 8-ply rated and puncture-resistant, ensuring they stand up to challenging terrains. A crown radius tread profile on the tire offers meticulous steering and effective handling. Sizes 30 inches and above feature an 8-ply radial construction to elevate performance on the latest UTV models. For increased defense and traction in deep ruts, the tires are equipped with integrated side lugs. Additionally, the durable sidewall design includes an inset bead for enhanced protection against the elements.","Ultra durable, puncture resistant 8 ply rated new tech carcass Performance driven crown radius tread profile for precise steering and control Tire sizes 30” and above are upgraded to an 8pr RADIAL CARCASS for improved performance on todays performance UTV’s Integrated side lugs for added protection and traction in deep ruts Extremely durable sidewall with inset bead for added protection Note : Yellow balance dot needs to be positioned opposite the valve stem",https://www.cyclegear.com/_a/product_images/2293/0370/sedona_ridge_saw20_tire.jpg,""
10033536,P892205,"Kenda K587 Bear Claw HTR Tires",kenda-k587-bear-claw-htr-tires,Tires,N/A,"Utvatv","Soft Terrain / Utv Atv Tire",156.60,173.99,0.00,0,"Honda, Yamaha, KTM, Kawasaki, Suzuki, Husqvarna, GasGas","Honda CRF250R / CRF450R, Yamaha YZ250F / YZ450F, KTM 250 SX-F / 450 SX-F, Kawasaki KX250 / KX450, Suzuki RM-Z250 / RM-Z450, Husqvarna FC 250 / FC 450",1995 - 2025,"Kenda K587 Bear Claw HTR Tires The Kenda Bear Claw HTR Tire is the only ""bear claw"" style radial in the world. The self-cleaning knobs provide deep down traction whenever and wherever you need it.","Deep lug depth grips in mud and loose dirt High traction on a wide range of terrain Center knob design provides low vibration and a smooth ride Self-cleaning lug design 8 ply rated, heavy-duty radial For off highway use only",https://www.cyclegear.com/_a/product_images/1514/9687/kenda_k587_bear_claw_htr_tires.jpg,""
10045065,P896451,"Carlisle AT489 Tires",carlisle-at489-tires,Tires,N/A,"Utvatv","Soft Terrain / Utv Atv Tire",133.65,148.50,0.00,0,"Honda, Yamaha, KTM, Kawasaki, Suzuki, Husqvarna, GasGas","Honda CRF250R / CRF450R, Yamaha YZ250F / YZ450F, KTM 250 SX-F / 450 SX-F, Kawasaki KX250 / KX450, Suzuki RM-Z250 / RM-Z450, Husqvarna FC 250 / FC 450",1995 - 2025,"Carlisle AT489 Tires Carlisle AT489 Tires are designed to provide lateral grip and strong acceleration while maintaining strong braking performance. These tires provide good grip in mud and over soft, loose surface terrain.","Provides grip in soft and intermediate surfaces and mud An excellent utility option 3/4"" tread depth 4 ply bias construction Proportionally spaced bar lugs for increased traction Combines high grip, good shock absorption and excellent stability The tire of choice for enthusiasts who demand a smooth ride For off highway use only",https://www.cyclegear.com/_a/product_images/1526/2697/Carlisle_489_Titan_Tires.jpg,""
10252873,P1018022,"EFX MotoClaw Tires",efx-motoclaw-tires,Tires,EFX Tires,"Utvatv","Utv Atv Tire / Intermediate Terrain",170.00,0.00,0.00,0,"Can-Am, Polaris, Honda, Yamaha, Kawasaki, Arctic Cat","Can-Am Spyder / Ryker / Maverick, Polaris RZR / Ranger, Honda Pioneer / Foreman, Yamaha Grizzly",2008 - 2025,"EFX Tires MotoClaw Tire Get ready for a whole new level of ATV/UTV tire performance. The EFX Tires MotoClaw is a 6-ply bias construction tire, complete with a unique non-directional tread pattern, incredibly strong rubber compound, and a distinctive sidewall styling. Utilizing decades of manufacturing experience and trail knowledge EFX created a brand new industry-changing tire that will climb rocks, grab roots, latch onto side ruts and perform in light mud.","6-ply bias construction Distinctive styling to help your rig stand out at the trailhead Strong lugs spaced precisely to provide a smooth ride on intense terrain",https://www.cyclegear.com/_a/product_images/1858/7749/efx_tires_moto_claw_tire.jpg,""
10555678,P1170599,"Mitas Enduro Trail-SP Tires",mitas-enduro-trail-sp-tires,Tires,Mitas,"Adventure / Dual Sport / Dirt Bike / Off-Road","90 On Road 10 Off Road / Dot Tire / Multi Compound Tire / Dual Sport Tire",136.46,156.99,0.00,0,"Honda, Yamaha, KTM, Kawasaki, Suzuki, Husqvarna, GasGas","Honda CRF250R / CRF450R, Yamaha YZ250F / YZ450F, KTM 250 SX-F / 450 SX-F, Kawasaki KX250 / KX450, Suzuki RM-Z250 / RM-Z450, Husqvarna FC 250 / FC 450",1995 - 2025,"Mitas Enduro Trail-SP Tires For riders who demand top-tier performance on the open road, regardless of the weather or the allure of gravel trails, the ENDURO TRAIL-SP stands as the ideal selection. Boasting Multi Compound Tread Technology, it delivers outstanding mileage and tenacious cornering grip, excelling even in cooler conditions. Infused with a high silica content, the tires ensure exceptional grip on wet roads. The innovative construction technology, paired with a skillfully designed tread pattern, offers unparalleled straight-line stability and fluid handling that riders of both lightweight and hefty trail motorcycles will appreciate.","Unique construction technology and highly functional pattern design provides superb straight-line stability and smooth handling for both light and heavy trail motorcycles Multi Compound Technology (MCTT) combined with a functional tread pattern, offers excellent traction on wet and dry surfaces 90% on-road use for all around performance and confidence on both paved and gravel roads Delivers excellent mileage and cornering grip High silica content ensures superior wet road grip Recommended for dual-purpose adventure touring motorcycles Not recommended of course on ice and/or snow Notes : It is recommended to change your valve stem, tube and/or rim strip when installing a new tire. Shop Here! Need your tire mounted? We’ve got you covered! Tire Mount Discount",https://www.cyclegear.com/_a/product_images/2531/9874/mitas_enduro_trail_sp_tires.jpg,""
10035721,P893262,"Duro HF244 Tires",duro-hf244-tires,Tires,N/A,"Utvatv","Intermediate Terrain / Utv Atv Tire",97.71,99.95,0.00,0,"Can-Am, Polaris, Honda, Yamaha, Kawasaki, Arctic Cat","Can-Am Spyder / Ryker / Maverick, Polaris RZR / Ranger, Honda Pioneer / Foreman, Yamaha Grizzly",2008 - 2025,"Duro HF244 Tires Duro has created the HF2422 tire for turf and pavement that keeps it lightweight and provides puncture resistance..","Popular for ATV use and modified golf carts on turf, pavement and gravel Proven tread design offers smooth ride and excellent puncture resistance off road Rugged yet lightweight Extra stiff sidewalls Bias construction in various ply constructions Directional tread pattern (unless specified) 2 to 6 ply construction (depending on size) For off highway use only",https://www.cyclegear.com/_a/product_images/1518/6192/duro_hf244_tires.jpg,""
10048589,P898204,"CST Ambush Tires",cst-ambush-tires,Tires,N/A,"Utvatv","Utv Atv Tire / Intermediate Terrain",93.60,124.99,1.00,2,"Can-Am, Polaris, Honda, Yamaha, Kawasaki, Arctic Cat","Can-Am Spyder / Ryker / Maverick, Polaris RZR / Ranger, Honda Pioneer / Foreman, Yamaha Grizzly",2008 - 2025,"CST Ambush Tires CST provides a lightweight puncture resistant 4-ply tire that is at home on the track as it is on the trail. The CST Ambush tire has a front tire that is directional to deliver predictable corning and stability in the straight-line. On the rears are knobs extending across the full section width for superior traction and stability.","Classic MX-style knobby tread pattern Built for cross country and prepared surfaces Directional front tread design offers predictable cornering with straight-line stability Non-directional rear knobs provide maximum acceleration Rear knobs extend across section width for maximum traction and control Durable 4 ply rating construction provides puncture resistance and reduces tire roll For off highway use only",https://www.cyclegear.com/_a/product_images/1532/6628/cst_ambush_tires.jpg,""
10395448,P1093319,"Atturo Trail Blade Boss SXS Tires",atturo-trail-blade-boss-sxs-tires,Tires,Atturo Tires,"Utvatv","Soft Terrain / Intermediate Terrain / Hard Terrain / Utv Atv Tire",189.05,230.99,0.00,0,"Honda, Yamaha, KTM, Kawasaki, Suzuki, Husqvarna, GasGas","Honda CRF250R / CRF450R, Yamaha YZ250F / YZ450F, KTM 250 SX-F / 450 SX-F, Kawasaki KX250 / KX450, Suzuki RM-Z250 / RM-Z450, Husqvarna FC 250 / FC 450",1995 - 2025,"Atturo Tires Trail Blade Boss SXS Tire The product, known for its race-proven tread pattern, swiftly adapts to various terrains, providing exceptional versatility. Its design features sizeable split tread blocks to effectively channel water and debris away, without compromising the tire's strength and durability. A significant void ratio ensures an extensive biting edge, facilitating the clearance of mud and rocks. Equipped with an integrated rim protector, the tire not only reduces the incidence of rock rash on wheels but also maintains a neat appearance.","Race inspired tire built off proven LT design Split tread blocks High void ratio Alternating shoulder blocks Integrated rim protector 8PR steel belted construction Max PSI: 38 Tread depth 1/32: 23 Sold each",https://www.cyclegear.com/_a/product_images/2228/0462/atturo_tires_trail_blade_boss_sxs_tire.jpg,""
10386869,P1087805,"Mitas Terra Force EX XT Super Tires",mitas-terra-force-ex-xt-super-tires,Tires,Mitas,"Dirt Bike / Off-Road","20 On Road 80 Off Road / Dot Dirt Tires / Dot Tire / Intermediate Terrain",124.85,142.99,0.00,0,"Honda, Yamaha, KTM, Kawasaki, Suzuki, Husqvarna, GasGas","Honda CRF250R / CRF450R, Yamaha YZ250F / YZ450F, KTM 250 SX-F / 450 SX-F, Kawasaki KX250 / KX450, Suzuki RM-Z250 / RM-Z450, Husqvarna FC 250 / FC 450",1995 - 2025,"Mitas Terra Force EX XT Super Tires Experience superior traction and legendary durability with the Mitas Terra Force EX XT Tires. These tires are equipped with multiple rubber compound and carcass options, complemented by tread designs tailored for specific terrains. The rear tire, with full-height knobs, is race-ready and DOT certified, ensuring a high-performance and reliable option for your off-road adventures. Note: These tires are shown with the yellow stripe in the photo.","Rear tire tread designed for optimum performance in extreme soft to medium terrain, deep roots and rocks Competition tire, DOT legal for use on Enduro and Dual Sport Motorcycles 20% on-road / 80% off-road Legendary Chunking Resistance Extra tall knob pattern for maximum bite in the deepest mud, ruts or rocks Tube Type Application Notes : It is recommended to change your valve stem, tube and/or rim strip when installing a new tire. Shop Here! Need your tire mounted? We’ve got you covered! Tire Mount Discount",https://www.cyclegear.com/_a/product_images/2209/1695/mitas_terra_force_exxt_super_tires.jpg,""
10035701,P893256,"Duro DI2036 Kaden Tires",duro-di2036-kaden-tires,Tires,N/A,"Utvatv","Intermediate Terrain / Utv Atv Tire / Soft Terrain",120.66,147.95,0.00,0,"Honda, Yamaha, KTM, Kawasaki, Suzuki, Husqvarna, GasGas","Honda CRF250R / CRF450R, Yamaha YZ250F / YZ450F, KTM 250 SX-F / 450 SX-F, Kawasaki KX250 / KX450, Suzuki RM-Z250 / RM-Z450, Husqvarna FC 250 / FC 450",1995 - 2025,"Duro DI2036 Kaden Tires The Duro Kaden Tires offer superior straight-line grip and cornering stability. The V-shaped lugs provided excellent traction over harsh trails and off-road terrain.","V-shaped center lugs increase stability and high speed cornering Knob spacing and angular pattern improve self-cleaning Shoulder blocks provide excellent grip on off-camber terrain Popular OE tire on many Can-Am and Artic Cat vehicles For off highway use only",https://www.cyclegear.com/_a/product_images/1518/5954/duro_di2036_kaden_tires.jpg,""
10041299,P895138,"ITP Ultra Cross R Spec Tires",itp-ultra-cross-r-spec-tires,Tires,N/A,"Utvatv","Intermediate Terrain / Utv Atv Tire",140.36,162.95,0.00,0,"Can-Am, Polaris, Honda, Yamaha, Kawasaki, Arctic Cat","Can-Am Spyder / Ryker / Maverick, Polaris RZR / Ranger, Honda Pioneer / Foreman, Yamaha Grizzly",2008 - 2025,"ITP Ultra Cross R Spec Tires The ITP Ultra Cross R Spec Tire is the very same tire used to win the Baja 1000 and earn ""Best in the Desert"" Parker 250 with over 1,250 miles without a single flat. (Your results may vary.) The unique multi-surface, non-directional tread pattern gives all-terrain grip on hard pack, desert, rocks and ruts. Eight ply radial construction offers exceptional wear and puncture resistance for aggressive off-roading and utility applications alike.","""R Spec"" models designed for extreme desert racing All-terrain design with an emphasis on hard pack, desert and rocks/ruts 8 ply radial construction made from ITP’s “Tough Tread” rubber compound Non-directional tread design enhances traction and control on smooth and slippery surfaces Deep rim guard offers the best wheel/lip protection in the business Made in the USA For off highway use only",https://www.cyclegear.com/_a/product_images/1521/9430/itp_ultra_cross_r_spec_tires.jpg,""
1811092,P848401,"Mitas Custom Force Tires",mitas-custom-force-tires,Tires,Mitas,"Cruiser / V-Twin","Cruiser Tire / Harley Tire",101.42,115.95,0.00,0,"Harley-Davidson","Harley (Sportster, Softail, Dyna, Street Glide, Road King, Fat Boy), Honda Shadow / VTX, Yamaha V-Star / Bolt, Indian Scout / Chief, Kawasaki Vulcan, Suzuki Boulevard",1990 - 2025,"Mitas Custom Force Tires The Mitas Custom Force Tires give your v-twin cruiser the performance you need in a variety of weather conditions and road surfaces. These stylish high performance tires will give you the confidence to cruise thanks to excellent design and premium materials.","Premium materials and a robust carcass ensure great riding performance Best in class breaking and handling in wet conditions Tested under tough conditions for peak performance Need your tire mounted? We’ve got you covered! Tire Mount Discount",https://www.cyclegear.com/_a/product_images/2161/4410/mitas_custom_force_tires.jpg,""
10043879,P895997,"Sedona Cyclone Front Tires",sedona-cyclone-front-tires,Tires,Sedona,"Utvatv","Sand Tire / Utv Atv Tire",69.84,77.60,0.00,0,"Can-Am, Polaris, Honda, Yamaha, Kawasaki, Arctic Cat","Can-Am Spyder / Ryker / Maverick, Polaris RZR / Ranger, Honda Pioneer / Foreman, Yamaha Grizzly",2008 - 2025,"Sedona Cyclone Front Tires The Cyclone Tire from Sedona is a no compromises sand tire for front wheel ATV applications. The lightweight design reduces rotating mass and aids acceleration. Alternating dual center ribs balance steering response with minimal drag.","Bias ply sand tire for flotation and low drag Excels in dry light sand, wet heavy sand and volcanic sand Proven dune tire with R&D from the major sand parks in the USA Premium rubber compound is strong yet flexible and light Long lasting treadwear Lightweight overall design Alternating dual center ribs 4 ply construction For off highway use only",https://www.cyclegear.com/_a/product_images/1524/1733/sedona_cyclone_front_tires.jpg,""
10526947,P1156623,"Motoz Euro Enduro 6 Tires",motoz-euro-enduro-6-tires,Tires,Motoz,"Dirt Bike / Off-Road","10 On Road 90 Off Road / Intermediate Terrain / Dot Tire / Dual Sport Tire",146.99,0.00,0.00,0,"Honda, Yamaha, KTM, Kawasaki, Suzuki, Husqvarna, GasGas","Honda CRF250R / CRF450R, Yamaha YZ250F / YZ450F, KTM 250 SX-F / 450 SX-F, Kawasaki KX250 / KX450, Suzuki RM-Z250 / RM-Z450, Husqvarna FC 250 / FC 450",1995 - 2025,"Motoz Euro Enduro 6 Tires Experience unparalleled control with the Motoz Euro Enduro 6 Tires, meticulously crafted to master the varied European landscapes—from Spain's arid trails to the UK's damp tracks. Designed with precision tuned sidewalls and aggressive biting edges, these tires feature a supple tread zone, ensuring exceptional traction on an extensive range of terrains. Prepare to navigate with confidence and superior handling in any weather.","10% on-road / 90% off-road Fine tuned side-walls with sharp biting edges Flexible tread zone to give optimum traction Specifically designed for European conditions, from dry to wet FIM and ECER75 certified DOT approved Tube Type",https://www.cyclegear.com/_a/product_images/2473/1604/motoz_euro_enduro6_tires.jpg,""
10252233,P1017631,"Kenda K671 Cruiser Motorcycle Tires",kenda-k671-cruiser-motorcycle-tires,Tires,N/A,"Adventure / Dual Sport / Cruiser / V-Twin","Cruiser Tire / Dot Tire",91.99,0.00,0.00,0,"Harley-Davidson, Honda, Yamaha, Indian, Kawasaki, Suzuki, Victory","Harley (Sportster, Softail, Dyna, Street Glide, Road King, Fat Boy), Honda Shadow / VTX, Yamaha V-Star / Bolt, Indian Scout / Chief, Kawasaki Vulcan, Suzuki Boulevard",1990 - 2025,"Kenda K671 Cruiser Motorcycle Tires","The aggressive tread design of the Kenda K671 Cruiser provides excellent traction and performance Matched front and rear patterns offer superior stability and maximum handling Deep, offset tread sipes deliver outstanding water dispersion and wet-weather traction The K671 is a tubeless construction for touring and cruiser bikes H-rated for speeds up to 130 mph with a strong 6-ply rating carcass Blackwall only Notes : It is recommended to change your valve stem, tube and/or rim strip when installing a new tire. Shop Here! Need your tire mounted? We’ve got you covered! Tire Mount Discount",https://www.cyclegear.com/_a/product_images/2078/1121/kenda_k671_cruiser_motorcycle_tires.jpg,""
10043911,P896006,"Sedona Mud Rebel Tires",sedona-mud-rebel-tires,Tires,Sedona,"Utvatv","Mud Tire / Utv Atv Tire",93.56,103.95,0.00,0,"Can-Am, Polaris, Honda, Yamaha, Kawasaki, Arctic Cat","Can-Am Spyder / Ryker / Maverick, Polaris RZR / Ranger, Honda Pioneer / Foreman, Yamaha Grizzly",2008 - 2025,"Sedona Mud Rebel Tires The Sedona Rebel Tires use a 3/4 inch deep V-shaped tread pattern to strike a balance between aggressive off-road performance and reliable utility-duty characteristics. The six ply construction gives good steering response, puncture resistance and load handling abilities. Wide lug spacing ejects packed mud and claws tenaciously over rocks, ruts and roots.","Designed for aggressive mud and utility applications V-shaped lug pattern excels over trails, rocks and ruts 6 ply bias construction 3/4"" tread depth High-quality rubber compounds and construction methods Increased sidewall strength for puncture resistance and impact absorption Designed for high load capacities Responsive steering Increased puncture resistance Excellent OE replacement For off highway use only",https://www.cyclegear.com/_a/product_images/1524/1801/sedona_mud_rebel_tires.jpg,""
10033558,P892209,"Kenda K538 Executioner Tires",kenda-k538-executioner-tires,Tires,N/A,"Utvatv","Soft Terrain / Mud Tire / Utv Atv Tire",125.99,139.99,0.00,0,"Honda, Yamaha, KTM, Kawasaki, Suzuki, Husqvarna, GasGas","Honda CRF250R / CRF450R, Yamaha YZ250F / YZ450F, KTM 250 SX-F / 450 SX-F, Kawasaki KX250 / KX450, Suzuki RM-Z250 / RM-Z450, Husqvarna FC 250 / FC 450",1995 - 2025,"Kenda K538 Executioner Tires The Executioner Tires are ready to treat the mud like Freddie Joe Floyd in a Friday night cage match. The reinforced six ply carcass is tough and reduces roll at at low tire pressures. For drier conditions, a dimpled tread surface adds physical grip. The oversized, deep V-tread pattern pummels the ground harder than a WCCW championship bout.","Deep down traction in the muddiest conditions Reinforced knobs reduce roll at low pressure Improved ride comfort and increased tread life Dimpled tread surface for improved traction on drier conditions Deep rim guard feature for protection against rocks and ruts 6 ply rated design Extra tough casing resists punctures For off highway use only",https://www.cyclegear.com/_a/product_images/1514/8667/kenda_k538_executioner_tires.jpg,""
10044236,P896151,"Quad Boss QBT454 Radial Utility Tires",quad-boss-qbt454-radial-utility-tires,Tires,Quad Boss,"Utvatv","Intermediate Terrain / Utv Atv Tire",122.99,143.99,0.00,0,"Can-Am, Polaris, Honda, Yamaha, Kawasaki, Arctic Cat","Can-Am Spyder / Ryker / Maverick, Polaris RZR / Ranger, Honda Pioneer / Foreman, Yamaha Grizzly",2008 - 2025,"QuadBoss QBT454 Radial Utility Tires Quad Boss designs the 454 Radial Utility Tires for a smooth, consistent ride over a variety of surfaces - from paved to never-before-explored. The non-directional all-terrain design uses a wide, angled lugs for excellent grip over rocks and ruts. The 454 Utility Tires boast a six ply radial assembly and a built-in rim guard for long-term durability performance.","Non-directional all-terrain tread pattern with angled lugs Excellent grip over a variety of surfaces, rocks, roots and ruts 6 ply radial design for excellent ride and handling Built-in rim guard For off highway use only",https://www.cyclegear.com/_a/product_images/1525/2337/quad_boss_qbt454_radial_utility_tires.jpg,""
10386965,P1087830,"Mitas Terra Force MX Sand Tires",mitas-terra-force-mx-sand-tires,Tires,Mitas,"Dirt Bike / Off-Road","Non Dot Tire / Sand Tire / Dirt Bike Tire",93.67,106.99,0.00,0,"Honda, Yamaha, KTM, Kawasaki, Suzuki, Husqvarna, GasGas","Honda CRF250R / CRF450R, Yamaha YZ250F / YZ450F, KTM 250 SX-F / 450 SX-F, Kawasaki KX250 / KX450, Suzuki RM-Z250 / RM-Z450, Husqvarna FC 250 / FC 450",1995 - 2025,"Mitas Terra Force MX Sand Tires The Mitas Terra Force MX Sand Tires were developed for the famous sands of the MXGP Motocross series.","Tread designed for floatation and predictable grip in deep sand and wet, tilled dirt and ruts Optimized tread pattern focused on lift in deep soil to prevent knifing under braking and maintain direction under acceleration Knobby pattern and spacing designed to penetrate deep into loose soil Legendary chunking resistance Tube Type Need your tire mounted? We’ve got you covered! Tire Mount Discount",https://www.cyclegear.com/_a/product_images/2208/8227/mitas_terra_force_mx_sand_tires.jpg,""
10033526,P892204,"Kenda K592 Bear Claw Evo Tires",kenda-k592-bear-claw-evo-tires,Tires,N/A,"Utvatv","Soft Terrain / Utv Atv Tire",112.50,124.99,0.00,0,"Honda, Yamaha, KTM, Kawasaki, Suzuki, Husqvarna, GasGas","Honda CRF250R / CRF450R, Yamaha YZ250F / YZ450F, KTM 250 SX-F / 450 SX-F, Kawasaki KX250 / KX450, Suzuki RM-Z250 / RM-Z450, Husqvarna FC 250 / FC 450",1995 - 2025,"Kenda K592 Bear Claw Evo Evo's are pretty popular around here in many shapes and forms. The Bear Claw Evo from Kenda is no exception. This revised ""Evo"" version of the of the Bear Claw ATV Tire adds performance by cutting weight where it counts most: rotating mass.","Designed to perform across all terrains Engineered with reducing weight 6 ply rated bias casing allows for exceptional puncture resistance while keeping weight to a minimum Tread pattern designed to perform exceptionally across all terrains Large center knobs for improved straight line and braking traction Recessed dimpled knobs for improved wet traction Uniquely shaped transition knobs for improved cornering traction and handling For off highway use only",https://www.cyclegear.com/_a/product_images/1514/9942/kenda_k592_bear_claw_evo_tires.jpg,""
10252854,P1018014,"EFX MotoForce Tires",efx-motoforce-tires,Tires,EFX Tires,"Utvatv","Utv Atv Tire / Intermediate Terrain",139.00,0.00,0.00,0,"Can-Am, Polaris, Honda, Yamaha, Kawasaki, Arctic Cat","Can-Am Spyder / Ryker / Maverick, Polaris RZR / Ranger, Honda Pioneer / Foreman, Yamaha Grizzly",2008 - 2025,"EFX Tires MotoForce Tire The MotoForce all-terrain ATV tire by EFX Tires is the single best upgrade for anyone looking to utilize factory fitments on a new or used ATV. The MotoForce was specifically designed to improve balance, traction and performance on any make/model of ATV.","6-ply bias construction ensures a quality ride on any terrain Deep 3/4"" lug depth that extends beyond the shoulder into the sidewall for superior protection from hazards Non-directional tread pattern boosts performance in fast-paced riding and slow, torquey climbs",https://www.cyclegear.com/_a/product_images/1858/7086/efx_tires_moto_force_tire.jpg,""
10045093,P896455,"Carlisle Versa Trail ATR Tires",carlisle-versa-trail-atr-tires,Tires,N/A,"Utvatv","Utv Atv Tire / Intermediate Terrain",141.26,156.95,0.00,0,"BMW, KTM, Honda, Yamaha, Triumph, Suzuki, Ducati, Kawasaki, Husqvarna","BMW R1200GS / R1250GS / F850GS, KTM 1290 Super Adventure / 890 Adventure, Honda Africa Twin / CRF300L, Yamaha Ténéré 700, Triumph Tiger 900 / 1200, Suzuki V-Strom 650, Kawasaki KLR650",2000 - 2025,"Carlisle Versa Trail ATR Tires The Versa Trail Series from Carlisle is a versatile, all-terrain option with six ply radial construction. Carlisle's Tough Tread rubber compound ensures excellent treadwear over the life of the tire along with resistance to cuts, chips and punctures. A lightweight design helps all of your machine's power reach the ground.","Rugged-trail design for hard pack and intermediate conditions Non-directional tread pattern Extreme performance and handling on multiple surfaces Tough Tread rubber compound for added puncture resistance Radial 6 ply construction For off highway use only",https://www.cyclegear.com/_a/product_images/1525/5159/carlisle_versa_trail_atr_tires.jpg,""
10035822,P893283,"Duro DI2004 Super Wolf Tires",duro-di2004-super-wolf-tires,Tires,N/A,"Utvatv","Intermediate Terrain / Utv Atv Tire",100.26,117.95,0.00,0,"Can-Am, Polaris, Honda, Yamaha, Kawasaki, Arctic Cat","Can-Am Spyder / Ryker / Maverick, Polaris RZR / Ranger, Honda Pioneer / Foreman, Yamaha Grizzly",2008 - 2025,"Duro DI2004 Super Wolf Tires The Super Wolf Tires from Duro are a multi-directional knobby tire designed for excellent all-terrain traction.","Overlapping tread bar pattern creates an almost seamless center band for a smoother ride on trails Converging solid bars offer maximum traction and stability while steering, braking and cornering Segmented lugs combined with alternating wide and narrow shoulder lugs for increased stability Deep angled knobs improve clean-out and durability 2 ply and 4 ply construction for improved load capacity and stability For off highway use only",https://www.cyclegear.com/_a/product_images/1518/3013/duro_di2004_super_wolf_tires.jpg,""
10033612,P892216,"Kenda K299 Bear Claw XL Tires",kenda-k299-bear-claw-xl-tires,Tires,N/A,"Utvatv","Soft Terrain / Utv Atv Tire",107.96,119.95,0.00,0,"Honda, Yamaha, KTM, Kawasaki, Suzuki, Husqvarna, GasGas","Honda CRF250R / CRF450R, Yamaha YZ250F / YZ450F, KTM 250 SX-F / 450 SX-F, Kawasaki KX250 / KX450, Suzuki RM-Z250 / RM-Z450, Husqvarna FC 250 / FC 450",1995 - 2025,"Kenda K299 Bear Claw XL Tires The Bear Claw XL Tires from Kenda are plus-sized options of the classic Kenda Bear Claw. The six ply design is tough while remaining light in weight. Angled lugs provide maximum bite over a variety of terrain types.","Classic design with deeper tread for soft and muddy terrains 6 ply rated casing allows for exceptional puncture resistance while keeping weight to a minimum Angled knobs dig into the terrain for maximum traction Center lugs provide extra traction and better control Deeper rim guard protects wheels from dings and dents Long-wearing tread compound For off highway use only",https://www.cyclegear.com/_a/product_images/1514/8004/kenda_k299_bear_claw_xl_tires.jpg,""
10049455,P898982,"GMZ Sand Stripper Staggered Cut Rear Tires",gmz-sand-stripper-staggered-cut-rear-tires,Tires,GMZ Race Products,"Utvatv","Sand Tire / Utv Atv Tire",211.64,234.00,0.00,0,"Can-Am, Polaris, Honda, Yamaha, Kawasaki, Arctic Cat","Can-Am Spyder / Ryker / Maverick, Polaris RZR / Ranger, Honda Pioneer / Foreman, Yamaha Grizzly",2008 - 2025,"GMZ Sand Stripper Staggered Cut Rear Tires For the sand and dune enthusiasts of the world, GMZ Race Products presents the Sand Stripper line of performance tires. Front or rear, Sand Stripper Tires feature an extra wide footprint that provides maximum flotation and smooth dune transitions. Thick rim guards protect the wheel lip and seal the bead from sand intrusion. Bias-ply construction in two, four, and six-ply variants delivers good durability while keeping weight savings at the forefront. Sand Stripper Staggered Cut Rear Tires are designed for machines with high RPM power delivery / reduced low RPM torque. The staggered paddle design allows for some calculated tire slippage in the sand - helping your rig get into its powerband before hooking up completely. Speed builds as the tire regains traction. The staggered cut design is excellent for peaky two-strokes and smaller displacement rigs with lower overall power output. The Sand Stripper Staggered Cut Rear Tires feature a 22.2mm paddle depth. Paddles are positioned in a staggered pattern, running partially across the tire's width. The fourteen paddles design uses a six-ply bias construction to maintain their form and contact patch when harnessing high RPM power.","Full-service sand and dune tire Staggered paddle design Engineered for peaky powerbands 14 paddles Designed for rear wheel applications 22.2mm paddle depth Excellent floatation and smooth transitions Thick rim guard keeps sand out of bead and protects rim 6 ply bias construction For off highway use only Note : Tire only. Wheel not included.",https://www.cyclegear.com/_a/product_images/1533/8456/gmz_sand_stripper_staggered_cut_rear_tires.jpg,""
10049451,P898999,"GMZ Sand Stripper Front Tires",gmz-sand-stripper-front-tires,Tires,GMZ Race Products,"Utvatv","Sand Tire / Utv Atv Tire",180.32,196.00,0.00,0,"Can-Am, Polaris, Honda, Yamaha, Kawasaki, Arctic Cat","Can-Am Spyder / Ryker / Maverick, Polaris RZR / Ranger, Honda Pioneer / Foreman, Yamaha Grizzly",2008 - 2025,"GMZ Sand Stripper Front Tires For the sand and dune enthusiasts of the world, GMZ Race Products present the Sand Stripper line of performance tires. Front or rear, Sand Stripper Tires feature an extra wide footprint that provides maximum flotation and smooth dune transitions. Thick rim guards protect the wheel lip and seal the bead from sand intrusion. Bias ply construction in two, four and six ply variants deliver good durability while keeping weight savings at the forefront. These ""standard"" Sand Stripper Front Tires feature the trademark Sand Stripper design with concave tread ribs for responsive steering and low drag. These models are designed for rear-wheel-drive applications. Sand Stripper Front Tires can be paired with any of the rear tire applications in the Sand Stripper lineup. For four-wheel-drive applications, GMZ Race Products also sells the Sand Stripper ""TT"" Front Tires with lateral traction blocks - delivering power from front driven wheels to the ground.","Front sand and dune tire Intended for rear-wheel-drive applications Excellent floatation and transition Thick rim guard keeps sand out of bead and protects rim Concave tread ribs for stability, handling and low drag 6 ply bias construction For off highway use only Note : Tire only. Wheel not included.",https://www.cyclegear.com/_a/product_images/1533/8125/gmz_sand_stripper_front_tires.jpg,""
10036279,P893601,"Duro DI-K211A / DI-K721A Tires",duro-di-k211a-di-k721a-tires,Tires,N/A,"Utvatv","Non Dot Tire / Intermediate Terrain / Utv Atv Tire",116.80,158.95,0.00,0,"Can-Am, Polaris, Honda, Yamaha, Kawasaki, Arctic Cat","Can-Am Spyder / Ryker / Maverick, Polaris RZR / Ranger, Honda Pioneer / Foreman, Yamaha Grizzly",2008 - 2025,"Duro DI-K211A / DI-K721A Tires The Duro DIK211A and DIK721A Tire combination is the OE tire fitment on the Kawasaki KVF650 Brute Force 4x4 ATV. These four ply, bias ply tires offer solid grip and predictable performance over a wide variety of terrain.","V-shaped directional all-terrain tread pattern 4 ply bias construction OE equipment and sizes on the Kawasaki KVF650 Brute Force 4x4 ATV For off highway use only",https://www.cyclegear.com/_a/product_images/1518/7688/duro_dik211_adik721_a_tires.jpg,""
10046094,P897047,"Moose Racing Switchback Tires",moose-racing-switchback-tires,Tires,Moose Racing,"Utvatv","Intermediate Terrain / Utv Atv Tire",110.95,0.00,0.00,0,"Can-Am, Polaris, Honda, Yamaha, Kawasaki, Arctic Cat","Can-Am Spyder / Ryker / Maverick, Polaris RZR / Ranger, Honda Pioneer / Foreman, Yamaha Grizzly",2008 - 2025,"Moose Racing Switchback Tires Moose Racing has created a tire that can tackle multiple terrains while being available in popular sizing with the Switchback Tires. Built using radial or bias construction the angled tread pattern features large, unbroken lugs that cover the width of the tire surface.","All-terrain tire for ATV, side-by-side and utility applications Wide, angled tread lugs 4 ply, 6 ply and 8 ply versions Bias and radial construction",https://www.cyclegear.com/_a/product_images/2541/0754/moose_racing_tire_swtchbk_dst28_x1014.jpg,""
269460,P71963,"ITP Sand Star Tires",itp-sand-star-tires,Tires,N/A,"Utvatv","Sand Tire / Utv Atv Tire",95.07,111.96,0.00,0,"Can-Am, Polaris, Honda, Yamaha, Kawasaki, Arctic Cat","Can-Am Spyder / Ryker / Maverick, Polaris RZR / Ranger, Honda Pioneer / Foreman, Yamaha Grizzly",2008 - 2025,"ITP Tires Sand Star Tire Float, flexibility and cornering capability are the key characteristics of this ITP tire that is designed to mix carving and precision handling in one.","Sold each The fronts, stamped with the ITP logo use a “dual rib” center design for remarkable steering control Rear tires are directional Rear uses Eight, 30mm paddles and eight “mini-scoops” The design creates a quicker hook-up and acceleration 2-ply rated construction",https://www.cyclegear.com/_a/product_images/1893/2746/sand_star_rear.jpg,""
10033616,P892218,"Kenda K3210F / K3211 Havok Tires",kenda-k3210f-k3211-havok-tires,Tires,N/A,"Utvatv","Hard Terrain / Utv Atv Tire",92.70,102.99,0.00,0,"Can-Am, Polaris, Honda, Yamaha, Kawasaki, Arctic Cat","Can-Am Spyder / Ryker / Maverick, Polaris RZR / Ranger, Honda Pioneer / Foreman, Yamaha Grizzly",2008 - 2025,"Kenda K3210F / K3211 Havok Tires Raise your own havoc with the Havok ATV Tires from Kenda. The Havok tires feature a revised profile for predictable steering, braking and improved acceleration.","Tread spacing optimized for all sport and race ATV applications Unique race compound delivers superior traction while extending tread life Laboratory-tested and competition-proven in the most demanding conditions Non-directional 6 ply rated bias design For off highway use only",https://www.cyclegear.com/_a/product_images/1514/7443/kenda_k3210_fk3211_havok_tires.jpg,""
765332,P892199,"Kenda K546F / K547 Speed Racer Tires",kenda-k546f-k547-speed-racer-tires,Tires,N/A,"Utvatv","Hard Terrain / Utv Atv Tire",92.70,102.95,0.00,0,"Can-Am, Polaris, Honda, Yamaha, Kawasaki, Arctic Cat","Can-Am Spyder / Ryker / Maverick, Polaris RZR / Ranger, Honda Pioneer / Foreman, Yamaha Grizzly",2008 - 2025,"Kenda K546F / K547 Speed Racer Tires The Kenda Speed Racer Tires are directional sport-inspired tires for hard surface riding and racing. Take it easy and the Speed Racers are particularly gentle on turf surfaces. The sportscar aesthetic is a guaranteed show-stopper.","Excellent design for harder surface sport riding 4 ply assembly Low-void tread pattern for reduced road noise and improved traction Directional tread pattern Not for on-highway use Not DOT approved For off highway use only",https://www.cyclegear.com/_a/product_images/1515/2237/kenda_k546_fk547_speed_racer_tires.jpg,""
922483,P256010,"IRC SS530 Tires",irc-ss530-tires,Tires,IRC Tires,"Scooter","Scooter Tire / Dot Tire",78.95,86.95,0.00,0,"Honda, Yamaha, Vespa, Suzuki, Piaggio, Kymco","Honda PCX150 / Ruckus, Yamaha Zuma / XMAX, Vespa Primavera / GTS 300, Suzuki Burgman 400",2005 - 2025,"IRC SS530 Tires","Ideal for large cc scooters Rubber compound extends life of tire and provides stability at high speeds OEM-approved quality and performance Notes : It is recommended to change your valve stem, tube and/or rim strip when installing a new tire. Shop Here!",https://www.cyclegear.com/_a/product_images/2076/7912/ircss530_tires.jpg,""
10049460,P898961,"GMZ Ivan Stewart Ironman Edition Race Tires",gmz-ivan-stewart-ironman-edition-race-tires,Tires,GMZ Race Products,"Utvatv","Hard Terrain / Utv Atv Tire",210.97,229.32,0.00,0,"Can-Am, Polaris, Honda, Yamaha, Kawasaki, Arctic Cat","Can-Am Spyder / Ryker / Maverick, Polaris RZR / Ranger, Honda Pioneer / Foreman, Yamaha Grizzly",2008 - 2025,"GMZ Ivan Stewart Ironman Edition Race Tires Not only are the GMZ Ivan Stewart Ironman Edition Race Tires equipped with all terrain grip - their main feature is for high speed desert running. The exclusive tread pattern provides maximum traction with an upper sidewall to increase forward movement in deep two-track and sand.","All-terrain grip with a focus on high speed desert running Extra-tough 8 ply bias construction Unique lug sipes with parallel grooves for better lug movement over uneven terrain Proprietary tread pattern provides maximum traction and predictable lateral stability Upper sidewall and progressive traction blocks increase forward bite in deep two-track and silt Medium, single durometer compound formulated for high-performance machines Flat contact patch delivers more forward grip and even tread wear For off highway use only Note : Tire only. Wheel not included.",https://www.cyclegear.com/_a/product_images/1533/6542/gmz_ivan_stewart_ironman_edition_race_tires.jpg,""
10035859,P893295,"Duro HF246 Tires",duro-hf246-tires,Tires,N/A,"Utvatv","Intermediate Terrain / Utv Atv Tire",85.81,100.95,0.00,0,"Can-Am, Polaris, Honda, Yamaha, Kawasaki, Arctic Cat","Can-Am Spyder / Ryker / Maverick, Polaris RZR / Ranger, Honda Pioneer / Foreman, Yamaha Grizzly",2008 - 2025,"Duro HF246 Tires The HF246 Tire is a rugged all-terrain tire and great OEM replacement option. Lightweight two ply construction uses stiff sidewalls for added stability. Center knobs with V-shaped indents greatly enhance performance in loose terrain and hardpack.","Ideal for hardpack and loose terrain Good all-terrain performance Longer tire life than many OEM options Good all-terrain performance Rugged yet lightweight 2 ply construction For off highway use only",https://www.cyclegear.com/_a/product_images/1518/6226/duro_hf246_tires.jpg,""
10046114,P897048,"Moose Racing Splitter Tires",moose-racing-splitter-tires,Tires,Moose Racing,"Utvatv","Soft Terrain / Utv Atv Tire",93.95,0.00,0.00,0,"Honda, Yamaha, KTM, Kawasaki, Suzuki, Husqvarna, GasGas","Honda CRF250R / CRF450R, Yamaha YZ250F / YZ450F, KTM 250 SX-F / 450 SX-F, Kawasaki KX250 / KX450, Suzuki RM-Z250 / RM-Z450, Husqvarna FC 250 / FC 450",1995 - 2025,"Moose Racing Splitter Tires The Moose Racing Splitter Tires are total hitters when it comes to balancing the price-to-performance ratio. The classic V-shaped tread pattern is a solid all-around gripper with an emphasis on mud traction. The lugs themselves are dimpled which boosts grip further and helps kick off mud or clay that gets cakes onto the tire's surface. A rounded shoulder adds agility and features knobs to aid cornering and braking when under compression of the suspension stroke. Feature: V-shaped all-terrain tread pattern Excels in mud Round shoulder and knob design improves cornering and braking Directional design for good cleaning and performance 6 ply rated bias construction Lightweight design For off highway use only","N/A",https://www.cyclegear.com/_a/product_images/1527/7987/moose_racing_splitter_tires.jpg,""
10033477,P892194,"Kenda K300 Dominator Tires",kenda-k300-dominator-tires,Tires,N/A,"Utvatv","Utv Atv Tire / Hard Terrain",80.96,89.95,0.00,0,"Can-Am, Polaris, Honda, Yamaha, Kawasaki, Arctic Cat","Can-Am Spyder / Ryker / Maverick, Polaris RZR / Ranger, Honda Pioneer / Foreman, Yamaha Grizzly",2008 - 2025,"Kenda K300 Dominator Tires The Kenda Dominator Tires bring tire tech from the MX pros to the recreational rider. The split knob design provides exceptional cornering and braking.","MX all-terrain design 4 ply bias construction Perfect for recreational riding Split knob design Exceptional corning and braking For off highway use only",https://www.cyclegear.com/_a/product_images/1514/6389/kenda_k300_dominator_tires.jpg,""
10491057,P1137826,"Pro Taper SMX-04 Tires",pro-taper-smx-04-tires,Tires,Pro Taper,"Dirt Bike / Off-Road","Soft Terrain / Intermediate Terrain / Non Dot Tire / Dirt Bike Tire",79.99,0.00,0.00,0,"Honda, Yamaha, KTM, Kawasaki, Suzuki, Husqvarna, GasGas","Honda CRF250R / CRF450R, Yamaha YZ250F / YZ450F, KTM 250 SX-F / 450 SX-F, Kawasaki KX250 / KX450, Suzuki RM-Z250 / RM-Z450, Husqvarna FC 250 / FC 450",1995 - 2025,"Pro Taper SMX-04 Tires The all new SMX 04 Tire from Pro Taper is a motocross tire designed for soft-to-intermediate terrain. The SMX 04 offers outstanding grip, precise slide control, superior bump absorption thanks to a unique Dual Stair side lug pattern. Long-lasting durability is paired with a non-directional tread pattern.","​ Designed for soft to medium terrain P olygon-shaped tread blocks enhance straight-line traction "" Dual Stair"" side lugs optimize lean angle and stability M speed rating All sizes tube type (TT) design Bias ply construction Non directional tread pattern",https://www.cyclegear.com/_a/product_images/2403/8092/pro_taper_smx04_tires.jpg,""
10555654,P1170579,"Mitas Terra Force MX Sand 2 Tires",mitas-terra-force-mx-sand-2-tires,Tires,Mitas,"Dirt Bike / Off-Road","Sand Tire / Non Dot Tire / Dual Sport Tire / Dirt Bike Tire",109.79,125.99,0.00,0,"Honda, Yamaha, KTM, Kawasaki, Suzuki, Husqvarna, GasGas","Honda CRF250R / CRF450R, Yamaha YZ250F / YZ450F, KTM 250 SX-F / 450 SX-F, Kawasaki KX250 / KX450, Suzuki RM-Z250 / RM-Z450, Husqvarna FC 250 / FC 450",1995 - 2025,"Mitas Terra Force MX Sand 2 Tires Enjoy unparalleled control and traction on sandy terrains with the TERRA FORCE-MX SAND 2 rear tire. Its deep (19.7 mm) paddle tread design, coupled with expansive voids, delivers exceptional grip during acceleration, cornering, and braking. For peak performance, it's recommended to pair it with the TERRA FORCE-MX SAND or TERRA FORCE-MX SM front tires, ensuring an optimized riding experience.","Designed for Motocross racing in deep soft sandy terrain offering outstanding traction as well as cornering and braking stability High performance hard rubber compound and specially designed carcass with increased lateral support gives it incredible traction and control Tire structure and compound were developed in collaboration with Valentin Teillet and Alvin Oslund Identified by its characteristic 2 red stripes and is classified as NHS (Not for Highway Service) Recommended for Motocross motorcycles and available only for the rear Notes : It is recommended to change your valve stem, tube and/or rim strip when installing a new tire. Shop Here! Need your tire mounted? We’ve got you covered! Tire Mount Discount",https://www.cyclegear.com/_a/product_images/2531/9857/mitas_terra_force_mx_sand2_tires.jpg,""
269431,P71955,"ITP Mud Lite Tires",itp-mud-lite-tires,Tires,N/A,"Utvatv","Mud Tire / Utv Atv Tire",109.15,126.54,0.00,0,"Can-Am, Polaris, Honda, Yamaha, Kawasaki, Arctic Cat","Can-Am Spyder / Ryker / Maverick, Polaris RZR / Ranger, Honda Pioneer / Foreman, Yamaha Grizzly",2008 - 2025,"ITP Mud Lite Tires The Mud Lite Tires from ITP are equally at home on the trails or in the slop. These mud-oriented all-terrain tires sport a V-shaped center tread pattern designed for intermediate, mud, rocks, snow and soft surfaces. The six ply bias construction is designed for full size UTV and SxS machines with stabilizing cords to reduce flex.","Bias ply construction Unique center tread contact area provides a smooth, radial-like ride Pure trail tire handling combined with pure mud tire performance Angled shoulder lugs provide unmatched mud traction 1/2"" tread depth 6 ply rating for unmatched durability For off-highway use only",https://www.cyclegear.com/_a/product_images/1542/0962/itp_mud_lite_tires.jpg,""
10035748,P893266,"Duro HF224 Tires",duro-hf224-tires,Tires,N/A,"Utvatv","Hard Terrain / Utv Atv Tire",90.91,115.95,0.00,0,"Can-Am, Polaris, Honda, Yamaha, Kawasaki, Arctic Cat","Can-Am Spyder / Ryker / Maverick, Polaris RZR / Ranger, Honda Pioneer / Foreman, Yamaha Grizzly",2008 - 2025,"Duro HF224 Tires The classic chevron pattern of the Duro HF224 Tires is non-directional, fits both front and rear applications and is especially friendly to turf.","Turf friendly design Great utility option Large tread footprint offers stability over mixed terrains 2 or 4 ply For off highway use only",https://www.cyclegear.com/_a/product_images/1518/6141/duro_hf224_tires.jpg,""
922486,P256013,"IRC SS540 Motorcycle Tires",irc-ss540-motorcycle-tires,Tires,IRC Tires,"Scooter","Scooter Tire / Dot Tire",67.95,73.95,0.00,0,"Honda, Yamaha, Vespa, Suzuki, Piaggio, Kymco","Honda PCX150 / Ruckus, Yamaha Zuma / XMAX, Vespa Primavera / GTS 300, Suzuki Burgman 400",2005 - 2025,"IRC SS540 Motorcycle Tires Original equipment on YAMAHA MAJESTY 250. A stable comfortable ride with extremely responsive handling. Tread pattern was developed using a noise-reducing technology. Extend the life of the tire.","N/A",https://www.cyclegear.com/_a/product_images/2071/6782/ircss540_motorcycle_tires.jpg,""
10035819,P893282,"Duro DI2005 Black Hawk II Tires",duro-di2005-black-hawk-ii-tires,Tires,N/A,"Utvatv","Intermediate Terrain / Utv Atv Tire",78.16,91.95,0.00,0,"Can-Am, Polaris, Honda, Yamaha, Kawasaki, Arctic Cat","Can-Am Spyder / Ryker / Maverick, Polaris RZR / Ranger, Honda Pioneer / Foreman, Yamaha Grizzly",2008 - 2025,"Duro DI2005 Black Hawk II Tires With curved lugs for excellent all-terrain traction, the Black Hawk 2 Tires are a smooth riding all-terrain tire and great OEM replacement choice.","Open tread bar pattern prevents skidding and reduces stopping distances in all conditions Converging solid bars offer maximum traction and stability while steering, braking and cornering Alternating wide and narrow shoulder lugs increase stability during hard turns Deep angled knobs improve clean-out 2 ply construction For off highway use only",https://www.cyclegear.com/_a/product_images/1518/3404/duro_di2005_black_hawk_ii_tires.jpg,""
10482488,P1133066,"Motoz Terrapactor MXX Tires",motoz-terrapactor-mxx-tires,Tires,Motoz,"Dirt Bike / Off-Road","Soft Terrain / Sand Tire / Mud Tire / Non Dot Tire",107.99,0.00,0.00,0,"Honda, Yamaha, KTM, Kawasaki, Suzuki, Husqvarna, GasGas","Honda CRF250R / CRF450R, Yamaha YZ250F / YZ450F, KTM 250 SX-F / 450 SX-F, Kawasaki KX250 / KX450, Suzuki RM-Z250 / RM-Z450, Husqvarna FC 250 / FC 450",1995 - 2025,"Motoz Terrapactor MXX Tires The Terrapactor MXX tires redefine off-road performance, excelling on sand, soft soil, mud, and loose MX tracks where premium traction is crucial. Designed with a remarkably lightweight structure, the tires boast an open tread pattern, complemented by cutting-edge shoulder knobs that improve cornering grip on challenging surfaces. The inventive open scoop design and strategic tread flex zones within the tire ensure that debris is expelled efficiently, preserving optimal traction in sandy environments. With the Terrapactor MXX tires, you've got the edge needed to dominate in sandy and exceedingly soft terrain conditions.","Innovative scoop pattern for improved grip and cornering Super lightweight carcass construction Reinforced tread blocks on A, B and C blocks provide compliant drive and cornering in the loosest conditions Reinforced tread blocks provide a stable braking platform in all competition conditions Track Conditions – Sandy/Super Soft Terrain (Sand, soft soil, loose loam, mud) NHS - not highway safe Tube type Notes : It is recommended to change your valve stem, tube and/or rim strip when installing a new tire. Shop Here! Need your tire mounted? We’ve got you covered! Tire Mount Discount",https://www.cyclegear.com/_a/product_images/2387/0162/motoz_terrapactor_mxx_tires.jpg,""
10035714,P893259,"Duro HF274 Excavator Tires",duro-hf274-excavator-tires,Tires,N/A,"Utvatv","Intermediate Terrain / Utv Atv Tire",101.96,119.95,0.00,0,"Can-Am, Polaris, Honda, Yamaha, Kawasaki, Arctic Cat","Can-Am Spyder / Ryker / Maverick, Polaris RZR / Ranger, Honda Pioneer / Foreman, Yamaha Grizzly",2008 - 2025,"Duro HF274 Excavator Tires The HF274 Excavator Tire holds Duro's title ""King of Earth Removal"". These heavy duty utility tires are ready to plow fields, dig ditches and rip out small trees by the roots. Alternating shoulder lugs increase stability during hard turns.","Heavy duty utility traction Tread pattern for high effort work projects Unbroken horizontal lugs Puncture resistant 4 and 6 ply construction (depending on size) For off highway use only",https://www.cyclegear.com/_a/product_images/1518/6260/duro_hf274_tires.jpg,""
10046497,P897236,"Vision W8039 VX Golf II Tires",vision-w8039-vx-golf-ii-tires,Tires,N/A,"Utvatv","Utv Atv Tire / Hard Terrain",94.95,0.00,0.00,0,"Can-Am, Polaris, Honda, Yamaha, Kawasaki, Arctic Cat","Can-Am Spyder / Ryker / Maverick, Polaris RZR / Ranger, Honda Pioneer / Foreman, Yamaha Grizzly",2008 - 2025,"Vision W8039 VX Golf II Tires The VX Golf 2 Tires from Vision Wheel is designed for grass, dirt and hard pack. The tough six ply bias construction resists puncture over the long, smooth-riding life of the tire. A moderate tread depth keeps the impact to grass, turf and groomed surfaces to a minimum.","X-tread pattern designed for grass, dirt and hard pack 6 ply bias construction Superior puncture resistance Increased tread life Size Conversions: 18x8.5x12 is equivalent to 215/35-12",https://www.cyclegear.com/_a/product_images/1528/6962/vision_w8039_vx_golf_ii_tires.jpg,""
157338,P42671,"Kenda Pathfinder K530 Tires",kenda-pathfinder-k530-tires,Tires,N/A,"Cruiser / V-Twin / Utvatv","Utv Atv Tire / Intermediate Terrain",75.60,83.99,0.00,0,"Harley-Davidson, Honda, Yamaha, Indian, Kawasaki, Suzuki, Victory","Harley (Sportster, Softail, Dyna, Street Glide, Road King, Fat Boy), Honda Shadow / VTX, Yamaha V-Star / Bolt, Indian Scout / Chief, Kawasaki Vulcan, Suzuki Boulevard",1990 - 2025,"Kenda Pathfinder K530 Tires Matching set of front and rear tires with tread design for solid traction and control Unique tread design sheds away loose soil from the tire without losing traction 2-ply","N/A",https://www.cyclegear.com/_a/product_images/0002/8624/Kenda_Pathfinder_K530.jpg,""
10035751,P893267,"Duro DI2019 Scorcher Tires",duro-di2019-scorcher-tires,Tires,N/A,"Utvatv","Hard Terrain / Utv Atv Tire",96.01,116.95,0.00,0,"Can-Am, Polaris, Honda, Yamaha, Kawasaki, Arctic Cat","Can-Am Spyder / Ryker / Maverick, Polaris RZR / Ranger, Honda Pioneer / Foreman, Yamaha Grizzly",2008 - 2025,"Duro DI2019 Scorcher Tires The Scorcher Tires from Duro are designed to “scorch” the competition. Large, square tread blocks provide maximum contact to aid cornering grip. Directional grooves deliver excellent water evacuation on hard and paved surfaces.","Designed for high speed stability The large contact patch improves control and handling on dry, paved and hard pack surfaces Deep tread grooves improve water evacuation on hard terrain 4 ply construction (unless specified) Not DOT approved For off highway use only",https://www.cyclegear.com/_a/product_images/1518/3489/duro_di2019_scorcher_tires.jpg,""
765299,P194535,"Kenda K782 Sand Mad Tires",kenda-k782-sand-mad-tires,Tires,N/A,"Dirt Bike / Off-Road","Dirt Bike Tire / Sand Tire / Mud Tire / Non Dot Tire",96.01,110.99,0.00,0,"Honda, Yamaha, KTM, Kawasaki, Suzuki, Husqvarna, GasGas","Honda CRF250R / CRF450R, Yamaha YZ250F / YZ450F, KTM 250 SX-F / 450 SX-F, Kawasaki KX250 / KX450, Suzuki RM-Z250 / RM-Z450, Husqvarna FC 250 / FC 450",1995 - 2025,"Kenda K782 Sand Mad Tires Features Designed specifically for deep mud or sandy MX conditions Paddle shape knobs create a large scoop for improved acceleration/traction Unique shoulder knob design for predictable cornering traction Sticky rubber compound for high traction Need your tire mounted? We’ve got you covered! Tire Mount Discount","N/A",https://www.cyclegear.com/_a/product_images/1523/3692/kenda_k782_sand_mad_rear.jpg,""
10626712,P1200821,"Bridgestone Battlax Hypersport S21 Tires",bridgestone-battlax-hypersport-s21-tires-1,Tires,Bridgestone,"Street / Sportbike","Dot Tire / Sportbike Tire",120.43,166.67,0.00,0,"Honda, Yamaha, Kawasaki, Suzuki, BMW, Ducati, Triumph, Aprilia","Honda CBR600RR / CBR1000RR, Yamaha YZF-R6 / YZF-R1 / MT-07 / MT-09, Kawasaki Ninja 650 / ZX-6R / ZX-10R, Suzuki GSX-R600 / GSX-R1000, BMW S1000RR, Ducati Monster / Panigale",1998 - 2025,"Bridgestone Battlax Hypersport S21 Tires The Bridgestone Battlax S21 Tires are ultra high-performance radials designed and developed to get the best out of the latest sport bikes.","Dry grip and wear life significantly improved without sacrificing wet performance Pulse shaped grooves and center deflectors to accelerate water drainage, boosting wet weather grip and reducing tire slip Dual compound front tire (3LC) with revised profile generates higher grip at lower lean angles Triple compound rear tire (5LC) with revised profile provides improved stability and durability New enhanced Micro-contact-patch compound (EMC) technology used for both front and rear shoulder compounds EMC increases grip potential and improves thermal stability to make sure the tire performance remains consistent as temps go up Tubeless (TL) Blackwall (W) - rated for speeds up to 168+ MPH",https://www.cyclegear.com/_a/product_images/2641/8699/bridgestone_battlax_hypersport_s21_tires.jpg,""
157398,P42686,"Kenda Klaw K532 Tires",kenda-klaw-k532-tires,Tires,N/A,"Utvatv","Utv Atv Tire / Intermediate Terrain",99.00,109.95,0.00,0,"Can-Am, Polaris, Honda, Yamaha, Kawasaki, Arctic Cat","Can-Am Spyder / Ryker / Maverick, Polaris RZR / Ranger, Honda Pioneer / Foreman, Yamaha Grizzly",2008 - 2025,"Kenda Klaw K532 Tires Meets the demands of the toughest cross-country terrain. Performs for a mix of terrains ranging from cross-country to short course racing Reversible tread direction for either soft or hard terrain.","Meet the demands of the motocross track and cross country terrain Dual rotation tread design: soft to medium terrain, and medium to hard terrain Directional tread design 6 ply, bias construction For off highway use only",https://www.cyclegear.com/_a/product_images/2094/3340/kenda_klaw_k532.jpg,""
922485,P256012,"IRC SS-540 Tires",irc-ss-540-tires,Tires,IRC Tires,"Scooter","Dot Tire / Scooter Tire",61.95,67.95,0.00,0,"Honda, Yamaha, Vespa, Suzuki, Piaggio, Kymco","Honda PCX150 / Ruckus, Yamaha Zuma / XMAX, Vespa Primavera / GTS 300, Suzuki Burgman 400",2005 - 2025,"IRC SS-540 Tires","Provides good traction, braking and steering at an affordable price Original equipment on YAMAHA MAJESTY 250. A stable comfortable ride with extremely responsive handling. Tread pattern was developed using a noise-reducing technology. Extend the life of the tire.",https://www.cyclegear.com/_a/product_images/2078/0883/ircss540_tires.jpg,""
10482662,P1133190,"Motoz Terrapactor MXS Tires",motoz-terrapactor-mxs-tires,Tires,Motoz,"Dirt Bike / Off-Road","Soft Terrain / Sand Tire / Mud Tire / Non Dot Tire",94.99,0.00,0.00,0,"Honda, Yamaha, KTM, Kawasaki, Suzuki, Husqvarna, GasGas","Honda CRF250R / CRF450R, Yamaha YZ250F / YZ450F, KTM 250 SX-F / 450 SX-F, Kawasaki KX250 / KX450, Suzuki RM-Z250 / RM-Z450, Husqvarna FC 250 / FC 450",1995 - 2025,"Motoz Terrapactor MXS Tires The Terrapactor MXS competition tire emerges as an ideal choice for soft terrain, purpose-built for navigating soft soil and mixed conditions on mud/dry MX tracks. Engineered by Motoz, the tire's lightweight design ensures top-tier performance where soft terrain prevails. With a focus on preventing tread clog, the MXS flaunts an aggressive open tread pattern that maintains cleanliness and grip, even amidst sticky mud. The tire incorporates innovative tread flex zones within both the carcass and knobs, amplifying its flexibility and grip to adapt to challenging surfaces. Riders seeking to conquer soft terrains can rely on the Terrapactor MXS for superior precision and confidence.","Lightweight carcass construction Chunky, open tread pattern prevents build-up, keeps the tread clean and ensures a firm grip Optimized MX compound for improved longevity and durability Flex zones incorporated into carcass for improved cornering grip and drive stability Flex zones incorporated into all tread rows to improve the feel and grip of cornering and accelerating Front tire sizes 80/100-21 has a traditional feel on the track 90/100-21 has a taller profile for increased contact patch and better feel and feedback through hard edged ruts Track Conditions – Soft Terrain (Soft soil, mixed mud/dry) NHS - not highway safe Tube type Notes : It is recommended to change your valve stem, tube and/or rim strip when installing a new tire. Shop Here! Need your tire mounted? We’ve got you covered! Tire Mount Discount",https://www.cyclegear.com/_a/product_images/2387/0264/motoz_terrapactor_mxs_tires.jpg,""
157861,P42827,"Bridgestone M40 Tires",bridgestone-m40-tires,Tires,Bridgestone,"Street / Sportbike / Dirt Bike / Off-Road","Off Highway Non Dot Inc / Dirt Bike Tire / Sand Tire / Non Dot Tire",52.54,73.32,0.00,0,"Honda, Yamaha, KTM, Kawasaki, Suzuki, Husqvarna, GasGas","Honda CRF250R / CRF450R, Yamaha YZ250F / YZ450F, KTM 250 SX-F / 450 SX-F, Kawasaki KX250 / KX450, Suzuki RM-Z250 / RM-Z450, Husqvarna FC 250 / FC 450",1995 - 2025,"Bridgestone M40 Soft Terrain Tires","Great for loose dirt, soft sand and muddy conditions Extra wide spacing between tread blocks, together with rounded shape, means a self-cleaning tire even in wet, sticky mud Wraparound knob pattern provides climbing action out of ruts 4-ply construction for durability Need your tire mounted? We’ve got you covered! Tire Mount Discount",https://www.cyclegear.com/_a/product_images/2067/7597/bridgestone_m40_tires.jpg,""
157341,P42670,"Kenda Pathfinder K530 Tires",kenda-pathfinder-k530-tires-1,Tires,N/A,"Utvatv","Intermediate Terrain / Utv Atv Tire",56.70,66.99,0.00,0,"Can-Am, Polaris, Honda, Yamaha, Kawasaki, Arctic Cat","Can-Am Spyder / Ryker / Maverick, Polaris RZR / Ranger, Honda Pioneer / Foreman, Yamaha Grizzly",2008 - 2025,"","N/A",https://www.cyclegear.com/_a/product_images/2067/0459/kenda_pathfinder_k530.jpg,""
10584815,P1184571,"Mitas MC-32 Win Scoot Winter Scooter Tires",mitas-mc-32-win-scoot-winter-scooter-tires,Tires,Mitas,"Scooter","Dot Tire / Scooter Tire",71.99,0.00,0.00,0,"Honda, Yamaha, Vespa, Suzuki, Piaggio, Kymco","Honda PCX150 / Ruckus, Yamaha Zuma / XMAX, Vespa Primavera / GTS 300, Suzuki Burgman 400",2005 - 2025,"Mitas MC-32 Winter Scooter Tires Designed for scooterists braving extreme winter landscapes and varying terrains, the Mitas MC 32 Win Scoot steps up to the challenge with cutting-edge technical prowess. It boasts an aggressive tread pattern, optimized for mud and snow, and is composed of special winter compounds that retain tire elasticity even in sub-zero temperatures. For added grip on slippery surfaces, the tire features pattern sipes that enhance traction on snow and slush, and its durable carcass construction supports the use of metal studs for icy conditions. Riders will appreciate the safety benefits of reflective sidewall arrows, which improve visibility in low lighting, ensuring safer commutes. With its dependable grip and precise handling, the Mitas MC 32 Win Scoot excels across diverse on-road and off-road environments, delivering steadfast performance where it counts.","Extreme Winter Traction: High-performance M+S compound maintains flexibility in sub-zero temperatures for snow and slush grip All-Terrain Versatility: Aggressive tread handles both on-road and off-road challenges in extreme weather High Visibility Safety: Reflective sidewall arrows improve presence during low-light winter commutes Cold Weather Precision: Specialized rubber stays elastic below 0°C ensuring consistent handling Advanced Sipe Technology: Integrated biting edges provide superior stability on slippery seasonal surfaces Compatibility: Suitable for winter stud installation Compatibility: Designed for all ground conditions Compatibility: Designed for all types of scooters Need your tire mounted? We’ve got you covered! Tire Mount Discount",https://www.cyclegear.com/_a/product_images/2572/2961/mitas_mc32_win_scoot_winter_scooter_tires.jpg,""
10046087,P897046,"Moose Racing Tuf Trac Tires",moose-racing-tuf-trac-tires,Tires,Moose Racing,"Utvatv","Soft Terrain / Utv Atv Tire",83.95,0.00,0.00,0,"Honda, Yamaha, KTM, Kawasaki, Suzuki, Husqvarna, GasGas","Honda CRF250R / CRF450R, Yamaha YZ250F / YZ450F, KTM 250 SX-F / 450 SX-F, Kawasaki KX250 / KX450, Suzuki RM-Z250 / RM-Z450, Husqvarna FC 250 / FC 450",1995 - 2025,"Moose Racing Tuf Trac Tires The Tuf Trac Tires from Moose Racing are solid all-around all-terrain tires suited to a wide variety of conditions and ATVs. The Tuf Tracs feature a wide tread profile for improved tracking in rutted terrain and a directional design for good cleaning.","All-terrain off-road utility tire Wide tread profile improves tracking in rutted terrain Directional design for good cleaning performance 1/2"" tread depth reduces stress on drivetrain and terrain Sizes to fit a vast range of 4x4 ATV applications Tread pattern designed for easy ride and low rolling resistance 4 ply bias construction For off highway use only",https://www.cyclegear.com/_a/product_images/1527/8021/moose_racing_tuf_trac_tires.jpg,""
157369,P42678,"Kenda K290 Scorpion Tires",kenda-k290-scorpion-tires,Tires,N/A,"Utvatv","Utv Atv Tire / Hard Terrain",35.99,39.99,0.00,0,"Can-Am, Polaris, Honda, Yamaha, Kawasaki, Arctic Cat","Can-Am Spyder / Ryker / Maverick, Polaris RZR / Ranger, Honda Pioneer / Foreman, Yamaha Grizzly",2008 - 2025,"Kenda K290 Scorpion Tires The Kenda K290 Scorpion Tire is a value-oriented all terrain rear ATV tire option. The two ply carcass is lightweight and provides low rolling resistance while holding up well against punctures. Ready for a variety of terrains, the K290 pairs will with many of Kenda's front ATV tire options including the K284 Front Max.","All-terrain versatility for a mix of terrains and applications 2 ply design Ideal choice for riders seeking performance at a low price Lightweight, easy rolling design Puncture resistant Good rear match for K284 Front Max Tire For off-highway use only",https://www.cyclegear.com/_a/product_images/1516/2062/Kenda_Tubeless_Scorpion_K290_Rear.jpg,""
10033565,P892210,"Kenda K530 Pathfinder Tires",kenda-k530-pathfinder-tires,Tires,N/A,"Utvatv","Intermediate Terrain / Utv Atv Tire",53.09,58.99,0.00,0,"Can-Am, Polaris, Honda, Yamaha, Kawasaki, Arctic Cat","Can-Am Spyder / Ryker / Maverick, Polaris RZR / Ranger, Honda Pioneer / Foreman, Yamaha Grizzly",2008 - 2025,"Kenda K530 Pathfinder Tires The Kenda Pathfinder is a great all-around tire for utility and A/T applications. Two, four and six ply designs combine reduced weight, low rolling resistance and a smooth ride.","All-terrain grip An ideal value-oriented A/T utility option Tread designed for smooth and dependable ride and performance 2 ply, 4 ply and 6 ply construction For off highway use only",https://www.cyclegear.com/_a/product_images/1514/8514/kenda_k530_pathfinder_tires.jpg,""
157632,P42731,"Continental Sport Attack Tires",continental-sport-attack-tires,Tires,Continental Tire,"Street / Sportbike / Cruiser / V-Twin","Hypersport Dot / Sportbike Tire / Dot Tire",104.14,192.95,4.50,29,"Harley-Davidson, Honda, Yamaha, Indian, Kawasaki, Suzuki, Victory","Harley (Sportster, Softail, Dyna, Street Glide, Road King, Fat Boy), Honda Shadow / VTX, Yamaha V-Star / Bolt, Indian Scout / Chief, Kawasaki Vulcan, Suzuki Boulevard",1990 - 2025,"Continental Sport Attack Tires This supersports street tire is also at home on the race track because of it's excellent stability at high speeds.","Excellent grip in the dry and wet Very short warm-up phase thanks to the “Black Chilli“ compound Good control when braking for corners Well defined and wide breakaway characteristics at maximum lean angle Cutting-edge design for the tread pattern, perfect for modern sports bikes Continuous Compound Technology Flexible shoulder area for better grip Wear resistant zenith area for better mileage Continuous transition Steel-belted construction Need your tire mounted? We’ve got you covered! Tire Mount Discount",https://www.cyclegear.com/_a/product_images/0150/8713/continental_sport_attack_hypersport_tires.jpg,""
10045075,P896452,"Carlisle Holeshot Tires",carlisle-holeshot-tires,Tires,N/A,"Utvatv","Hard Terrain / Utv Atv Tire",62.96,69.95,0.00,0,"Can-Am, Polaris, Honda, Yamaha, Kawasaki, Arctic Cat","Can-Am Spyder / Ryker / Maverick, Polaris RZR / Ranger, Honda Pioneer / Foreman, Yamaha Grizzly",2008 - 2025,"Carlisle Holeshot Tires The Holeshot Tire from Carlisle is a popular replacement option for many mini-sized quads, go-karts, classic three-wheelers and ATCs. Classic MX style knobbies delivers good grip on a variety of surfaces and good aesthetics on a variety of machines - modern and vintage alike.","Classic MX-style knobby tread pattern Lightweight bias 4 ply construction Value packed OE replacement option Sized for many small displacement ATVs, trikes and go-karts: Manco, Lem, Kasea, Impulse, Action and many others For off highway use only",https://www.cyclegear.com/_a/product_images/1525/6856/carlisle_holeshot_tires.jpg,""
10506435,P1147477,"Plews Tyres MX3 Foxhills GP Hard Pack Tires",plews-tyres-mx3-foxhills-gp-hard-pack-tires,Tires,Plews Tyres,"Dirt Bike / Off-Road","Non Dot Tire / Hard Terrain / Dirt Bike Tire",56.63,59.99,0.00,0,"Honda, Yamaha, KTM, Kawasaki, Suzuki, Husqvarna, GasGas","Honda CRF250R / CRF450R, Yamaha YZ250F / YZ450F, KTM 250 SX-F / 450 SX-F, Kawasaki KX250 / KX450, Suzuki RM-Z250 / RM-Z450, Husqvarna FC 250 / FC 450",1995 - 2025,"Plews Tyres MX3 Foxhills GP Hard Pack Tires Experience the competitive edge with the MX3 Foxhills GP, a tire designed for high performance on hard-pack motocross tracks. Named after the famed Foxhills GP circuit, it boasts a lightweight construction with a unique, staggered tread pattern to provide superior grip, precise handling, and enhanced stability on demanding surfaces. The tire's prominent tread block surfaces promise improved rider comfort and lessen fatigue even under intense riding conditions. Reinforced bridges on the rear tire ensure longevity and defend against wear and tear. Ideal for riders aiming for faster lap times or securing a strong start, the MX3 Foxhills GP is crafted for leaders of the race.","Designed specifically for hard-pack motocross tracks Lightweight construction for agile, high-speed performance Staggered tread layout enhances handling and control Asymmetrical front and rear tread design for optimized contact and grip Enlarged tread blocks improve feel and reduce rider fatigue Rear tire bridges increase durability and resist chunking Precision-cut blocks offer superior bite and traction Named after the iconic Foxhills GP track – where legends raced",https://www.cyclegear.com/_a/product_images/2436/8560/plews_tyres_mx3_foxhills_gp_front_hard_front_1800x1800.jpg,""
10203991,P987387,"Shinko SR003 Stealth Scooter Tires",shinko-sr003-stealth-scooter-tires,Tires,Shinko Tires,"Scooter / Street / Sportbike","Scooter Tire / Dot Tire / Race Tire / Sportbike Tire",87.10,110.95,5.00,9,"Honda, Yamaha, Vespa, Suzuki, Piaggio, Kymco","Honda PCX150 / Ruckus, Yamaha Zuma / XMAX, Vespa Primavera / GTS 300, Suzuki Burgman 400",2005 - 2025,"Shinko SR003 Stealth Scooter Tires The Shinko SR003 Stealth Scooter tires bring high performance to your scooter.","Slick/dimple, design great for racing and serious sport riding Same performance as the ""full sized"" superbike tire, but in scooter sizing Soft/Medium/Hard compounds DOT approved Notes : It is recommended to change your valve stem, tube and/or rim strip when installing a new tire. Shop Here!",https://www.cyclegear.com/_a/product_images/1836/7543/Shinko_003_Stealth_Front_Tire.jpg,""
10506524,P1147534,"Plews Tyres Extreme EN1 The Tough One GP Hard Enduro Gummy Rear Tire",plews-tyres-extreme-en1-the-tough-one-gp-hard-enduro-gummy-rear-tire,Tires,Plews Tyres,"Dirt Bike / Off-Road","Intermediate Terrain / Non Dot Tire / Dirt Bike Tire",148.09,188.99,0.00,0,"Honda, Yamaha, KTM, Kawasaki, Suzuki, Husqvarna, GasGas","Honda CRF250R / CRF450R, Yamaha YZ250F / YZ450F, KTM 250 SX-F / 450 SX-F, Kawasaki KX250 / KX450, Suzuki RM-Z250 / RM-Z450, Husqvarna FC 250 / FC 450",1995 - 2025,"Plews Tyres Extreme EN1 The Tough One GP Hard Enduro Gummy Rear Tire The Tough One GP is engineered to withstand the relentless challenges of Extreme Enduro. It's a top-tier choice for riders facing treacherous rivers, craggy rocks, steep ascents, and punishing terrains. Specially designed to meet the standards of WEC and BEC-style racing, this tire features a super-soft, ultra-tacky compound, developed in the UK by leading chemists. Its lightweight polyester carcass provides exceptional flexibility, imperative for navigating technical sections with precision. The thoughtfully rounded profile of the Tough One GP enhances traction and prevents inward deflection on varied surfaces like grass, hills, and loose soil. In compliance with FIM regulations and primed for competition, it delivers the necessary grip, control, and confidence for riders to excel in one-day extreme enduro events.","Engineered for Extreme Enduro, WEC, and BEC-style races Super-soft, ultra-tacky rear compound for maximum grip on wet, rocky, and steep terrain Lightweight polyester carcass enhances flexibility and feel in technical riding Ideal round profile improves traction on varied surfaces like grass, hills, and rocks Designed to prevent inward deflection and maintain consistent ground contact Developed in the UK using cutting-edge materials and compound technology FIM-compliant 14mm tread depth and construction for race legality Tailored for elite-level performance in the toughest one-day events",https://www.cyclegear.com/_a/product_images/2437/0209/plews_tyres_extreme_en1_the_tough_one_hard_enduro_gummy_gummy_rear1408018_1800x1800.jpg,""
270749,P72252,"Shinko 250 Classic Whitewall Tires",shinko-250-classic-whitewall-tires,Tires,Shinko Tires,"Cruiser / V-Twin","Cruiser Tire / Harley Tire / Whitewall Tire / Dot Tire",160.61,188.95,4.50,50,"Harley-Davidson","Harley Sportster / Harley Fxfxr / Harley Street / Harley Touring / Harley V Rod / Harley Softail / Harley Dyna / Harley Dyna Fat Bo / Harley Dyna Street / Harley Dyna Super / Harley Dyna Switch / Harley Softail Del / Harley Softail Deu / Harley Softail Fat / Harley Softail Her / Harley Softail Nig / Harley Sportster 1 / Harley Sportster 8 / Harley Sportster I / Harley Touring Ele / Harley Touring Roa / Harley Touring Str",1990 - 2025,"Shinko 250 Classic Whitewall Tires The 250 is designed for both excellent handling and long life.","Aramid belt for high load stability H rated tubeless 4 ply nylon carcass Notes : It is recommended to change your valve stem, tube and/or rim strip when installing a new tire. Shop Here! Need your tire mounted? We’ve got you covered! Tire Mount Discount",https://www.cyclegear.com/_a/product_images/0009/1755/Shinko_250_Classic_Whitewall_Rear_Tire.jpg,""
157860,P42826,"Bridgestone M40 Universal Mini Tires",bridgestone-m40-universal-mini-tires,Tires,Bridgestone,"Dirt Bike / Off-Road","Dirt Bike Tire / Soft Terrain / Non Dot Tire",50.58,70.59,0.00,0,"Honda, Yamaha, KTM, Kawasaki, Suzuki, Husqvarna, GasGas","Honda CRF250R / CRF450R, Yamaha YZ250F / YZ450F, KTM 250 SX-F / 450 SX-F, Kawasaki KX250 / KX450, Suzuki RM-Z250 / RM-Z450, Husqvarna FC 250 / FC 450",1995 - 2025,"Bridgestone M40 Universal Soft Terrain Mini Tires","Designed for loose dirt, soft sand and muddy conditions Extra wide spacing between tread blocks, together with rounded shape, means a self cleaning tire even in wet, sticky mud Wraparound knob pattern provides climbing traction out of ruts 4-ply construction for durability Universal front or rear mounting Tube Type Need your tire mounted? We’ve got you covered! Tire Mount Discount",https://www.cyclegear.com/_a/product_images/0002/9212/Bridgestone_M40_Soft_Terrain.jpg,""
270331,P72137,"Michelin S83 Scooter Tires",michelin-s83-scooter-tires,Tires,Michelin Tires,"Scooter","Scooter Radial Bias / Scooter Tire / Dot Tire",49.22,58.95,4.60,20,"Honda, Yamaha, Vespa, Suzuki, Piaggio, Kymco","Honda PCX150 / Ruckus, Yamaha Zuma / XMAX, Vespa Primavera / GTS 300, Suzuki Burgman 400",2005 - 2025,"Michelin S83 Tires The Michelin S83 Scooter Tires have a classic tread design and heavily siped tread pattern for maximum grip in a variety of conditions. The additional material is added to insure the tire will be on the road for miles.","Classic styling with up-to-date construction Perfectly suited for classic scooters Blackwall J-rated for speeds up to 62 mph Front or rear application Tubeless or tube-type Sold individually Notes : It is recommended to change your valve stem, tube and/or rim strip when installing a new tire. Shop Here!",https://www.cyclegear.com/_a/product_images/0369/2016/michelin_s83_scooter_tires.jpg,""
10386899,P1087813,"Mitas Enduro Trail Dakar Tires",mitas-enduro-trail-dakar-tires,Tires,Mitas,"Adventure / Dual Sport","50 On Road 50 Off Road / Dot Tire / Hard Terrain / Intermediate Terrain",149.06,170.99,5.00,1,"Honda, Yamaha, KTM, Kawasaki, Suzuki, Husqvarna, GasGas","Honda CRF250R / CRF450R, Yamaha YZ250F / YZ450F, KTM 250 SX-F / 450 SX-F, Kawasaki KX250 / KX450, Suzuki RM-Z250 / RM-Z450, Husqvarna FC 250 / FC 450",1995 - 2025,"Mitas Enduro Trail Dakar Tires The Mitas Enduro Trail Dakar Tires employ a reinforced carcass and sidewall, featuring a durable rubber compound designed for extended wear. Bearing the ""Dakar"" designation, these Mitas tires enhance load-handling capacity, minimize the risk of pinch flats, and optimize road mileage, making them an ideal choice for overland adventures.","Designed for 50% on-road / 50% off-road use on Adventure and Dual Sport motorcycles TL (Tubeless) and TT (Tube Type) applications E-07+ Sidewall marking confirms the highly popular original design Can be used in combination with other E-07/E-07+ or ENDURO TRAIL 60/40 and 50/50 tires (Dakar and Standard) for customized performance Features large chevron style block pattern and independent shoulder knobs for ideal handling and wear on tarmac combined with stable, predictable off-highway performance Notes : It is recommended to change your valve stem, tube and/or rim strip when installing a new tire. Shop Here! Need your tire mounted? We’ve got you covered! Tire Mount Discount",https://www.cyclegear.com/_a/product_images/2209/1610/mitas_enduro_trail_dakar_tires.jpg,""
10482642,P1133189,"Motoz Terrapactor MXI Tires",motoz-terrapactor-mxi-tires,Tires,Motoz,"Dirt Bike / Off-Road","Intermediate Terrain / Hard Terrain / Non Dot Tire / Dual Sport Tire",42.99,0.00,0.00,0,"Honda, Yamaha, KTM, Kawasaki, Suzuki, Husqvarna, GasGas","Honda CRF250R / CRF450R, Yamaha YZ250F / YZ450F, KTM 250 SX-F / 450 SX-F, Kawasaki KX250 / KX450, Suzuki RM-Z250 / RM-Z450, Husqvarna FC 250 / FC 450",1995 - 2025,"Motoz Terrapactor MXI Tires The Terrapactor MXI (MX Intermediate) competition tire is a testament to cutting-edge engineering, optimized for intermediate to hard terrain, including a blend of loose, packed soil, and deep, heavy ruts. Standing as the benchmark for motocross tire performance on diverse surfaces, the MXI distinguishes itself with a unique tread pattern, meticulously designed for peak performance. Its innovative structure allows for strategic flex points within the tire's carcass and knobs, ensuring both predictability and superior corner grip. This design allows the tire to adapt and flex with the terrain, offering riders increased control and confidence. For those seeking exceptional performance and versatility as they traverse challenging terrains, the Terrapactor MXI competition tire is a formidable choice.","Lightweight carcass construction Unique flex zones built into carcass and knobs for improved feel and compliance Flex zones incorporated into all tread rows to improve corning feel and drive Optimized inner sidewall construction for improved compliance in corners and in a straight line Front tire sizes 80/100-21 for most aggressive on track performance 90/100-21 with a taller profile for increased contact patch and better feel and feedback under race conditions Track Conditions – Intermediate to hard terrain (mix of loose and packed soil, hard packed soil and deep heavy ruts) NHS - not highway safe Tube type Notes : It is recommended to change your valve stem, tube and/or rim strip when installing a new tire. Shop Here! Need your tire mounted? We’ve got you covered! Tire Mount Discount",https://www.cyclegear.com/_a/product_images/2387/0383/motoz_terrapactor_mxi_tires.jpg,""
158600,P43180,"Dunlop F20 / K525 Qualifier V-Max Tires",dunlop-f20-k525-qualifier-v-max-tires,Tires,Dunlop,"Cruiser / V-Twin / Adventure / Dual Sport","Customcruisertouring Bi / Cruiser Tire / Dot Tire",213.56,266.95,5.00,7,"Harley-Davidson, Honda, Yamaha, Indian, Kawasaki, Suzuki, Victory","Harley (Sportster, Softail, Dyna, Street Glide, Road King, Fat Boy), Honda Shadow / VTX, Yamaha V-Star / Bolt, Indian Scout / Chief, Kawasaki Vulcan, Suzuki Boulevard",1990 - 2025,"Dunlop F20 / K525 Qualifier V-Max Front Tires","Bias ply Blackwall Tubeless Notes : It is recommended to change your valve stem, tube and/or rim strip when installing a new tire. Shop Here! Need your tire mounted? We’ve got you covered! Tire Mount Discount",https://www.cyclegear.com/_a/product_images/0003/6168/_K525_Qualifier_V-Max_Front_Tires.jpg,""
158839,P43295,"IRC GP110 Street / Trail Tires",irc-gp110-street-trail-tires,Tires,IRC Tires,"Adventure / Dual Sport / Street / Sportbike","70 On Road 30 Off Road / Dual Sport Tire / Dot Tire",73.76,114.95,4.60,16,"Honda, Yamaha, KTM, Kawasaki, Suzuki, Husqvarna, GasGas","Honda CRF250R / CRF450R, Yamaha YZ250F / YZ450F, KTM 250 SX-F / 450 SX-F, Kawasaki KX250 / KX450, Suzuki RM-Z250 / RM-Z450, Husqvarna FC 250 / FC 450",1995 - 2025,"IRC GP110 Street / Trail Tires","Dual purpose, street and trail tires Smoother riding on the street, better grip and traction due to wider spacing between knobs Tube type Notes : It is recommended to change your valve stem, tube and/or rim strip when installing a new tire. Shop Here! Need your tire mounted? We’ve got you covered! Tire Mount Discount",https://www.cyclegear.com/_a/product_images/0001/4232/Trail_Tire.jpg,""
10052041,P899576,"GBC Mini Master Tires",gbc-mini-master-tires,Tires,N/A,"Utvatv","Hard Terrain / Utv Atv Tire",71.06,78.95,0.00,0,"Can-Am, Polaris, Honda, Yamaha, Kawasaki, Arctic Cat","Can-Am Spyder / Ryker / Maverick, Polaris RZR / Ranger, Honda Pioneer / Foreman, Yamaha Grizzly",2008 - 2025,"GBC Mini Master Tires The Mini Master Tire was specifically engineered for mini ATV and youth side-by-side applications. Following the same X-type lug design as the bigger XC Master Tires, the Mini Master’s tread pattern digs into loose terrain and gives superior acceleration and braking power. The MX knobby design gives excellent performance over a wide range of surfaces: mud, hard pack, blue groove and sand. Made from a soft, yet durable rubber compound, the Mini Masters remain flexible to conform to surface irregularities. Rear tires have a flat profile to achieve a full footprint with the ground - leaving no knob unused.","Youth-sized MX knobby Excels on mud, hard pack, blue groove and sand X-type lug pattern for excellent traction and braking power Front tires remain flexible to absorb surface irregularities Rear tires maintain a square contact patch for added traction For off highway use only Note : Tire only. Wheel not included.",https://www.cyclegear.com/_a/product_images/1535/2065/gbc_tire_mini_master_rear18_x8_x8_bias_lr182_lbs_mini_master_rear18_x8_x8.jpg,""
1647037,P722997,"Continental ContiAttack SM Supermoto EVO Tires",continental-contiattack-sm-supermoto-evo-tires,Tires,Continental Tire,"Street / Sportbike","Hypersport Dot / Supermoto Tire / Multi Compound Tire / Dot Tire",175.91,228.95,4.30,14,"Honda, Yamaha, Kawasaki, Suzuki, BMW, Ducati, Triumph, Aprilia","Honda CBR600RR / CBR1000RR, Yamaha YZF-R6 / YZF-R1 / MT-07 / MT-09, Kawasaki Ninja 650 / ZX-6R / ZX-10R, Suzuki GSX-R600 / GSX-R1000, BMW S1000RR, Ducati Monster / Panigale",1998 - 2025,"Continental Conti Attack SM Supermoto EVO Tires Advanced high performance street legal supermoto tire featuring a new rubber compound that provides higher grip and longer mileage.","New rubber compound offers improved grip and extended mileage Extraordinary light handling with outstanding grip curve stability Exceptional control of riding performance and optimal feedback in the limit range 0°-steel belt construction on the front and rear for higher stability and feedback when braking into and accelerating out of curves Good cold grip and quick tire warm-up through a newly developed Black Chili tread compound, specially designed for supermoto riding Approved Continuous Compound Technology ensures high mileage and maximum grip in extreme lean angles Traction Skin provides an extremely safe and short tire break-in for the ContiAttack. This is possible due to the revolutionary raw tread surface, which is the result of a new mold coating technology which eliminates the need for tire-release agents 120/70-17 and 160/60-17 are OEM for KTM SMC 2007-2011 Eligible for Continental's free 3 year roadside warranty Notes : It is recommended to change your valve stem, tube and/or rim strip when installing a new tire. Shop Here! Need your tire mounted? We’ve got you covered! Tire Mount Discount",https://www.cyclegear.com/_a/product_images/2090/3402/continental_conti_attack_sm_supermoto_evo_tires.jpg,""
10494295,P1100940,"Avon Safety Mileage MKII Type A / B / C Tires",avon-safety-mileage-mkii-type-a-b-c-tires,Tires,Avon Tire,"Cruiser / V-Twin / Adventure / Dual Sport","Vintage Tire / Harley Tire / Cruiser Tire / Dot Tire",149.33,186.52,3.80,4,"Harley-Davidson","Harley (Sportster, Softail, Dyna, Street Glide, Road King, Fat Boy), Honda Shadow / VTX, Yamaha V-Star / Bolt, Indian Scout / Chief, Kawasaki Vulcan, Suzuki Boulevard",1990 - 2025,"Avon Safety Mileage Mark 2 Type A / B / C Tires","Great for positive road feel and grip, featuring a unique contour for long life and even wear Perfect match to Speedmaster front tires Tube type (TT) Blackwall S-rated versions for speeds up to 112 mph Tread pattern varies with tire size Notes : It is recommended to change your valve stem, tube and/or rim strip when installing a new tire. Shop Here! Need your tire mounted? We’ve got you covered! Tire Mount Discount",https://www.cyclegear.com/_a/product_images/2268/9253/avon_safety_mileage_mkii_type_abc_tires.jpg,""
10222998,P998041,"Bridgestone ML16 Tires",bridgestone-ml16-tires,Tires,Bridgestone,"Scooter","Scooter Radial Bias / Dot Tire / Scooter Tire",93.81,130.93,0.00,0,"Honda, Yamaha, Vespa, Suzuki, Piaggio, Kymco","Honda PCX150 / Ruckus, Yamaha Zuma / XMAX, Vespa Primavera / GTS 300, Suzuki Burgman 400",2005 - 2025,"Bridgestone ML16 Tires","Blackwall Tubeless Notes : It is recommended to change your valve stem, tube and/or rim strip when installing a new tire. Shop Here!",https://www.cyclegear.com/_a/product_images/2023/1694/bridgestone_ml16_tires.jpg,""
922499,P256026,"IRC NR53 Universal Moped Tires",irc-nr53-universal-moped-tires,Tires,IRC Tires,"Scooter","Scooter Tire / Dot Tire",43.95,46.95,5.00,4,"Honda, Yamaha, Vespa, Suzuki, Piaggio, Kymco","Honda PCX150 / Ruckus, Yamaha Zuma / XMAX, Vespa Primavera / GTS 300, Suzuki Burgman 400",2005 - 2025,"IRC NR53 Universal Moped Tires High-quality moped and small cc motorcycle tires.","Tube type (TT) Bias construction Blackwall E-Marked Notes : It is recommended to change your valve stem, tube and/or rim strip when installing a new tire. Shop Here!",https://www.cyclegear.com/_a/product_images/2076/8065/ircnr53_universal_moped_tire3001847_p.jpg,""
10046504,P897239,"Vision W3057 Journey A/T Tires",vision-w3057-journey-at-tires,Tires,N/A,"Utvatv","Utv Atv Tire / Intermediate Terrain",288.95,0.00,0.00,0,"Can-Am, Polaris, Honda, Yamaha, Kawasaki, Arctic Cat","Can-Am Spyder / Ryker / Maverick, Polaris RZR / Ranger, Honda Pioneer / Foreman, Yamaha Grizzly",2008 - 2025,"Vision W3057 Journey A/T Tires The Journey A/T Tires from Vision Wheel are an all-terrain tire inspired by light-truck designs. The tightly spaced center lugs offer good road manners over hard pack and help extend overall tread life. Wider spacing at the side lugs improves grip over obstacles and cornering traction. The robust radial design uses eight plies for increased load handling and puncture resistance.","All-terrain design Wider shoulder lug spacing for improve traction over rocks, ruts and roots High land ratio at the tread center effectively enhances steering and performance on straightaways Flatter profile offers wide ground contact and enhances cornering traction Non-directional tread pattern Tough 8 ply radial construction offers better ride and stability",https://www.cyclegear.com/_a/product_images/1528/4293/vision_w3057_journey_at_tires.jpg,""
10251681,P1017274,"EFX Gripper UTV R/T-K Tires",efx-gripper-utv-rt-k-tires,Tires,EFX Tires,"Utvatv","Utv Atv Tire / Intermediate Terrain",226.00,0.00,0.00,0,"Can-Am, Polaris, Honda, Yamaha, Kawasaki, Arctic Cat","Can-Am Spyder / Ryker / Maverick, Polaris RZR / Ranger, Honda Pioneer / Foreman, Yamaha Grizzly",2008 - 2025,"EFX Gripper UTV R/T-K Tires By maintaining the lightweight casing and adding a proprietary Aramid fiber-reinforced sidewall, EFX has taken the Gripper UTV to the next level. Add unparalleled strength and puncture resistance over the regular Gripper UTV tire without a weight penalty.","Strong enough to blast through open desert and also features channeled tread design to cut deep into mud and loam Siped tread blocks reduce heat generation Shoulder block design improves lateral grip and impact resistance Large block pattern design extends to the sidewall, greatly improving the sidewall impact resistance Large deep groove pattern greatly improves grip while providing higher wear resistance Rim Protector design protects your rim from shock damage Strong, lightweight Aramid fiber-reinforced sidewalls for puncture resistance Specifications: 28"" Load Range: 855 lbs. max 32"" Load Range: 1070 lbs. max 35"" Load Range: 1050 lbs. max Designed for 6.5-8.5 inch wheels",https://www.cyclegear.com/_a/product_images/1857/2263/efx_tires_gripper_utv_kevlar.jpg,""
1287049,P403857,"Sedona MX880 ST Tires",sedona-mx880-st-tires,Tires,Sedona,"Dirt Bike / Off-Road","Intermediate Terrain / Soft Terrain / Dirt Bike Tire / Non Dot Tire",41.56,51.95,3.00,1,"Honda, Yamaha, KTM, Kawasaki, Suzuki, Husqvarna, GasGas","Honda CRF250R / CRF450R, Yamaha YZ250F / YZ450F, KTM 250 SX-F / 450 SX-F, Kawasaki KX250 / KX450, Suzuki RM-Z250 / RM-Z450, Husqvarna FC 250 / FC 450",1995 - 2025,"Need your tire mounted? We’ve got you covered! Tire Mount Discount","N/A",https://www.cyclegear.com/_a/product_images/0357/6709/sedona_mx880_st_tires.jpg,""
10418076,P1102121,"ITP Mammoth Mayhem Tires",itp-mammoth-mayhem-tires,Tires,N/A,"Utvatv","Soft Terrain / Mud Tire / Utv Atv Tire",329.66,366.29,0.00,0,"Honda, Yamaha, KTM, Kawasaki, Suzuki, Husqvarna, GasGas","Honda CRF250R / CRF450R, Yamaha YZ250F / YZ450F, KTM 250 SX-F / 450 SX-F, Kawasaki KX250 / KX450, Suzuki RM-Z250 / RM-Z450, Husqvarna FC 250 / FC 450",1995 - 2025,"ITP Mammoth Mayhem Tires The Mega Mayhem Tires are engineered with colossal claws to offer outstanding grip and self-cleaning capabilities, paired with 2-inch deep lugs that excel in deep mud conditions. These tires are built with a long-lasting wear compound, making them the perfect choice for navigating through muddy and soft or loose terrains with confidence.","Mammoth-sized claws supply traction and self-cleaning properties Extra-deep, 2-inch lugs are used for enhanced push through the deep mud Extended wear compound For mud, soft/loose pack Made in USA For off highway use only",https://www.cyclegear.com/_a/product_images/2277/5879/itp_mammoth_mayhem_tires.jpg,""
10605591,P1193055,"Maxxis Bighorn Radial Tire",maxxis-bighorn-radial-tire,Tires,Maxxis Tires,"Utvatv","Soft Terrain / Intermediate Terrain / Hard Terrain / Non Dot Tire",223.25,235.00,0.00,0,"Honda, Yamaha, KTM, Kawasaki, Suzuki, Husqvarna, GasGas","Honda CRF250R / CRF450R, Yamaha YZ250F / YZ450F, KTM 250 SX-F / 450 SX-F, Kawasaki KX250 / KX450, Suzuki RM-Z250 / RM-Z450, Husqvarna FC 250 / FC 450",1995 - 2025,"Maxxis Bighorn Radial Tire The Maxxis Bighorn is widely recognized as a reliable choice for ATV tires on trails. It is crafted for riders who require durability and consistent traction. With its sturdy 6-ply radial construction, the Bighorn provides a smooth ride and extends performance life over various terrains.","6-ply-rated radial construction Durable design for trail and off-road use Smooth ride with dependable traction Sold each",https://www.cyclegear.com/_a/product_images/2608/7252/maxxis_bighorn_radial_tire.jpg,""
10596640,P1189878,"Valor Offroad Tango UTV Tire",valor-offroad-tango-utv-tire,Tires,Valor Offroad,"Utvatv","Intermediate Terrain / Hard Terrain / Non Dot Tire / Utv Atv Tire",289.00,0.00,0.00,0,"Can-Am, Polaris, Honda, Yamaha, Kawasaki, Arctic Cat","Can-Am Spyder / Ryker / Maverick, Polaris RZR / Ranger, Honda Pioneer / Foreman, Yamaha Grizzly",2008 - 2025,"Valor Offroad Tango UTV Tire The Valor Offroad Tango UTV Tire meets the demands of drivers navigating fast, hard-packed terrain while seeking reliable grip over long distances. Crafted with care, the Tango showcases optimized tread spacing and shoulder angles that provide essential traction, stability, and control at high speeds. Its 8-ply rated steel belted radial construction, combined with a sturdy casing, enhances ride quality without compromising durability in tough conditions. Staggered shoulder lugs and a square crown profile are designed to improve cornering bite and straight-line performance, positioning the Tango as a dependable option for aggressive trail riders.","8-ply rated steel-belted radial construction standard 65A compound 15mm tread depth Rigid casing provides superior ride quality and grip Staggered shoulder lugs Square crown profile Weight: 45-51 lbs Sold each Specifications: Overall Diameter UT32x9.50R15 - 32.10"" @ 15psi UT33x9.50R15 - 33.10"" @ 15psi UT35x10.00R15 - 35.10"" @ 15psi Overall Width UT32x9.50R15 - 9.50"" @ 15psi UT33x9.50R15 - 9.50"" @ 15psi UT35x10.00R15 - 9.80"" @ 15psi",https://www.cyclegear.com/_a/product_images/2598/2473/valor_offroad_tango_utv_tire.jpg,""
10032753,P891857,"Maxxis M910 4-Snow Tires",maxxis-m910-4-snow-tires,Tires,Maxxis Tires,"Utvatv","Soft Terrain / Utv Atv Tire",116.72,129.99,0.00,0,"Honda, Yamaha, KTM, Kawasaki, Suzuki, Husqvarna, GasGas","Honda CRF250R / CRF450R, Yamaha YZ250F / YZ450F, KTM 250 SX-F / 450 SX-F, Kawasaki KX250 / KX450, Suzuki RM-Z250 / RM-Z450, Husqvarna FC 250 / FC 450",1995 - 2025,"Maxxis M910 4-Snow Tires Aptly named and ready for winter, the M910 4-Snow Tire is the tire of choice for snow as well as dirt drag racing. For improved acceleration, the Maxxis 4-Snow Tires expand up to 40% during use as wheel RPM increases. The special-purpose tread design is reversible for optimum traction on snow and ice. Use the scoop side for snow and back side for increased surface contact on ice. The soft compound remains flexible in low temperatures for added grip via rubber formulation.","Engineered for sand and snow performance Pliant, 2 ply design for reduced mass The drag racer's first tire choice on ice, snow and pure sand Reversible tread design offers optimum traction Special soft compound stays flexible in cold weather for amazing grip and a smooth ride For off highway use only",https://www.cyclegear.com/_a/product_images/1513/7600/maxxis_m9104_snow_tires.jpg,""
10045537,P896806,"AMS M4 Evil Tires",ams-m4-evil-tires,Tires,AMS,"Utvatv","Intermediate Terrain / Utv Atv Tire",227.95,0.00,0.00,0,"Can-Am, Polaris, Honda, Yamaha, Kawasaki, Arctic Cat","Can-Am Spyder / Ryker / Maverick, Polaris RZR / Ranger, Honda Pioneer / Foreman, Yamaha Grizzly",2008 - 2025,"AMS M4 Evil Tires AMS's M4 Evil Tires are a great all-around utility and rugged-terrain tire. These tough, long lasting radials use an eight ply design to increase puncture resistance, load carrying ability and handling response. Wide, angled lug spacing helps eject packed mud. The three-quarter inch tread depth gives the M4 Evil Tires better road-manners over hard pack, pavement and utility runs. Shoulder lugs with a slightly rounder profile keep the M4 Evil Tire's ride smooth and quiet. For a more aggressive alternative, consider the M1 Evil Tires from AMS. The M1 Evil Tires feature a deeper 1"" tread depth and more aggressive, squared-off shoulder lugs for added bite.","Rugged-terrain design for sand, dirt and rocks Light truck-inspired tread pattern with non-directional dual center lug design Smooth, quiet ride and superior handling over hard surfaces 3/4"" tread depth Special long-lasting compound for ultra wear protection Reinforced sidewall for greater loading handling ability Excellent puncture resistance 8 ply radial design Note : Tire only. Wheel not included.",https://www.cyclegear.com/_a/product_images/1527/1979/amsm4_evil_tires.jpg,""
10010441,P896160,"Quad Boss QBT700 Series Sport Tires",quad-boss-qbt700-series-sport-tires,Tires,Quad Boss,"Utvatv","Hard Terrain / Utv Atv Tire",47.99,0.00,4.00,1,"Can-Am, Polaris, Honda, Yamaha, Kawasaki, Arctic Cat","Can-Am Spyder / Ryker / Maverick, Polaris RZR / Ranger, Honda Pioneer / Foreman, Yamaha Grizzly",2008 - 2025,"QuadBoss QBT700 Series Sport Tires The 700 Series Sport Tires from Quad Boss are a performance MX quad tire with a classic tread design. Ready for slinging mud, the 700 Sport Tires are just as at home on the track as they are on the trail or utility run. Engineered for good acceleration, braking and lateral stability, the 700 Sport Tires go toe-to-toe with the enthusiastic sport rider. The four ply bias design is constructed with superior weight savings in mind.","Performance MX tread design Excellent weight to performance ratio Lug design for excellent braking control Lightweight 4 ply bias design For off highway use only",https://www.cyclegear.com/_a/product_images/2062/3923/quad_boss_qbt739_tires_1800x1800.jpg,""
10052018,P899573,"GBC Street Force Tires",gbc-street-force-tires,Tires,N/A,"Utvatv","Hard Terrain / Utv Atv Tire",176.36,195.95,0.00,0,"Can-Am, Polaris, Honda, Yamaha, Kawasaki, Arctic Cat","Can-Am Spyder / Ryker / Maverick, Polaris RZR / Ranger, Honda Pioneer / Foreman, Yamaha Grizzly",2008 - 2025,"GBC Street Force Tires The Street Force Tires are engineered for pavement, concrete and hard pack. GBC designs these tires to meet both DOT and European E-Mark tire standards. Deep siping with an aggressive tread pattern give sporty looks, excellent wet weather traction and respectable performance on light dirt, grass and trails. The lightweight design uses four ply radial construction for a smooth, responsive ride and long-wearing tread life. The Street Force Tires are an excellent option for utility, fleet and industrial use.","Utility design for pavement, turf and hard surfaces 4 ply radial design Extended tread life Perfect for fleet and utility use Note : Tire only. Wheel not included.",https://www.cyclegear.com/_a/product_images/1535/2184/gbc_street_force_tires.jpg,""
10296892,P1043457,"High Lifter Outlaw Tires",high-lifter-outlaw-tires,Tires,High Lifter Products Inc,"Utvatv","Utv Atv Tire / Mud Tire",219.95,0.00,0.00,0,"Can-Am, Polaris, Honda, Yamaha, Kawasaki, Arctic Cat","Can-Am Spyder / Ryker / Maverick, Polaris RZR / Ranger, Honda Pioneer / Foreman, Yamaha Grizzly",2008 - 2025,"High Lifter Outlaw Tire Tackle the mud and put more rubber on the ground with the Outlaw Tire from High Lifter. Tread bar design features a rounded tip, paddle-like, cupped lug for improved traction. The cupped design helps propel you forward instead of cutting deeper into the mud and digging yourself into a hole. Large unrestricted space between the lugs helps with self-cleaning tread design. This 6-ply rating improves tire life without sacrificing weighing you down.","6-Ply rating Full 1-1/2"" deep rounded tip, paddle-like, cupped lug Puncture resistant Self cleaning tread design For off highway use only Sold each Note: Tire only, wheel sold separately",https://www.cyclegear.com/_a/product_images/1937/4716/high_lifter_outlaw_tire.jpg,""
10596649,P1189884,"Dunlop Tire Geomax EN92 Soft Tires",dunlop-tire-geomax-en92-soft-tires,Tires,Dunlop,"Dirt Bike / Off-Road","Intermediate Terrain / Non Dot Tire / Dirt Bike Tire",158.95,0.00,0.00,0,"Honda, Yamaha, KTM, Kawasaki, Suzuki, Husqvarna, GasGas","Honda CRF250R / CRF450R, Yamaha YZ250F / YZ450F, KTM 250 SX-F / 450 SX-F, Kawasaki KX250 / KX450, Suzuki RM-Z250 / RM-Z450, Husqvarna FC 250 / FC 450",1995 - 2025,"Dunlop Geomax EN92 Soft Tires The Dunlop EN92 Soft is designed for challenging hard enduro terrains. This ultra-gummy tire excels in wet conditions filled with roots and rocks. It features a podium-proven tread pattern from the standard model, enhanced with a high-grip compound that adapts to obstacles. The result is improved traction that transforms difficult ledge hops into confident climbs.","Dedicated soft compound for maximum mechanical grip on wet and rocky terrain V-Block Technology (V-BT) optimizes rear traction and slide control Reinforced Scoop Technology (RST) helps the rear dig deep into soft soil Progressive Cornering Block Technology (PCBT) improves lean angle grip Rounded sidewall profile increases rider comfort and bump compliance Staggered front tread pattern with reduced land ratio for better rocky surface bite Increased block cavities improve shock absorption over jagged obstacles FIM legal knob height/size",https://www.cyclegear.com/_a/product_images/2606/1507/dunlop_tire_geomax_en92_soft_tires.jpg,""
157395,P42684,"Kenda Klaw XC Tires",kenda-klaw-xc-tires,Tires,N/A,"Adventure / Dual Sport / Utvatv","Utv Atv Tire",103.46,114.95,0.00,0,"BMW, KTM, Honda, Yamaha, Triumph, Suzuki, Ducati, Kawasaki, Husqvarna","BMW R1200GS / R1250GS / F850GS, KTM 1290 Super Adventure / 890 Adventure, Honda Africa Twin / CRF300L, Yamaha Ténéré 700, Triumph Tiger 900 / 1200, Suzuki V-Strom 650, Kawasaki KLR650",2000 - 2025,"","N/A",https://www.cyclegear.com/_a/product_images/0002/8708/Kenda_Klaw_XC_K532fa_Front.jpg,""
10184743,P979980,"CST Legion MX-VI Soft Terrain Tires",cst-legion-mx-vi-soft-terrain-tires,Tires,N/A,"Dirt Bike / Off-Road","Dirt Bike Tire / Non Dot Tire / Soft Terrain",74.66,82.95,0.00,0,"Honda, Yamaha, KTM, Kawasaki, Suzuki, Husqvarna, GasGas","Honda CRF250R / CRF450R, Yamaha YZ250F / YZ450F, KTM 250 SX-F / 450 SX-F, Kawasaki KX250 / KX450, Suzuki RM-Z250 / RM-Z450, Husqvarna FC 250 / FC 450",1995 - 2025,"CST Legion MX-VI CM702 / CM703 Tires The Legion MX 6 CM702 / CM703 Tires from CST are ready to boogie. The Legion 6 Tires are engineered for grip and predictable control in soft to intermediate conditions found on groomed MX surfaces. The tires are race-ready with proven CST durability. Uniquely shaped shoulder blocks make for easy transitions and stable lean angles.","Innovative tread pattern designed for dominance on the motocross battlefield Long, varied tread pitches ensure that the tire hooks up in the variety of soil conditions Engineered for soft to intermediate MX track conditions Optimized tire profile provides a smooth transition to the shoulder through turns Advanced carcass construction virtually eliminates tire roll in corners Center tread knobs on the rear tire claw forward and clean out More tightly spaced shoulder knobs provide a stable platform for traction when leaned over Uniquely shaped shoulder knobs on the front deliver extreme braking traction and control into corners Tube type (TT) Need your tire mounted? We’ve got you covered! Tire Mount Discount",https://www.cyclegear.com/_a/product_images/1821/7648/cst_legion_mxvi_soft_terrain_tires.jpg,""
10595128,P1189338,"Kenda K502 Terra Trac Tires",kenda-k502-terra-trac-tires,Tires,N/A,"Utvatv","Hard Terrain / Non Dot Tire / Utv Atv Tire",95.95,0.00,0.00,0,"Can-Am, Polaris, Honda, Yamaha, Kawasaki, Arctic Cat","Can-Am Spyder / Ryker / Maverick, Polaris RZR / Ranger, Honda Pioneer / Foreman, Yamaha Grizzly",2008 - 2025,"Kenda K502 Terra Trac Tires The Kenda K502 Terra Trac Tires incorporate a wrap around shoulder lug design that enhances traction in wet conditions. Suitable for mowers and garden tractors, this tire delivers superior grip compared to standard turf tires while maintaining a less aggressive profile than lug bar tires. Additionally, it is compatible for use on ATVs and UTVs.","Aggressive tread for all conditions Designed for utility cart machines, but can be used on ATVs",https://www.cyclegear.com/_a/product_images/2594/7416/kenda_k502_terra_trac_tires.jpg,""
10307928,P1048547,"High Lifter Out & Back Max Tires",high-lifter-out-back-max-tires,Tires,High Lifter Products Inc,"Utvatv","Utv Atv Tire / Mud Tire",271.95,0.00,0.00,0,"Can-Am, Polaris, Honda, Yamaha, Kawasaki, Arctic Cat","Can-Am Spyder / Ryker / Maverick, Polaris RZR / Ranger, Honda Pioneer / Foreman, Yamaha Grizzly",2008 - 2025,"High Lifter Out & Back Max Tire With the aggressive V lug design to dig deep into the mud, but still provide you with a smooth ride on hard pack surfaces you can rest assured that the Out & Back Max will get you where you need to go, and get you back home. The 5-inch tread depth in the center, and up to 2.0-inch on the shoulder in a 6-ply or 8-ply carcass allows for low psi operation and maximum flotation.","Aggressive V lug tread digs deep while offering smooth ride on hard pack surfaces 5-inch tread depth in the center, up to 2.0-inch on the shoulder 6-ply or 8-ply carcass allows for low psi operation and maximum flotation Deep rim guard protects your wheel investment",https://www.cyclegear.com/_a/product_images/2052/0869/high_lifter_out_back_max_tire.jpg,""
10596646,P1189882,"Dunlop Tire Geomax EN92 Tires",dunlop-tire-geomax-en92-tires,Tires,Dunlop,"Dirt Bike / Off-Road","10 On Road 90 Off Road / Intermediate Terrain / Dot Tire / Dual Sport Tire",142.95,0.00,0.00,0,"Honda, Yamaha, KTM, Kawasaki, Suzuki, Husqvarna, GasGas","Honda CRF250R / CRF450R, Yamaha YZ250F / YZ450F, KTM 250 SX-F / 450 SX-F, Kawasaki KX250 / KX450, Suzuki RM-Z250 / RM-Z450, Husqvarna FC 250 / FC 450",1995 - 2025,"Dunlop Geomax EN92 Tires The Dunlop EN92 is engineered for challenging terrains where precision is crucial. Designed specifically for hard enduro and technical trails, it features a gummy-spec rubber compound that excels in grip and traction. This tire efficiently sheds mud and maintains control over rocky paths and slippery roots, allowing riders to navigate with confidence. With the Dunlop EN92, conquering difficult conditions becomes a seamless experience.","V-Block Technology (V-BT) optimizes rear traction and slide control Reinforced Scoop Technology (RST) helps the rear dig deep into soft soil Progressive Cornering Block Technology (PCBT) improves lean angle grip Rounded sidewall profile increases rider comfort and bump compliance Staggered front tread pattern with reduced land ratio for better rocky surface bite Increased block cavities improve shock absorption over jagged obstacles DOT approved to get you to the trailhead legally FIM legal knob height/size",https://www.cyclegear.com/_a/product_images/2606/1371/dunlop_tire_geomax_en92_tires.jpg,""
1152589,P347313,"Shinko SR 560 Scooter Tires",shinko-sr-560-scooter-tires,Tires,Shinko Tires,"Scooter","Dot Tire / Scooter Tire",47.56,55.95,0.00,0,"Honda, Yamaha, Vespa, Suzuki, Piaggio, Kymco","Honda PCX150 / Ruckus, Yamaha Zuma / XMAX, Vespa Primavera / GTS 300, Suzuki Burgman 400",2005 - 2025,"Shinko SR 560 Scooter Tires The Shinko SR 560 Tires deliver durable performance and are a prime choice for modern scooter riders seeking reliable replacement tires. These tires are designed to tackle a variety of urban terrains, offering a dependable ride with lasting quality.","All season / all weather scooter tire 4 ply construction DOT approved Tubeless design J speed rating is suitable for speeds up to 62 mph (100 km/h)",https://www.cyclegear.com/_a/product_images/2418/1768/shinko_sr560_scooter_tires.jpg,""
10184752,P980253,"CST Surge Mini C7223 /​ C7224 Tires",cst-surge-mini-c7223-c7224-tires,Tires,N/A,"Dirt Bike / Off-Road","Hard Terrain / Intermediate Terrain / Non Dot Tire / Dirt Bike Tire",64.56,75.95,0.00,0,"Honda, Yamaha, KTM, Kawasaki, Suzuki, Husqvarna, GasGas","Honda CRF250R / CRF450R, Yamaha YZ250F / YZ450F, KTM 250 SX-F / 450 SX-F, Kawasaki KX250 / KX450, Suzuki RM-Z250 / RM-Z450, Husqvarna FC 250 / FC 450",1995 - 2025,"CST Surge Mini C7223 /​ C7224 Tires The Surge Mini Tires from CST excel in a wide variety of intermediate terrains on the MX track or in the woods. The Surge was engineered with a tread pattern featuring a stable block pattern that provides predictable acceleration and braking. Like all CST tires, the Surge has a durable construction for lasting performance.","Intermediate to hard terrain tire Tube type design (TT) Wide center knobs on rear provide holeshot-winning, straight-forward traction Ready for the MX track or woods Stable block pattern provides predictable acceleration and braking Predictable grip during acceleration and braking Stable block tread pattern holds tight in corners Need your tire mounted? We’ve got you covered! Tire Mount Discount",https://www.cyclegear.com/_a/product_images/1821/6985/cst_surge_mini_c7223_c7224_tires.jpg,""
1323476,P420825,"Cheng Shin C183A Ambush Mini MX Tires",cheng-shin-c183a-ambush-mini-mx-tires,Tires,N/A,"Dirt Bike / Off-Road","Soft Terrain / Non Dot Tire / Dirt Bike Tire",59.49,69.99,0.00,0,"Honda, Yamaha, KTM, Kawasaki, Suzuki, Husqvarna, GasGas","Honda CRF250R / CRF450R, Yamaha YZ250F / YZ450F, KTM 250 SX-F / 450 SX-F, Kawasaki KX250 / KX450, Suzuki RM-Z250 / RM-Z450, Husqvarna FC 250 / FC 450",1995 - 2025,"Cheng Shin C183A Ambush Mini MX Tires","A classic dirt bike tire for little rippers Aggressive, open-tread blocks for soft, loamy conditions Large paddle-scoop knobs for maximum hookup Sand/soft terrain Bias-ply construction 4 Ply Tube Type (TT)",https://www.cyclegear.com/_a/product_images/2587/8144/cheng_shin_c183_a_ambush_mini_mx_tires.jpg,""
10222981,P998027,"Bridgestone Battlax BT45 Sport Touring Tires",bridgestone-battlax-bt45-sport-touring-tires,Tires,Bridgestone,"Street / Sportbike / Adventure / Dual Sport","Sport Touring Bias Dot / Sportbike Tire / Dot Tire",159.89,200.89,0.00,0,"BMW, KTM, Honda, Yamaha, Triumph, Suzuki, Ducati, Kawasaki, Husqvarna","Touring",2000 - 2025,"Bridgestone Battlax BT45 Sport Touring Tires","Silica enriched compound for exceptional wet and dry grip Dual compound in rear allows for longer mileage and better stability from center Edges of tire offer better grip and performance while cornering Excellent stability for high speed touring with larger crown radius For mid-sized sport-touring bikes and older sport bikes Notes : It is recommended to change your valve stem, tube and/or rim strip when installing a new tire. Shop Here! Need your tire mounted? We’ve got you covered! Tire Mount Discount",https://www.cyclegear.com/_a/product_images/2023/0657/bridgestone_battlax_bt45_sport_touring_tires.jpg,""
1323477,P420826,"Cheng Shin C755 MX Tires",cheng-shin-c755-mx-tires,Tires,N/A,"Dirt Bike / Off-Road","Intermediate Terrain / Hard Terrain / Non Dot Tire / Dirt Bike Tire",59.50,70.00,0.00,0,"Honda, Yamaha, KTM, Kawasaki, Suzuki, Husqvarna, GasGas","Honda CRF250R / CRF450R, Yamaha YZ250F / YZ450F, KTM 250 SX-F / 450 SX-F, Kawasaki KX250 / KX450, Suzuki RM-Z250 / RM-Z450, Husqvarna FC 250 / FC 450",1995 - 2025,"Cheng Shin C755 MX Tires","Compact knob spacing for general off-road and hard-track use Asymmetric knob pattern for maximum rubber contact Hard/Intermediate terrain Bias-ply construction 4 Ply Tube Type (TT)",https://www.cyclegear.com/_a/product_images/2587/8161/cheng_shin_c755_mx_tires.jpg,""
10033518,P892203,"Kenda K580 / K581 Kutter XC Tires",kenda-k580-k581-kutter-xc-tires,Tires,N/A,"Utvatv","Intermediate Terrain / Utv Atv Tire",78.26,86.95,0.00,0,"Can-Am, Polaris, Honda, Yamaha, Kawasaki, Arctic Cat","Can-Am Spyder / Ryker / Maverick, Polaris RZR / Ranger, Honda Pioneer / Foreman, Yamaha Grizzly",2008 - 2025,"Kenda K580 / K581 Kutter XC Tires The Kenda Kutters will help you slice and dice your way to the top of the podium. The classic cross country tread patterns receive a boost in performance from softer, grippier rubber compounds and reduced weight tire construction. The Kutter XC Tires are engineered specifically for GNCC racers and terrain types.","Designed for GNCC racing and terrain types Tread pattern provides more biting edges for improved traction Sticky rubber compound for the ultimate in traction Lightweight 6 ply casings Reinforced sidewalls Tread profile adds larger footprint on ground For off highway use only",https://www.cyclegear.com/_a/product_images/1515/0214/kenda_kutter_tires.jpg,""
10595124,P1189335,"Kenda K6022 Kozmik Tires",kenda-k6022-kozmik-tires,Tires,N/A,"Scooter","Dot Tire / Scooter Tire",49.95,0.00,0.00,0,"Honda, Yamaha, Vespa, Suzuki, Piaggio, Kymco","Honda PCX150 / Ruckus, Yamaha Zuma / XMAX, Vespa Primavera / GTS 300, Suzuki Burgman 400",2005 - 2025,"Kenda K6022 Kozmik Tires The Kenda K6022 Kozmik Tires utilize a dual compound rubber formulation that enhances grip during cornering while also promoting durability. Designed with sipes and reservoirs, it effectively channels water away from the contact surface, ensuring excellent traction in wet conditions.","Dual Compound rubber provides both cornering confidence and excellent longevity Specialized sipes and reservoirs evacuate water from contact surface for excellent wet weather traction DOT and E-Mark Approved Tubeless design",https://www.cyclegear.com/_a/product_images/2594/7399/kenda_k6022_kozmik_tires.jpg,""
158862,P43302,"IRC iX-07S Tires",irc-ix-07s-tires,Tires,IRC Tires,"Dirt Bike / Off-Road","Dirt Bike Tire / Intermediate Terrain / Soft Terrain / Non Dot Tire",35.96,47.95,0.00,0,"Honda, Yamaha, KTM, Kawasaki, Suzuki, Husqvarna, GasGas","Honda CRF250R / CRF450R, Yamaha YZ250F / YZ450F, KTM 250 SX-F / 450 SX-F, Kawasaki KX250 / KX450, Suzuki RM-Z250 / RM-Z450, Husqvarna FC 250 / FC 450",1995 - 2025,"IRC iX-07S Tires","Light-weight Motocross tire with Mono-Flex Tire Technology Developed with insight from IRC’s racing and offroad experience Provides outstanding performance on soft to intermediate terrain Need your tire mounted? We’ve got you covered! Tire Mount Discount",https://www.cyclegear.com/_a/product_images/1837/4487/ircvx30_tires.jpg,""
10184749,P979981,"CST Surge I C7209 / ​C7210 Tires",cst-surge-i-c7209-c7210-tires,Tires,N/A,"Dirt Bike / Off-Road","Hard Terrain / Intermediate Terrain / Non Dot Tire / Dirt Bike Tire",94.46,105.99,0.00,0,"Honda, Yamaha, KTM, Kawasaki, Suzuki, Husqvarna, GasGas","Honda CRF250R / CRF450R, Yamaha YZ250F / YZ450F, KTM 250 SX-F / 450 SX-F, Kawasaki KX250 / KX450, Suzuki RM-Z250 / RM-Z450, Husqvarna FC 250 / FC 450",1995 - 2025,"CST Surge I C7209 / ​C7210 Tires The Surge Intermediate Tires from CST excel in a wide variety of intermediate terrains on the MX track or in the woods. The Surge was engineered with a tread pattern featuring a stable block pattern that provides predictable acceleration and braking. Like all CST tires, the Surge has a durable construction for lasting performance.","Intermediate to hard terrain tire Tube type design (TT) Ready for the MX track or woods Stable block pattern provides predictable acceleration and braking Predictable grip during acceleration and braking Stable block tread pattern holds tight in corners Need your tire mounted? We’ve got you covered! Tire Mount Discount",https://www.cyclegear.com/_a/product_images/1821/6747/cst_surge_i_tires.jpg,""
10622935,P1199096,"Kenda Ibex Trials Tire",kenda-ibex-trials-tire,Tires,N/A,"Dirt Bike / Off-Road","Trials Tire / Hard Terrain / Non Dot Tire",106.99,0.00,0.00,0,"Honda, Yamaha, KTM, Kawasaki, Suzuki, Husqvarna, GasGas","Honda CRF250R / CRF450R, Yamaha YZ250F / YZ450F, KTM 250 SX-F / 450 SX-F, Kawasaki KX250 / KX450, Suzuki RM-Z250 / RM-Z450, Husqvarna FC 250 / FC 450",1995 - 2025,"Kenda Ibex K7104 / K7105 Trials Tire Designed for the rigors of trials competition, the Kenda Ibex Tires provide superior traction on a variety of challenging terrains, including slick rock ledges and logs. Its advanced soft compound adapts to the terrain effectively at lower pressures, while reinforced sidewalls ensure durability without compromising flexibility for precise maneuvering. The tuned carcass of the Ibex Trials promotes a balanced and responsive feel, enhancing the rider's ability to navigate slow-speed obstacles.","A performance trials tire built with soft, sticky compounds and flexible sidewall Precision-Focused Performance : Built for riders who demand accuracy and control in the most technical trials conditions Exceptional Grip : Hooks up on rocky ledges, slick climbs, and uneven terrain with confidence Advanced Compound & Reinforced Sidewalls: Delivers a balance of durability and control without sacrificing flexibility Responsive, Flexible Feel: Maintains the compliance needed for quick reactions and precise line choice Balanced Grip & Comfort: Designed to handle demanding trials terrain while keeping rider fatigue in check Compound and reinforced sidewalls deliver control and durability Flexibility for fast response Radial rear construction Tube type (TT) Notes : It is recommended to change your valve stem, tube and/or rim strip when installing a new tire. Shop Here! Need your tire mounted? We’ve got you covered! Tire Mount Discount",https://www.cyclegear.com/_a/product_images/2631/0685/kenda_ibex_trials_tire.jpg,""